district_code,district_name,category,student_group,2021_2022_student_count_year_to_date,2021_2022_attendance_rate_year_to_date,2020_2021_student_count,2020_2021_attendance_rate,2019_2020_student_count,2019_2020_attendance_rate,reporting_period,date_update,attendance_cluster,risk_label
00000CT,Connecticut,Unknown,All Students,0.9999999999999999,0.7937819756001572,0.9999999999999999,0.8023952095808387,0.9999999999999999,0.7552841709722884,Jun-22,2022-07-22,0,Medium Risk
00000CT,Connecticut,Homelessness,Students Experiencing Homelessness,0.0035860993673353125,0.4706808343171982,0.0034571594445967522,0.42348636061210954,0.0076643728630839255,0.47581023954908463,Jun-22,2022-07-22,2,High Risk
00000CT,Connecticut,Students With Disabilities,Students With Disabilities,0.15671094320010395,0.6875245966155052,0.1541449628279766,0.6866267465069864,0.15805801788615967,0.660403945514326,Jun-22,2022-07-22,0,Medium Risk
00000CT,Connecticut,Free/Reduced Lunch,Free Meal Eligible,0.33774899303369216,0.6686343959071235,0.3552004547726943,0.6583499667332005,0.3810271361291769,0.6777829967120717,Jun-22,2022-07-22,0,Medium Risk
00000CT,Connecticut,Free/Reduced Lunch,Reduced Price Meal Eligible,0.05973833868049933,0.7996851633215272,0.06222080665709816,0.8040585495675319,0.05407356696293323,0.7736026303428849,Jun-22,2022-07-22,0,Medium Risk
00000CT,Connecticut,Free/Reduced Lunch,Free/Reduced Price Meal Eligible,0.39752731052542156,0.6883116883116887,0.4174615781580093,0.6803060545575517,0.4351400479220027,0.6899953029591366,Jun-22,2022-07-22,0,Medium Risk
00000CT,Connecticut,English Learners,English Learners,0.08705586039399119,0.717827626918536,0.0818409424438388,0.687292082501664,0.08929899316580305,0.7130108031939884,Jun-22,2022-07-22,0,Medium Risk
00000CT,Connecticut,Race/Ethnicity,All other races,0.09730842653393701,0.8508461235733962,0.0953873631247077,0.8652694610778444,0.09293248820638723,0.7928604978863323,Jun-22,2022-07-22,1,Low Risk
00000CT,Connecticut,Race/Ethnicity,Black or African American,0.12609117167901013,0.7040535222353403,0.1254797690657808,0.6816367265469068,0.12625755912544312,0.7186472522310945,Jun-22,2022-07-22,0,Medium Risk
00000CT,Connecticut,Race/Ethnicity,Hispanic/Latino of any race,0.29240102745544866,0.7016922471467923,0.2786692254350175,0.6962741184298076,0.26938027958436117,0.700328792860498,Jun-22,2022-07-22,0,Medium Risk
00000CT,Connecticut,Race/Ethnicity,White,0.48407943789791413,0.8602912239275873,0.5003426921898434,0.878576180971391,0.5113116385941304,0.7853452325035235,Jun-22,2022-07-22,1,Low Risk
00000CT,Connecticut,High Needs,Students Without High Needs,0.48191658421036854,0.8839039748130659,0.47649333161315294,0.9095143047238858,0.47526587268799936,0.8149365899483332,Jun-22,2022-07-22,1,Low Risk
00000CT,Connecticut,High Needs,Students With High Needs,0.49617502723556517,0.7091696182605274,0.506378106403909,0.703260146373919,0.5246947824821079,0.6998590887740725,Jun-22,2022-07-22,0,Medium Risk
10011,Andover School District,Unknown,All Students,0.00028185061917183896,0.8791814246359699,0.0002499637149446048,0.9308050565535599,0.0002714793262591329,0.7660873649600752,Jun-22,2022-07-22,1,Low Risk
10011,Andover School District,Students With Disabilities,Students With Disabilities,5.996821684507207e-06,0.8512396694214877,0.0006692576884000709,0.8356620093147042,0.0006767310741532008,0.7595115077501173,Jun-22,2022-07-22,1,Low Risk
10011,Andover School District,Free/Reduced Lunch,Free/Reduced Price Meal Eligible,1.9989405615024032e-05,0.835104289649744,2.2174200519279452e-05,0.8423153692614775,3.344310540873376e-05,0.7186472522310945,Jun-22,2022-07-22,1,Low Risk
10011,Andover School District,Race/Ethnicity,White,0.00022787922401127405,0.8709169618260528,0.00019150445903014078,0.9371257485029942,0.00021246208142019097,0.7552841709722884,Jun-22,2022-07-22,1,Low Risk
10011,Andover School District,High Needs,Students Without High Needs,0.00018590147221972354,0.888626524990161,0.00016126691286748698,0.9547571523619429,0.00017311725152756302,0.7895725692813524,Jun-22,2022-07-22,1,Low Risk
10011,Andover School District,High Needs,Students With High Needs,5.59703357220673e-05,0.8563557654466742,4.838007386024609e-05,0.8752495009980041,5.901724483894194e-05,0.7130108031939884,Jun-22,2022-07-22,1,Low Risk
20011,Ansonia School District,Unknown,All Students,0.004235755049823594,0.7449822904368357,0.004299779064329372,0.6789753825681974,0.004259077835876976,0.7242837012682006,Jun-22,2022-07-22,0,Medium Risk
20011,Ansonia School District,Students With Disabilities,Students With Disabilities,0.0006976302559643389,0.6867375049193232,0.0007539228176555015,0.602129075182968,0.0007691914244008764,0.6885861906998594,Jun-22,2022-07-22,0,Medium Risk
20011,Ansonia School District,Free/Reduced Lunch,Free Meal Eligible,0.002342758338080817,0.6851633215269581,0.002412956183779774,0.5904856952761146,0.002541676011063766,0.6768435885392208,Jun-22,2022-07-22,0,Medium Risk
20011,Ansonia School District,Free/Reduced Lunch,Reduced Price Meal Eligible,0.0004097828151079928,0.8382526564344741,0.0003890564272928123,0.7824351297405197,0.00024983966981818753,0.794739314232034,Jun-22,2022-07-22,1,Low Risk
20011,Ansonia School District,Free/Reduced Lunch,Free/Reduced Price Meal Eligible,0.002792519964418858,0.7087760724124359,0.002842329339289458,0.6190951430472396,0.0028308605107745816,0.6890558947862848,Jun-22,2022-07-22,0,Medium Risk
20011,Ansonia School District,English Learners,English Learners,0.00020389193727324517,0.7981109799291617,0.00019956780467351513,0.6882900864936801,0.00021442932291482235,0.7679661813057779,Jun-22,2022-07-22,0,Medium Risk
20011,Ansonia School District,Race/Ethnicity,All other races,0.0002578633324338101,0.8024399842581658,0.00029431211598316374,0.7395209580838324,0.0002950862241947097,0.7421324565523726,Jun-22,2022-07-22,0,Medium Risk
20011,Ansonia School District,Race/Ethnicity,Black or African American,0.0008275613924619952,0.7221566312475405,0.0008083504007482784,0.6024617431803065,0.0008144379787773986,0.724753405354627,Jun-22,2022-07-22,0,Medium Risk
20011,Ansonia School District,Race/Ethnicity,Hispanic/Latino of any race,0.001932975522972824,0.7249114521841795,0.0018666645164411618,0.6373918829008653,0.0017764190696521523,0.7022076092061997,Jun-22,2022-07-22,0,Medium Risk
20011,Ansonia School District,Race/Ethnicity,White,0.0010974183682648196,0.7807949626131445,0.0012095018465061525,0.776779773785762,0.0012551000735748319,0.7501174260216068,Jun-22,2022-07-22,0,Medium Risk
20011,Ansonia School District,High Needs,Students Without High Needs,0.001015461805243221,0.8402203856749311,0.001070409134157945,0.833998669328011,0.0011154259274560026,0.7970878346641621,Jun-22,2022-07-22,1,Low Risk
20011,Ansonia School District,High Needs,Students With High Needs,0.0030483843562911657,0.7146792601338059,0.003110435581931655,0.626081170991351,0.003104307078528346,0.697040864255519,Jun-22,2022-07-22,0,Medium Risk
30011,Ashford School District,Unknown,All Students,0.0006456578013652764,0.8488783943329397,0.0006531309971133222,0.8875582168995346,0.0006452552102390984,0.8050728041333963,Jun-22,2022-07-22,1,Low Risk
30011,Ashford School District,Students With Disabilities,Students With Disabilities,5.197245459906249e-05,0.8268398268398269,5.442758309277685e-05,0.895209580838324,7.082069380673033e-05,0.7501174260216068,Jun-22,2022-07-22,1,Low Risk
30011,Ashford School District,Free/Reduced Lunch,Free Meal Eligible,0.00014392372042817307,0.7929948839039747,0.00015723524004579981,0.7980705256154361,0.0006767310741532008,0.7595115077501173,Jun-22,2022-07-22,0,Medium Risk
30011,Ashford School District,Free/Reduced Lunch,Reduced Price Meal Eligible,1.998940561502398e-06,0.7957497048406137,1.6126691286748698e-05,0.845642049234864,0.0006767310741532008,0.7595115077501173,Jun-22,2022-07-22,1,Low Risk
30011,Ashford School District,Free/Reduced Lunch,Free/Reduced Price Meal Eligible,0.00018590147221972354,0.7933884297520661,0.00021367865954942023,0.8083832335329348,0.0002163965644094538,0.7543447627994366,Jun-22,2022-07-22,0,Medium Risk
30011,Ashford School District,Race/Ethnicity,Hispanic/Latino of any race,2.1988346176526444e-05,0.7796143250688705,1.411085487590511e-05,0.8403193612774453,3.934482989262795e-06,0.6961014560826682,Jun-22,2022-07-22,0,Medium Risk
30011,Ashford School District,Race/Ethnicity,White,0.0005257213676751321,0.8646202282565913,0.0005483075037494557,0.9035262807717901,0.0005468931355075285,0.8154062940347577,Jun-22,2022-07-22,1,Low Risk
30011,Ashford School District,High Needs,Students Without High Needs,0.00033782095489390626,0.8787878787878785,0.0003205179893241304,0.9328010645375917,0.00031869312213028645,0.8431188351338657,Jun-22,2022-07-22,1,Low Risk
30011,Ashford School District,High Needs,Students With High Needs,0.0002498675701878005,0.8083431719795358,0.00027213791546388426,0.8310046573519632,0.0002872172582161841,0.7632691404415217,Jun-22,2022-07-22,1,Low Risk
40011,Avon School District,Unknown,All Students,0.0060707824852828,0.9071231798504522,0.006194665290522343,0.911177644710579,0.006133858980260698,0.8041333959605446,Jun-22,2022-07-22,1,Low Risk
40011,Avon School District,Students With Disabilities,Students With Disabilities,0.0006076779306967308,0.8087367178276264,0.0005745133770904223,0.8073852295409187,0.0006098448633357333,0.728041333959605,Jun-22,2022-07-22,0,Medium Risk
40011,Avon School District,Free/Reduced Lunch,Free Meal Eligible,0.0004117817556694952,0.7843368752459661,0.0003305971713783483,0.7551563539587494,0.00043869485330280173,0.7130108031939884,Jun-22,2022-07-22,0,Medium Risk
40011,Avon School District,Free/Reduced Lunch,Reduced Price Meal Eligible,7.995762246009614e-05,0.7359307359307357,6.24909287361512e-05,0.8230206254158356,5.3115520355047736e-05,0.7017379051197752,Jun-22,2022-07-22,0,Medium Risk
40011,Avon School District,Free/Reduced Lunch,Free/Reduced Price Meal Eligible,0.0005317181893596394,0.774104683195592,0.00043340482833137124,0.7701264138389892,0.0005311552035504773,0.7111319868482857,Jun-22,2022-07-22,0,Medium Risk
40011,Avon School District,English Learners,English Learners,0.00011194067144413462,0.8902007083825265,0.00014110854875905112,0.9045242847638062,0.00016524828554903743,0.7346171911695629,Jun-22,2022-07-22,1,Low Risk
40011,Avon School District,Race/Ethnicity,All other races,0.0013832668685596632,0.9409681227863049,0.001445354706574852,0.9574184963406522,0.0014459224985540775,0.8323156411460788,Jun-22,2022-07-22,1,Low Risk
40011,Avon School District,Race/Ethnicity,Black or African American,0.0003178315492788822,0.8154269972451789,0.0003064071344482252,0.8040585495675319,0.0002793482922376585,0.7548144668858621,Jun-22,2022-07-22,0,Medium Risk
40011,Avon School District,Race/Ethnicity,Hispanic/Latino of any race,0.00040178705286198315,0.8646202282565913,0.00041526230063377895,0.8423153692614775,0.00038361209145312255,0.7745420385157358,Jun-22,2022-07-22,1,Low Risk
40011,Avon School District,Race/Ethnicity,White,0.0038479605808921275,0.9075167256985437,0.003906690964214872,0.9108449767132405,0.003906941608337956,0.8008454673555665,Jun-22,2022-07-22,1,Low Risk
40011,Avon School District,High Needs,Students Without High Needs,0.004811449931536286,0.9307359307359309,0.00500129013530294,0.9311377245508985,0.00493974339301944,0.822451855331142,Jun-22,2022-07-22,1,Low Risk
40011,Avon School District,High Needs,Students With High Needs,0.0011333992983718628,0.8142463597009049,0.0010603299521037269,0.8203592814371263,0.0011547707573486305,0.7261625176139033,Jun-22,2022-07-22,0,Medium Risk
50011,Barkhamsted School District,Unknown,All Students,0.0003578103605089303,0.8473042109405742,0.0003487396990759406,0.9367930805056557,0.0003521362275390202,0.7994363550962893,Jun-22,2022-07-22,1,Low Risk
50011,Barkhamsted School District,Students With Disabilities,Students With Disabilities,4.9973514037560094e-05,0.7756788665879575,4.838007386024609e-05,0.8968729208250172,7.082069380673033e-05,0.7820573038985437,Jun-22,2022-07-22,1,Low Risk
50011,Barkhamsted School District,Free/Reduced Lunch,Free/Reduced Price Meal Eligible,4.797457347605768e-05,0.8213301849665484,4.63642374494025e-05,0.9128409846972727,6.688621081746754e-05,0.7806481916392674,Jun-22,2022-07-22,1,Low Risk
50011,Barkhamsted School District,Race/Ethnicity,White,0.000311834727594375,0.8492719401810307,0.00031245464368075604,0.9351297405189625,0.00031869312213028645,0.7956787224048858,Jun-22,2022-07-22,1,Low Risk
50011,Barkhamsted School District,High Needs,Students Without High Needs,0.00020788981839625002,0.8724911452184179,0.00019755196826267153,0.9577511643379912,0.00018295345900072,0.8186942226397376,Jun-22,2022-07-22,1,Low Risk
50011,Barkhamsted School District,High Needs,Students With High Needs,0.0001059438497596274,0.8024399842581658,0.00010280765695302294,0.9041916167664676,0.00012983793864567225,0.7740723344293094,Jun-22,2022-07-22,1,Low Risk
70011,Berlin School District,Unknown,All Students,0.005183252875975733,0.8614718614718613,0.005362124852843942,0.8848968729208253,0.005272207205612146,0.7942696101456086,Jun-22,2022-07-22,1,Low Risk
70011,Berlin School District,Students With Disabilities,Students With Disabilities,0.0007296133049483774,0.7548209366391183,0.0007720653453530938,0.7874251497005988,0.0007436172849706683,0.6975105683419454,Jun-22,2022-07-22,0,Medium Risk
70011,Berlin School District,Free/Reduced Lunch,Free Meal Eligible,0.0008175666896544831,0.7426210153482882,0.0009756648228482961,0.7654690618762476,0.0009521448834015964,0.7083137623297331,Jun-22,2022-07-22,0,Medium Risk
70011,Berlin School District,Free/Reduced Lunch,Reduced Price Meal Eligible,0.0002158855806422596,0.7847304210940571,0.00021367865954942023,0.8815701929474384,0.00012393621416177807,0.7853452325035235,Jun-22,2022-07-22,1,Low Risk
70011,Berlin School District,Free/Reduced Lunch,Free/Reduced Price Meal Eligible,0.0010734310815267907,0.7520661157024793,0.0012296602106145883,0.788755821689954,0.0011154259274560026,0.7195866604039454,Jun-22,2022-07-22,0,Medium Risk
70011,Berlin School District,English Learners,English Learners,0.00014992054211268027,0.7945690672963397,0.00017134609492170492,0.8037258815701933,0.00014951035359198625,0.7242837012682006,Jun-22,2022-07-22,0,Medium Risk
70011,Berlin School District,Race/Ethnicity,All other races,0.00034381777657841345,0.8890200708382525,0.0003608347175410021,0.8772455089820363,0.00033443105408733763,0.8248003757632691,Jun-22,2022-07-22,1,Low Risk
70011,Berlin School District,Race/Ethnicity,Black or African American,8.795338470610576e-05,0.83392365210547,0.00011490267541808448,0.8306719893546246,8.45913842691501e-05,0.7524659464537349,Jun-22,2022-07-22,1,Low Risk
70011,Berlin School District,Race/Ethnicity,Hispanic/Latino of any race,0.0005936853467662139,0.7469500196772922,0.0006067667596639197,0.776779773785762,0.0005764017579269995,0.7012682010333489,Jun-22,2022-07-22,0,Medium Risk
70011,Berlin School District,Race/Ethnicity,White,0.004037859934234856,0.8780007870916959,0.0041586705155703205,0.9041916167664676,0.004158748519650775,0.8060122123062472,Jun-22,2022-07-22,1,Low Risk
70011,Berlin School District,High Needs,Students Without High Needs,0.003470160814768173,0.9039748130657217,0.0035136028641003726,0.9218230206254163,0.003576445037239881,0.8257397839361209,Jun-22,2022-07-22,1,Low Risk
70011,Berlin School District,High Needs,Students With High Needs,0.0016411302009934734,0.7748917748917745,0.0017860310600074183,0.8123752495009984,0.001656417338479637,0.7256928135274778,Jun-22,2022-07-22,0,Medium Risk
80011,Bethany School District,Unknown,All Students,0.0007416069483173918,0.9197166469893743,0.0006773210340434453,0.9165003326679977,0.0006570586592068869,0.7994363550962893,Jun-22,2022-07-22,1,Low Risk
80011,Bethany School District,Students With Disabilities,Students With Disabilities,6.796397909108173e-05,0.8972845336481696,5.644341950362044e-05,0.8978709248170329,5.114827886041634e-05,0.776890558947863,Jun-22,2022-07-22,1,Low Risk
80011,Bethany School District,Free/Reduced Lunch,Free/Reduced Price Meal Eligible,5.996821684507211e-05,0.8862652499016135,5.241174668193327e-05,0.7817697937458417,5.7050003344310544e-05,0.7209957726632226,Jun-22,2022-07-22,1,Low Risk
80011,Bethany School District,Race/Ethnicity,All other races,4.3976692353052873e-05,0.9161747343565523,0.0006692576884000709,0.8356620093147042,1.5737931957051186e-05,0.8619069985908876,Jun-22,2022-07-22,1,Low Risk
80011,Bethany School District,Race/Ethnicity,White,0.0005736959411511899,0.9244391971664698,0.0005442758309277685,0.9184963406520299,0.0005429586525182657,0.8046031000469709,Jun-22,2022-07-22,1,Low Risk
80011,Bethany School District,High Needs,Students Without High Needs,0.0005197245459906249,0.9295552931916569,0.0004777532293699301,0.939121756487026,0.00047213795871153553,0.8168154062940349,Jun-22,2022-07-22,1,Low Risk
80011,Bethany School District,High Needs,Students With High Needs,0.0001699099477277043,0.8953168044077131,0.00015118773081326903,0.8549567531603461,0.00014557587060272343,0.7510568341944577,Jun-22,2022-07-22,1,Low Risk
90011,Bethel School District,Unknown,All Students,0.006160734810550408,0.8748524203069654,0.0061120159976777565,0.8729208250166338,0.006019758973572077,0.794739314232034,Jun-22,2022-07-22,1,Low Risk
90011,Bethel School District,Students With Disabilities,Students With Disabilities,0.0007695921161784254,0.8075560802833532,0.000707558580206099,0.7508316699933468,0.0007219776285297229,0.7332080789102866,Jun-22,2022-07-22,0,Medium Risk
90011,Bethel School District,Free/Reduced Lunch,Free Meal Eligible,0.0013312944139606008,0.8158205430932703,0.0014231805060555727,0.7747837658017303,0.0014793656039628113,0.7538750587130112,Jun-22,2022-07-22,0,Medium Risk
90011,Bethel School District,Free/Reduced Lunch,Reduced Price Meal Eligible,0.00039379129061597356,0.887052341597796,0.00042937315550968405,0.8636061210911516,0.00038361209145312255,0.8017848755284174,Jun-22,2022-07-22,1,Low Risk
90011,Bethel School District,Free/Reduced Lunch,Free/Reduced Price Meal Eligible,0.0017650645158066225,0.8331365604092875,0.0018928703897821285,0.7967398536260815,0.0019023225253085618,0.7642085486143735,Jun-22,2022-07-22,1,Low Risk
90011,Bethel School District,English Learners,English Learners,0.00029384426254085334,0.8366784730421095,0.0003285813349675047,0.7854291417165675,0.00039738278191554235,0.7679661813057779,Jun-22,2022-07-22,1,Low Risk
90011,Bethel School District,Race/Ethnicity,All other races,0.000727614364386875,0.9142070051160958,0.0006894160525085068,0.9208250166334002,0.0006668948666800438,0.8215124471582902,Jun-22,2022-07-22,1,Low Risk
90011,Bethel School District,Race/Ethnicity,Black or African American,0.0002158855806422596,0.885871704053522,0.00018344111338676643,0.85395874916833,0.00015934656106514323,0.7895725692813524,Jun-22,2022-07-22,1,Low Risk
90011,Bethel School District,Race/Ethnicity,Hispanic/Latino of any race,0.0014472329665277401,0.8622589531680442,0.0013465787224435162,0.8220226214238195,0.0013082155939298796,0.8013151714419919,Jun-22,2022-07-22,1,Low Risk
90011,Bethel School District,Race/Ethnicity,White,0.003650065465303389,0.8709169618260528,0.003771629924688352,0.8825681969394545,0.0037672674622191266,0.7876937529356507,Jun-22,2022-07-22,1,Low Risk
90011,Bethel School District,High Needs,Students Without High Needs,0.0036000919512658293,0.9031877213695392,0.003493444499991937,0.9254823685961413,0.0035115260679170453,0.815875998121184,Jun-22,2022-07-22,1,Low Risk
90011,Bethel School District,High Needs,Students With High Needs,0.002390732911556875,0.835104289649744,0.0024633520940508637,0.8040585495675319,0.0024688880757624044,0.7642085486143735,Jun-22,2022-07-22,1,Low Risk
110011,Bloomfield School District,Unknown,All Students,0.0034261841224151202,0.8425816607634791,0.0034994920092244674,0.8326679973386564,0.003714151941864079,0.7801784875528419,Jun-22,2022-07-22,1,Low Risk
110011,Bloomfield School District,Students With Disabilities,Students With Disabilities,0.0006976302559643389,0.7768595041322315,0.0006611943427566965,0.7395209580838324,0.0006767310741532008,0.730389854391734,Jun-22,2022-07-22,0,Medium Risk
110011,Bloomfield School District,Free/Reduced Lunch,Free Meal Eligible,0.0015092001239343147,0.7981109799291617,0.0017699043687206695,0.776779773785762,0.0019456018381904523,0.7515265382808831,Jun-22,2022-07-22,0,Medium Risk
110011,Bloomfield School District,Free/Reduced Lunch,Reduced Price Meal Eligible,0.00028584850029484375,0.8492719401810307,0.00034470802625425343,0.8436460412508322,0.0003501689860443888,0.7975575387505875,Jun-22,2022-07-22,1,Low Risk
110011,Bloomfield School District,Free/Reduced Lunch,Free/Reduced Price Meal Eligible,0.0018350274354592066,0.8071625344352618,0.0021549291231917947,0.788755821689954,0.0023351156541274692,0.7590418036636919,Jun-22,2022-07-22,0,Medium Risk
110011,Bloomfield School District,English Learners,English Learners,0.00013392901762066103,0.8142463597009049,0.00011288683900724088,0.7824351297405197,0.00011410000668862107,0.7294504462188822,Jun-22,2022-07-22,0,Medium Risk
110011,Bloomfield School District,Race/Ethnicity,All other races,0.0001619141854816947,0.8118850846123573,0.00013102936670483317,0.8283433133732538,0.00015344483658124905,0.758102395490841,Jun-22,2022-07-22,1,Low Risk
110011,Bloomfield School District,Race/Ethnicity,Black or African American,0.002504672523562512,0.8634395907123178,0.002687109935654502,0.8466400532268796,0.002864303616183315,0.8013151714419919,Jun-22,2022-07-22,1,Low Risk
110011,Bloomfield School District,Race/Ethnicity,Hispanic/Latino of any race,0.0005517075949746634,0.7733175914994095,0.0004676740473157122,0.7544910179640723,0.00046230175123837845,0.6899953029591366,Jun-22,2022-07-22,0,Medium Risk
110011,Bloomfield School District,Race/Ethnicity,White,8.795338470610576e-05,0.7878787878787881,9.272847489880502e-05,0.8453093812375254,0.00011606724818325249,0.7050258337247532,Jun-22,2022-07-22,0,Medium Risk
110011,Bloomfield School District,High Needs,Students Without High Needs,0.001173378109601911,0.8949232585596221,0.0010482349336386654,0.9128409846972727,0.0011154259274560026,0.8238609675904183,Jun-22,2022-07-22,1,Low Risk
110011,Bloomfield School District,High Needs,Students With High Needs,0.002138866400807572,0.8134592680047223,0.0023766711283845893,0.79707252162342,0.0025593811845154484,0.7599812118365437,Jun-22,2022-07-22,0,Medium Risk
120011,Bolton School District,Unknown,All Students,0.0014492319070892425,0.8976780794962611,0.0014735764163266623,0.8652694610778444,0.0014695293964896543,0.7604509159229691,Jun-22,2022-07-22,1,Low Risk
120011,Bolton School District,Students With Disabilities,Students With Disabilities,0.00011993643369014423,0.7855175127902401,0.00012498185747230242,0.655023286759814,0.00013180518014030366,0.672616251761391,Jun-22,2022-07-22,0,Medium Risk
120011,Bolton School District,Free/Reduced Lunch,Free Meal Eligible,0.0002578633324338101,0.7406532861078317,0.00027616958828557145,0.5971390552228879,0.0002950862241947097,0.6918741193048383,Jun-22,2022-07-22,0,Medium Risk
120011,Bolton School District,Free/Reduced Lunch,Reduced Price Meal Eligible,2.1988346176526444e-05,0.7937819756001572,1.2095018465061523e-05,0.723552894211577,3.934482989262795e-06,0.6378581493658997,Jun-22,2022-07-22,0,Medium Risk
120011,Bolton School District,Free/Reduced Lunch,Free/Reduced Price Meal Eligible,0.0003198304898403846,0.7500983864620228,0.0003285813349675047,0.6151031270791756,0.00033836553707660045,0.6852982620948804,Jun-22,2022-07-22,0,Medium Risk
120011,Bolton School District,Race/Ethnicity,All other races,6.196715740657451e-05,0.8823297914207004,6.652260155783838e-05,0.8080505655355958,5.7050003344310544e-05,0.7313292625645849,Jun-22,2022-07-22,1,Low Risk
120011,Bolton School District,Race/Ethnicity,Black or African American,3.198304898403846e-05,0.8138528138528138,3.2253382573497395e-05,0.6207584830339328,4.131207138725935e-05,0.7083137623297331,Jun-22,2022-07-22,0,Medium Risk
120011,Bolton School District,Race/Ethnicity,Hispanic/Latino of any race,0.00013792689874366583,0.778827233372688,0.00012498185747230242,0.7015968063872258,0.00013377242163493505,0.7388445279473936,Jun-22,2022-07-22,0,Medium Risk
120011,Bolton School District,Race/Ethnicity,White,0.0010974183682648196,0.9224714679260129,0.001128868390072409,0.9085163007318697,0.0011193604104452655,0.7693752935650542,Jun-22,2022-07-22,1,Low Risk
120011,Bolton School District,High Needs,Students Without High Needs,0.0009774819345746753,0.9500196772924041,0.000981712332080827,0.955755156353959,0.000983620747315699,0.7928604978863323,Jun-22,2022-07-22,1,Low Risk
120011,Bolton School District,High Needs,Students With High Needs,0.0004157796367925,0.781188508461236,0.0004354206647422148,0.6699933466400534,0.0004465638192813273,0.6918741193048383,Jun-22,2022-07-22,0,Medium Risk
130011,Bozrah School District,Unknown,All Students,0.0002778527380488341,0.8976780794962611,0.000288264606750633,0.9204923486360612,0.0002950862241947097,0.7994363550962893,Jun-22,2022-07-22,1,Low Risk
130011,Bozrah School District,Students With Disabilities,Students With Disabilities,1.5991524492019223e-05,0.8402203856749311,1.2095018465061523e-05,0.8386560212907521,1.967241494631398e-05,0.6829497416627524,Jun-22,2022-07-22,1,Low Risk
130011,Bozrah School District,Free/Reduced Lunch,Free/Reduced Price Meal Eligible,8.795338470610576e-05,0.8823297914207004,8.668096566627424e-05,0.8998669328010651,9.83620747315699e-05,0.7571629873179901,Jun-22,2022-07-22,1,Low Risk
130011,Bozrah School District,Race/Ethnicity,Hispanic/Latino of any race,7.995762246009612e-06,0.8929555293191651,0.0006692576884000709,0.8356620093147042,0.0006767310741532008,0.7595115077501173,Jun-22,2022-07-22,1,Low Risk
130011,Bozrah School District,Race/Ethnicity,White,0.00019589617502723558,0.88823297914207,0.000219726168781951,0.9268130405854964,0.00022033104739871656,0.7975575387505875,Jun-22,2022-07-22,1,Low Risk
130011,Bozrah School District,High Needs,Students Without High Needs,0.00011393961200563701,0.9086973632428177,0.000126997693883146,0.9477711244178315,0.00012787069715104087,0.8435885392202911,Jun-22,2022-07-22,1,Low Risk
130011,Bozrah School District,High Needs,Students With High Needs,0.00011993643369014423,0.887052341597796,0.00011691851182892804,0.890884896872921,0.00012787069715104087,0.7548144668858621,Jun-22,2022-07-22,1,Low Risk
140011,Branford School District,Unknown,All Students,0.005011343987686526,0.8327430145611965,0.005061765227628247,0.8675981370592156,0.005228927892730256,0.8393612024424613,Jun-22,2022-07-22,1,Low Risk
140011,Branford School District,Students With Disabilities,Students With Disabilities,0.000603680049573726,0.78236914600551,0.000614830105307294,0.8083832335329348,0.0006550914177122554,0.7914513856270551,Jun-22,2022-07-22,0,Medium Risk
140011,Branford School District,Free/Reduced Lunch,Free Meal Eligible,0.0013452869978911176,0.7319952774498231,0.0014836555983808802,0.7594810379241523,0.0015541207807588044,0.8186942226397376,Jun-22,2022-07-22,0,Medium Risk
140011,Branford School District,Free/Reduced Lunch,Reduced Price Meal Eligible,0.00034581671713991585,0.8461235733963002,0.00035881888113015853,0.8835662009314706,0.00030688967316249804,0.8271488961953972,Jun-22,2022-07-22,1,Low Risk
140011,Branford School District,Free/Reduced Lunch,Free/Reduced Price Meal Eligible,0.0017310825262610815,0.7567886658795748,0.0018827912077279106,0.7857618097139056,0.0019003552838139303,0.8201033348990139,Jun-22,2022-07-22,0,Medium Risk
140011,Branford School District,English Learners,English Learners,0.00029184532197935095,0.8681621408894133,0.00025802706058797916,0.8719228210246177,0.0002577086357967131,0.8111789572569288,Jun-22,2022-07-22,1,Low Risk
140011,Branford School District,Race/Ethnicity,All other races,0.000539713951605649,0.8823297914207004,0.0005200857939976455,0.9068529607451765,0.0005370569280343715,0.859088774072335,Jun-22,2022-07-22,1,Low Risk
140011,Branford School District,Race/Ethnicity,Black or African American,0.00015391842323568506,0.8248720975993704,0.00017134609492170492,0.8100465735196276,0.00015934656106514323,0.865664631282292,Jun-22,2022-07-22,1,Low Risk
140011,Branford School District,Race/Ethnicity,Hispanic/Latino of any race,0.0007136217804563582,0.7516725698543882,0.0006551468335241658,0.7588157019294748,0.00063345176127131,0.7937999060591832,Jun-22,2022-07-22,0,Medium Risk
140011,Branford School District,Race/Ethnicity,White,0.0034841533986986898,0.8425816607634791,0.003594236320534116,0.8855622089155024,0.0037810381526815467,0.8426491310474402,Jun-22,2022-07-22,1,Low Risk
140011,Branford School District,High Needs,Students Without High Needs,0.002736549628696791,0.8803620621802439,0.0026649357351352224,0.9208250166334002,0.002868238099172578,0.855800845467356,Jun-22,2022-07-22,1,Low Risk
140011,Branford School District,High Needs,Students With High Needs,0.0021668515686686057,0.7784336875245965,0.002285958489896628,0.8077178975382568,0.0023213449636650496,0.8186942226397376,Jun-22,2022-07-22,0,Medium Risk
150011,Bridgeport School District,Unknown,All Students,0.03690444064645738,0.7304210940574576,0.03673660275121353,0.7062541583499669,0.03817038672033301,0.7026773132926261,Jun-22,2022-07-22,0,Medium Risk
150011,Bridgeport School District,Homelessness,Students Experiencing Homelessness,0.00020589087783474757,0.5127902400629671,0.00014514022158073828,0.30239520958083865,0.0001711500100329316,0.35885392202912136,Jun-22,2022-07-22,2,High Risk
150011,Bridgeport School District,Students With Disabilities,Students With Disabilities,0.006472569538144783,0.6320346320346317,0.0065776742085826255,0.602129075182968,0.007137152142522711,0.6223579145138558,Jun-22,2022-07-22,2,High Risk
150011,Bridgeport School District,Free/Reduced Lunch,Free Meal Eligible,0.019779516856066284,0.6753246753246755,0.021321501717492624,0.6506986027944115,0.025241675617615467,0.6651009863785822,Jun-22,2022-07-22,0,Medium Risk
150011,Bridgeport School District,Free/Reduced Lunch,Reduced Price Meal Eligible,0.0030763695241521993,0.8177882723337269,0.0026649357351352224,0.8013972055888225,0.0026439725687845985,0.7956787224048858,Jun-22,2022-07-22,1,Low Risk
150011,Bridgeport School District,Free/Reduced Lunch,Free/Reduced Price Meal Eligible,0.022895865191448532,0.6946084218811492,0.024026754180844715,0.6676646706586831,0.02792499301629269,0.6777829967120717,Jun-22,2022-07-22,0,Medium Risk
150011,Bridgeport School District,English Learners,English Learners,0.008309595914165493,0.77646595828414,0.007402151300617652,0.7265469061876249,0.008301759107344498,0.733677782996712,Jun-22,2022-07-22,0,Medium Risk
150011,Bridgeport School District,Race/Ethnicity,All other races,0.0015811619841484012,0.8236914600550964,0.0015320356722411264,0.8373253493013975,0.0016131380255977462,0.7829967120713954,Jun-22,2022-07-22,1,Low Risk
150011,Bridgeport School District,Race/Ethnicity,Black or African American,0.011054141305108293,0.7237308146399055,0.011633391926978341,0.6846307385229546,0.012377883484220755,0.7036167214654769,Jun-22,2022-07-22,0,Medium Risk
150011,Bridgeport School District,Race/Ethnicity,Hispanic/Latino of any race,0.020685036930426875,0.7225501770956315,0.01956167653082617,0.6972721224218232,0.019591758045034092,0.6899953029591366,Jun-22,2022-07-22,0,Medium Risk
150011,Bridgeport School District,Race/Ethnicity,White,0.003464163993083666,0.7548209366391183,0.00388854843651728,0.7628077178975388,0.004469572675802536,0.7256928135274778,Jun-22,2022-07-22,0,Medium Risk
150011,Bridgeport School District,High Needs,Students Without High Needs,0.007136217804563582,0.8209366391184569,0.007269106097501975,0.8310046573519632,0.006070907252432494,0.7909816815406296,Jun-22,2022-07-22,1,Low Risk
150011,Bridgeport School District,High Needs,Students With High Needs,0.02764334902501674,0.7072018890200704,0.0281975197148801,0.6763140385894881,0.03206013463800789,0.6857679661813059,Jun-22,2022-07-22,0,Medium Risk
170011,Bristol School District,Unknown,All Students,0.014830140025786333,0.8260527351436444,0.015086519698753405,0.7455089820359286,0.015076938814855032,0.7566932832315638,Jun-22,2022-07-22,0,Medium Risk
170011,Bristol School District,Homelessness,Students Experiencing Homelessness,8.995232526760816e-05,0.6894923258559622,7.458594720121273e-05,0.4441117764471061,0.0001888551834846142,0.489431658055425,Jun-22,2022-07-22,2,High Risk
170011,Bristol School District,Students With Disabilities,Students With Disabilities,0.002792519964418858,0.7406532861078317,0.002914899450079827,0.6101131071190955,0.0030138139697753015,0.6683889149835602,Jun-22,2022-07-22,0,Medium Risk
170011,Bristol School District,Free/Reduced Lunch,Free Meal Eligible,0.007046265479295973,0.7520661157024793,0.007057443274363399,0.6204258150365938,0.007280760771630803,0.7031470173790515,Jun-22,2022-07-22,0,Medium Risk
170011,Bristol School District,Free/Reduced Lunch,Reduced Price Meal Eligible,0.000831559273585,0.8421881149153876,0.0010280765695302296,0.7691284098469731,0.0007711586658955079,0.7698449976514796,Jun-22,2022-07-22,0,Medium Risk
170011,Bristol School District,Free/Reduced Lunch,Free/Reduced Price Meal Eligible,0.007917803564111021,0.7619047619047619,0.008125836572110499,0.6400532268795747,0.008091264267418938,0.7097228745890085,Jun-22,2022-07-22,0,Medium Risk
170011,Bristol School District,English Learners,English Learners,0.0008055730462854687,0.7772530499803225,0.0007599703268880324,0.6566866267465072,0.0008262414277451871,0.7313292625645849,Jun-22,2022-07-22,0,Medium Risk
170011,Bristol School District,Race/Ethnicity,All other races,0.001213356920831959,0.8406139315230221,0.0011893434823977164,0.7687957418496345,0.0011862466212627328,0.7952090183184595,Jun-22,2022-07-22,1,Low Risk
170011,Bristol School District,Race/Ethnicity,Black or African American,0.0011034151899493268,0.8327430145611965,0.0010865358254446935,0.6929474384564211,0.0010642776485955863,0.7590418036636919,Jun-22,2022-07-22,0,Medium Risk
170011,Bristol School District,Race/Ethnicity,Hispanic/Latino of any race,0.0051852518165372355,0.7646595828414009,0.004985163444016191,0.6287425149700603,0.0047410520020616685,0.7186472522310945,Jun-22,2022-07-22,0,Medium Risk
170011,Bristol School District,Race/Ethnicity,White,0.007208179664777668,0.8661944116489568,0.00770452676224419,0.8236859614105128,0.00796732805325716,0.7721935180836077,Jun-22,2022-07-22,1,Low Risk
170011,Bristol School District,High Needs,Students Without High Needs,0.005557054760976682,0.9201101928374658,0.0056080568949668595,0.890884896872921,0.005817133099625043,0.8205730389854393,Jun-22,2022-07-22,1,Low Risk
170011,Bristol School District,High Needs,Students With High Needs,0.008975243121145792,0.7705627705627704,0.009212372397555194,0.6563539587491687,0.00922046088533736,0.714889619539691,Jun-22,2022-07-22,0,Medium Risk
180011,Brookfield School District,Unknown,All Students,0.005047324917793569,0.8720975993703268,0.005118208647131868,0.8905522288755825,0.00502433477728859,0.8619069985908876,Jun-22,2022-07-22,1,Low Risk
180011,Brookfield School District,Students With Disabilities,Students With Disabilities,0.0006596503852957932,0.7874852420306966,0.0006753051976326016,0.8080505655355958,0.0006865672816263578,0.8464067637388446,Jun-22,2022-07-22,1,Low Risk
180011,Brookfield School District,Free/Reduced Lunch,Free Meal Eligible,0.000717619661579363,0.7796143250688705,0.0007821445274073118,0.8100465735196276,0.0008400121182076068,0.844527947393142,Jun-22,2022-07-22,1,Low Risk
180011,Brookfield School District,Free/Reduced Lunch,Reduced Price Meal Eligible,0.00022987816457277645,0.8457300275482096,0.0002035994774952023,0.8399866932801068,0.00013967414611882925,0.855800845467356,Jun-22,2022-07-22,1,Low Risk
180011,Brookfield School District,Free/Reduced Lunch,Free/Reduced Price Meal Eligible,0.0009874766373821873,0.7969303423848877,0.001026060733119386,0.8166999334664009,0.001019031094219064,0.8464067637388446,Jun-22,2022-07-22,1,Low Risk
180011,Brookfield School District,English Learners,English Learners,0.0001699099477277043,0.8744588744588739,0.00014110854875905112,0.8589487691284101,0.0001868879419899828,0.8628464067637394,Jun-22,2022-07-22,1,Low Risk
180011,Brookfield School District,Race/Ethnicity,All other races,0.0004437648046535336,0.9153876426603698,0.0004696898837265558,0.9417831004657353,0.00041902243835648773,0.9032409581963368,Jun-22,2022-07-22,1,Low Risk
180011,Brookfield School District,Race/Ethnicity,Black or African American,0.00010794279032112979,0.9193231011412828,9.474431130964859e-05,0.874584165003327,7.278793530136172e-05,0.8755284170972288,Jun-22,2022-07-22,1,Low Risk
180011,Brookfield School District,Race/Ethnicity,Hispanic/Latino of any race,0.0006916334342798317,0.8240850059031875,0.000614830105307294,0.8489687292082508,0.0005488603770021599,0.8449976514795683,Jun-22,2022-07-22,1,Low Risk
180011,Brookfield School District,Race/Ethnicity,White,0.00368404745484893,0.8736717827626919,0.003817994162137754,0.8915502328675986,0.0038656295369506968,0.859088774072335,Jun-22,2022-07-22,1,Low Risk
180011,Brookfield School District,High Needs,Students Without High Needs,0.003400197895115589,0.9039748130657217,0.0034370010804883164,0.918829008649368,0.0033836553707660044,0.8680131517144201,Jun-22,2022-07-22,1,Low Risk
180011,Brookfield School District,High Needs,Students With High Needs,0.0015611725785333772,0.8063754427390792,0.001578399909690529,0.8286759813705928,0.0016013345766299578,0.8482855800845464,Jun-22,2022-07-22,1,Low Risk
190011,Brooklyn School District,Unknown,All Students,0.0015671694002178844,0.8075560802833532,0.0015219564901869085,0.8166999334664009,0.001552153539264173,0.7773602630342893,Jun-22,2022-07-22,1,Low Risk
190011,Brooklyn School District,Students With Disabilities,Students With Disabilities,0.00023387604569578125,0.6918536009445098,0.00019755196826267153,0.6430472388556225,0.00021049483992555959,0.693752935650541,Jun-22,2022-07-22,0,Medium Risk
190011,Brooklyn School District,Free/Reduced Lunch,Free Meal Eligible,0.00037180294443944713,0.6698150334513975,0.0004495315196181199,0.6966067864271461,0.0004918103736578494,0.7430718647252235,Jun-22,2022-07-22,0,Medium Risk
190011,Brooklyn School District,Free/Reduced Lunch,Reduced Price Meal Eligible,6.996291965258413e-05,0.771743408107044,9.676014772049219e-05,0.7910844976713243,9.04931087530443e-05,0.7449506810709252,Jun-22,2022-07-22,0,Medium Risk
190011,Brooklyn School District,Free/Reduced Lunch,Free/Reduced Price Meal Eligible,0.0004817446753220793,0.6906729634002358,0.0005866083955554838,0.7178975382568202,0.0006216483123035216,0.7435415688116489,Jun-22,2022-07-22,0,Medium Risk
190011,Brooklyn School District,Race/Ethnicity,Hispanic/Latino of any race,0.00013992583930516828,0.6792601338055881,0.00015320356722411263,0.7411842980705257,0.00013967414611882925,0.7411930483795208,Jun-22,2022-07-22,0,Medium Risk
190011,Brooklyn School District,Race/Ethnicity,White,0.0012293484453239781,0.8256591892955529,0.001173216791110968,0.8276779773785767,0.0011921483457466272,0.7844058243306717,Jun-22,2022-07-22,1,Low Risk
190011,Brooklyn School District,High Needs,Students Without High Needs,0.000851548679200024,0.8823297914207004,0.0007559386540663452,0.9035262807717901,0.0008085362542935044,0.810239549084077,Jun-22,2022-07-22,1,Low Risk
190011,Brooklyn School District,High Needs,Students With High Needs,0.000613674752381238,0.7111373475009839,0.0006773210340434453,0.7212242182302067,0.0007042724550780404,0.7397839361202445,Jun-22,2022-07-22,0,Medium Risk
210011,Canaan School District,Unknown,All Students,0.00011393961200563701,0.8968909878000786,0.00010482349336386653,0.9234863606121095,9.639483323693851e-05,0.8154062940347577,Jun-22,2022-07-22,1,Low Risk
210011,Canaan School District,Free/Reduced Lunch,Free/Reduced Price Meal Eligible,5.996821684507207e-06,0.8925619834710745,4.031672821687174e-06,0.8752495009980041,3.934482989262795e-06,0.7797087834664165,Jun-22,2022-07-22,1,Low Risk
210011,Canaan School District,High Needs,Students Without High Needs,5.996821684507211e-05,0.890987800078709,4.233256462771534e-05,0.9683965402528281,4.131207138725935e-05,0.8205730389854393,Jun-22,2022-07-22,1,Low Risk
210011,Canaan School District,High Needs,Students With High Needs,1.3992583930516825e-05,0.9075167256985437,1.0079182054217936e-05,0.8928809048569528,1.5737931957051186e-05,0.8083607327383753,Jun-22,2022-07-22,1,Low Risk
220011,Canterbury School District,Unknown,All Students,0.0008175666896544831,0.7855175127902401,0.0007942395458723733,0.9045242847638062,0.0008085362542935044,0.8088304368248007,Jun-22,2022-07-22,1,Low Risk
220011,Canterbury School District,Students With Disabilities,Students With Disabilities,4.9973514037560094e-05,0.6938213301849667,6.0475092325307616e-05,0.8915502328675986,6.688621081746754e-05,0.7496477219351814,Jun-22,2022-07-22,0,Medium Risk
220011,Canterbury School District,Free/Reduced Lunch,Free Meal Eligible,0.00013792689874366583,0.7312081857536401,0.00013506103952652034,0.8712574850299406,0.00024000346234503056,0.7566932832315638,Jun-22,2022-07-22,0,Medium Risk
220011,Canterbury School District,Free/Reduced Lunch,Reduced Price Meal Eligible,2.9984108422536048e-05,0.717827626918536,2.620587334096664e-05,0.8772455089820363,1.7705173451682583e-05,0.8154062940347577,Jun-22,2022-07-22,1,Low Risk
220011,Canterbury School District,Free/Reduced Lunch,Free/Reduced Price Meal Eligible,0.00020788981839625002,0.7276662731208186,0.00020158364108435872,0.8729208250166338,0.00029705346568934107,0.767026773132927,Jun-22,2022-07-22,0,Medium Risk
220011,Canterbury School District,Race/Ethnicity,Hispanic/Latino of any race,3.198304898403846e-05,0.7406532861078317,2.822170975181022e-05,0.8123752495009984,1.5737931957051186e-05,0.7524659464537349,Jun-22,2022-07-22,0,Medium Risk
220011,Canterbury School District,Race/Ethnicity,White,0.0007316122455098798,0.7910271546635186,0.0007035269073844119,0.9115103127079176,0.0007219776285297229,0.8130577736026305,Jun-22,2022-07-22,1,Low Risk
220011,Canterbury School District,High Needs,Students Without High Needs,0.0004897404375680889,0.8185753640299089,0.000463642374494025,0.919161676646707,0.00041705519686185635,0.8393612024424613,Jun-22,2022-07-22,1,Low Risk
220011,Canterbury School District,High Needs,Students With High Needs,0.0002618612135568149,0.7233372687918145,0.0002600428969988227,0.8835662009314706,0.0003521362275390202,0.7726632221700331,Jun-22,2022-07-22,0,Medium Risk
230011,Canton School District,Unknown,All Students,0.0028824722896864663,0.8673750491932308,0.003003596252156945,0.8888888888888893,0.003015781211269933,0.7566932832315638,Jun-22,2022-07-22,1,Low Risk
230011,Canton School District,Students With Disabilities,Students With Disabilities,0.0003738018850009495,0.7634789452971269,0.0003749455724169072,0.8313373253493017,0.00039148105743164814,0.7167684358853927,Jun-22,2022-07-22,0,Medium Risk
230011,Canton School District,Free/Reduced Lunch,Free/Reduced Price Meal Eligible,0.0004857425564450841,0.8189689098780004,0.00043340482833137124,0.8063872255489026,0.00040131726490480517,0.7341474870831384,Jun-22,2022-07-22,0,Medium Risk
230011,Canton School District,Race/Ethnicity,All other races,0.00011593855256713941,0.8453364817001181,0.00012901353029398958,0.9001996007984032,0.00011606724818325249,0.728041333959605,Jun-22,2022-07-22,1,Low Risk
230011,Canton School District,Race/Ethnicity,Black or African American,0.00013792689874366583,0.7087760724124359,0.00015320356722411263,0.764471057884232,0.00014360862910809205,0.6824800375763269,Jun-22,2022-07-22,0,Medium Risk
230011,Canton School District,Race/Ethnicity,Hispanic/Latino of any race,0.00014992054211268027,0.7886658795749706,0.00016126691286748698,0.83433133732535,0.00019082242497924558,0.7059652418976041,Jun-22,2022-07-22,0,Medium Risk
230011,Canton School District,Race/Ethnicity,White,0.0023587498625728363,0.887052341597796,0.002439162057120741,0.9021956087824354,0.002447248419321459,0.7684358853922024,Jun-22,2022-07-22,1,Low Risk
230011,Canton School District,High Needs,Students Without High Needs,0.001994942680379399,0.8949232585596221,0.0021851666693544487,0.911177644710579,0.0022131466814603227,0.7642085486143735,Jun-22,2022-07-22,1,Low Risk
230011,Canton School District,High Needs,Students With High Needs,0.0008335582141465024,0.8028335301062572,0.000727716944314535,0.8213572854291424,0.0007632896999169823,0.7355565993424147,Jun-22,2022-07-22,0,Medium Risk
240011,Chaplin School District,Unknown,All Students,0.0002458696890647957,0.8425816607634791,0.00021771033237110742,0.8572854291417169,0.00020656035693629676,0.8454673555659937,Jun-22,2022-07-22,1,Low Risk
240011,Chaplin School District,Free/Reduced Lunch,Free/Reduced Price Meal Eligible,9.395020639061298e-05,0.8189689098780004,6.652260155783838e-05,0.8320026613439788,8.262414277451872e-05,0.8205730389854393,Jun-22,2022-07-22,1,Low Risk
240011,Chaplin School District,Race/Ethnicity,White,0.00020189299671174277,0.8532073986619442,0.00018545694979761002,0.8636061210911516,0.0001711500100329316,0.8454673555659937,Jun-22,2022-07-22,1,Low Risk
240011,Chaplin School District,High Needs,Students Without High Needs,9.794808751361778e-05,0.8693427784336873,8.264929284458708e-05,0.8825681969394545,6.688621081746754e-05,0.8736496007515271,Jun-22,2022-07-22,1,Low Risk
240011,Chaplin School District,High Needs,Students With High Needs,0.0001019459686366226,0.8134592680047223,8.264929284458708e-05,0.8296739853626085,0.0001003293162262013,0.8219821512447156,Jun-22,2022-07-22,1,Low Risk
250011,Cheshire School District,Unknown,All Students,0.008193657361598354,0.9106650924832742,0.008262913448047863,0.939121756487026,0.00802437805660147,0.798027242837013,Jun-22,2022-07-22,1,Low Risk
250011,Cheshire School District,Students With Disabilities,Students With Disabilities,0.0010134628646817185,0.7969303423848877,0.0010139657146543244,0.830006653359947,0.001009194886745907,0.6857679661813059,Jun-22,2022-07-22,0,Medium Risk
250011,Cheshire School District,Free/Reduced Lunch,Free Meal Eligible,0.0008795338470610576,0.8099173553719003,0.0009071263848796143,0.8479707252162347,0.0008695207406270778,0.7045561296383278,Jun-22,2022-07-22,1,Low Risk
250011,Cheshire School District,Free/Reduced Lunch,Reduced Price Meal Eligible,0.0002678580352413221,0.8925619834710745,0.00031850215291328676,0.9135063206919498,0.00023213449636650497,0.7919210897134805,Jun-22,2022-07-22,1,Low Risk
250011,Cheshire School District,Free/Reduced Lunch,Free/Reduced Price Meal Eligible,0.0011873706935324278,0.8307752853207395,0.001265945266009773,0.8656021290751834,0.0011410000668862108,0.7242837012682006,Jun-22,2022-07-22,1,Low Risk
250011,Cheshire School District,English Learners,English Learners,0.00015191948267418267,0.9177489177489178,0.00011490267541808448,0.9021956087824354,7.475517679599313e-05,0.7839361202442463,Jun-22,2022-07-22,1,Low Risk
250011,Cheshire School District,Race/Ethnicity,All other races,0.0010134628646817185,0.9181424635970088,0.0010220290602976987,0.9530938123752497,0.0009560793663908593,0.8271488961953972,Jun-22,2022-07-22,1,Low Risk
250011,Cheshire School District,Race/Ethnicity,Black or African American,0.00022987816457277645,0.8925619834710745,0.00021771033237110742,0.870592149035263,0.0001967241494631398,0.7820573038985437,Jun-22,2022-07-22,1,Low Risk
250011,Cheshire School District,Race/Ethnicity,Hispanic/Latino of any race,0.0005816917033971995,0.8681621408894133,0.000497911593478366,0.9208250166334002,0.00045049830227059015,0.745890089243777,Jun-22,2022-07-22,1,Low Risk
250011,Cheshire School District,Race/Ethnicity,White,0.006248688195256515,0.9146005509641872,0.006404312277250077,0.9411177644710582,0.006303041748798998,0.798027242837013,Jun-22,2022-07-22,1,Low Risk
250011,Cheshire School District,High Needs,Students Without High Needs,0.006038799436298762,0.9397874852420309,0.006031382541244013,0.9650698602794412,0.006043365871507654,0.8238609675904183,Jun-22,2022-07-22,1,Low Risk
250011,Cheshire School District,High Needs,Students With High Needs,0.002038919372732452,0.8292011019283745,0.0021085648857423925,0.8642714570858288,0.0019416673552011899,0.7172381399718182,Jun-22,2022-07-22,1,Low Risk
260011,Chester School District,Unknown,All Students,0.0003877944689314663,0.9488390397481301,0.00037897724523859437,0.9514304723885565,0.0003304965710980748,0.8698919680601227,Jun-22,2022-07-22,1,Low Risk
260011,Chester School District,Students With Disabilities,Students With Disabilities,1.7990465053521628e-05,0.941755214482487,8.063345643374349e-06,0.9331337325349307,9.836207473156994e-06,0.8276186002818227,Jun-22,2022-07-22,1,Low Risk
260011,Chester School District,Free/Reduced Lunch,Free/Reduced Price Meal Eligible,6.796397909108173e-05,0.9071231798504522,6.652260155783838e-05,0.9138389886892888,4.5246554376522146e-05,0.8210427430718648,Jun-22,2022-07-22,1,Low Risk
260011,Chester School District,Race/Ethnicity,White,0.00034181883601691105,0.9531680440771346,0.00032656549855666114,0.9587491683300069,0.0002852500167215527,0.8670737435415692,Jun-22,2022-07-22,1,Low Risk
260011,Chester School District,High Needs,Students Without High Needs,0.0002498675701878005,0.9661550570641477,0.0002257736780144818,0.9693945442448437,0.00021442932291482235,0.8891498356035701,Jun-22,2022-07-22,1,Low Risk
260011,Chester School District,High Needs,Students With High Needs,9.395020639061298e-05,0.9161747343565523,9.272847489880502e-05,0.9178310046573523,7.672241829062451e-05,0.8276186002818227,Jun-22,2022-07-22,1,Low Risk
270011,Clinton School District,Unknown,All Students,0.0029444394470930406,0.8807556080283354,0.0030822138721798447,0.8829008649367935,0.003155455357388762,0.7435415688116489,Jun-22,2022-07-22,1,Low Risk
270011,Clinton School District,Students With Disabilities,Students With Disabilities,0.0003638071821934375,0.7678079496261314,0.00037897724523859437,0.8280106453759148,0.00038951381593701676,0.6834194457491787,Jun-22,2022-07-22,0,Medium Risk
270011,Clinton School District,Free/Reduced Lunch,Free Meal Eligible,0.0007595974133709134,0.8229043683589139,0.0008224612556241835,0.7954091816367272,0.0008537828086700266,0.6984499765147962,Jun-22,2022-07-22,0,Medium Risk
270011,Clinton School District,Free/Reduced Lunch,Reduced Price Meal Eligible,0.00021188769951925482,0.8807556080283354,0.00024794787853376125,0.8825681969394545,0.00020065863245240259,0.7228745890089243,Jun-22,2022-07-22,1,Low Risk
270011,Clinton School District,Free/Reduced Lunch,Free/Reduced Price Meal Eligible,0.001011463924120216,0.8366784730421095,0.0011107258623748166,0.817365269461078,0.0010937862710150572,0.7036167214654769,Jun-22,2022-07-22,1,Low Risk
270011,Clinton School District,English Learners,English Learners,0.00021188769951925482,0.885871704053522,0.0001733619313325485,0.8017298735861615,0.00015934656106514323,0.7543447627994366,Jun-22,2022-07-22,1,Low Risk
270011,Clinton School District,Race/Ethnicity,Hispanic/Latino of any race,0.0006076779306967308,0.885871704053522,0.0006067667596639197,0.8466400532268796,0.0005488603770021599,0.7726632221700331,Jun-22,2022-07-22,1,Low Risk
270011,Clinton School District,Race/Ethnicity,White,0.0021268727574385578,0.8780007870916959,0.0022738634714315666,0.8915502328675986,0.0024118380724180936,0.7407233442930954,Jun-22,2022-07-22,1,Low Risk
270011,Clinton School District,High Needs,Students Without High Needs,0.0016051492708864302,0.9173553719008263,0.001650970020480898,0.9254823685961413,0.0017488776887273126,0.7726632221700331,Jun-22,2022-07-22,1,Low Risk
270011,Clinton School District,High Needs,Students With High Needs,0.0012693272565540263,0.8343171979535615,0.0013586737409085779,0.8316699933466403,0.0013672328387688215,0.7054955378111796,Jun-22,2022-07-22,1,Low Risk
280011,Colchester School District,Unknown,All Students,0.004239752930946599,0.8524203069657617,0.0041808447160896,0.8729208250166338,0.004249241628403819,0.7759511507750121,Jun-22,2022-07-22,1,Low Risk
280011,Colchester School District,Students With Disabilities,Students With Disabilities,0.0005657001789051803,0.7843368752459661,0.0005866083955554838,0.8010645375914844,0.0005882052068947879,0.6914044152184129,Jun-22,2022-07-22,0,Medium Risk
280011,Colchester School District,Free/Reduced Lunch,Free Meal Eligible,0.000777587878424435,0.777646595828414,0.000727716944314535,0.7341982701264143,0.0007809948733686648,0.6824800375763269,Jun-22,2022-07-22,0,Medium Risk
280011,Colchester School District,Free/Reduced Lunch,Reduced Price Meal Eligible,0.00015391842323568506,0.7874852420306966,0.00018545694979761002,0.8210246174318034,0.0001809862175060886,0.7097228745890085,Jun-22,2022-07-22,0,Medium Risk
280011,Colchester School District,Free/Reduced Lunch,Free/Reduced Price Meal Eligible,0.0009714851128901683,0.7796143250688705,0.0009534906223290167,0.7541583499667333,0.0010013259207673816,0.6881164866134339,Jun-22,2022-07-22,0,Medium Risk
280011,Colchester School District,English Learners,English Learners,2.9984108422536048e-05,0.8162140889413618,0.0006692576884000709,0.8356620093147042,0.0006767310741532008,0.7595115077501173,Jun-22,2022-07-22,1,Low Risk
280011,Colchester School District,Race/Ethnicity,All other races,0.0002778527380488341,0.8752459661550573,0.0002640745698205099,0.8675981370592156,0.00023803622085039912,0.8384217942696104,Jun-22,2022-07-22,1,Low Risk
280011,Colchester School District,Race/Ethnicity,Black or African American,2.598622729953124e-05,0.8390397481306571,3.426921898434099e-05,0.7741184298070531,3.1475863914102365e-05,0.7731329262564586,Jun-22,2022-07-22,0,Medium Risk
280011,Colchester School District,Race/Ethnicity,Hispanic/Latino of any race,0.0003238283709633894,0.8095238095238098,0.0002963279523940073,0.8010645375914844,0.0002714793262591329,0.7468294974166279,Jun-22,2022-07-22,0,Medium Risk
280011,Colchester School District,Race/Ethnicity,White,0.0034921491609446994,0.8547815820543092,0.0034652227902401264,0.8822355289421164,0.003590215727702301,0.7736026303428849,Jun-22,2022-07-22,1,Low Risk
280011,Colchester School District,High Needs,Students Without High Needs,0.002768532677680829,0.88823297914207,0.0027415375187472787,0.919161676646707,0.002819057061806793,0.8163457022076095,Jun-22,2022-07-22,1,Low Risk
280011,Colchester School District,High Needs,Students With High Needs,0.0013872647496826682,0.7870916961826051,0.0013687529229627958,0.7827677977378578,0.0013908397367043983,0.6942226397369655,Jun-22,2022-07-22,0,Medium Risk
290011,Colebrook School District,Unknown,All Students,0.00010994173088263219,0.8221172766627309,0.00011691851182892804,0.911177644710579,0.0001042637992154641,0.8511038046030999,Jun-22,2022-07-22,1,Low Risk
290011,Colebrook School District,Free/Reduced Lunch,Free/Reduced Price Meal Eligible,0.0,0.7831562377016921,6.047509232530762e-06,0.9048569527611448,0.0006767310741532008,0.7595115077501173,Jun-22,2022-07-22,1,Low Risk
290011,Colebrook School District,Race/Ethnicity,White,0.0001019459686366226,0.8201495474222744,0.00010482349336386653,0.9088489687292087,9.246035024767572e-05,0.8539220291216534,Jun-22,2022-07-22,1,Low Risk
290011,Colebrook School District,High Needs,Students Without High Needs,4.797457347605768e-05,0.8315623770169225,3.628505539518457e-05,0.9101796407185634,4.5246554376522146e-05,0.8581493658994841,Jun-22,2022-07-22,1,Low Risk
290011,Colebrook School District,High Needs,Students With High Needs,2.1988346176526444e-05,0.8087367178276264,3.426921898434099e-05,0.9135063206919498,1.967241494631398e-05,0.8407703147017385,Jun-22,2022-07-22,1,Low Risk
300011,Columbia School District,Unknown,All Students,0.0007855836406704447,0.9224714679260129,0.0007640019997097196,0.8872255489021956,0.0007278793530136171,0.794739314232034,Jun-22,2022-07-22,1,Low Risk
300011,Columbia School District,Students With Disabilities,Students With Disabilities,4.5975632914555285e-05,0.9153876426603698,4.233256462771534e-05,0.8120425815036598,5.3115520355047736e-05,0.7054955378111796,Jun-22,2022-07-22,1,Low Risk
300011,Columbia School District,Free/Reduced Lunch,Free/Reduced Price Meal Eligible,0.00013992583930516828,0.8992522628886266,0.00014514022158073828,0.8073852295409187,0.00013967414611882925,0.7642085486143735,Jun-22,2022-07-22,1,Low Risk
300011,Columbia School District,Race/Ethnicity,Hispanic/Latino of any race,3.7979870668545667e-05,0.9264069264069263,2.0158364108435872e-05,0.8586161011310716,1.7705173451682583e-05,0.8431188351338657,Jun-22,2022-07-22,1,Low Risk
300011,Columbia School District,Race/Ethnicity,White,0.000663648266418798,0.9256198347107438,0.0006490993242916351,0.898868928809049,0.0006373862442605728,0.7919210897134805,Jun-22,2022-07-22,1,Low Risk
300011,Columbia School District,High Needs,Students Without High Needs,0.0005377150110441466,0.9299488390397483,0.0004938799206566788,0.9158349966733201,0.00048590864917395527,0.8088304368248007,Jun-22,2022-07-22,1,Low Risk
300011,Columbia School District,High Needs,Students With High Needs,0.00020189299671174277,0.9067296340023612,0.00020158364108435872,0.8170326014637395,0.00020262587394703397,0.7642085486143735,Jun-22,2022-07-22,1,Low Risk
310011,Cornwall School District,Unknown,All Students,0.0001699099477277043,0.8783943329397874,0.00019755196826267153,0.9308050565535599,0.00013770690462419784,0.7900422733677788,Jun-22,2022-07-22,1,Low Risk
310011,Cornwall School District,Free/Reduced Lunch,Free/Reduced Price Meal Eligible,2.398728673802884e-05,0.9008264462809916,0.0,0.9471057884231544,0.0006767310741532008,0.7595115077501173,Jun-22,2022-07-22,1,Low Risk
310011,Cornwall School District,Race/Ethnicity,White,0.00013392901762066103,0.8713105076741439,0.00015521940363495622,0.9254823685961413,9.44275917423071e-05,0.7844058243306717,Jun-22,2022-07-22,1,Low Risk
310011,Cornwall School District,High Needs,Students Without High Needs,8.195656302159855e-05,0.8610783156237702,0.00011288683900724088,0.9218230206254163,7.278793530136172e-05,0.7994363550962893,Jun-22,2022-07-22,1,Low Risk
310011,Cornwall School District,High Needs,Students With High Needs,4.3976692353052873e-05,0.9031877213695392,2.0158364108435872e-05,0.9424484364604129,2.5574139430208172e-05,0.7745420385157358,Jun-22,2022-07-22,1,Low Risk
320011,Coventry School District,Unknown,All Students,0.0030563801185371753,0.8433687524596616,0.003051976326017191,0.874916833000666,0.0030688967316249804,0.7341474870831384,Jun-22,2022-07-22,1,Low Risk
320011,Coventry School District,Students With Disabilities,Students With Disabilities,0.00037180294443944713,0.7020857929948838,0.00037292973600606364,0.7465069860279447,0.00039738278191554235,0.6434945984030058,Jun-22,2022-07-22,0,Medium Risk
320011,Coventry School District,Free/Reduced Lunch,Free Meal Eligible,0.0004777467941990745,0.6796536796536801,0.0005684658678578915,0.7428476380572193,0.0006059103803464704,0.6209488022545804,Jun-22,2022-07-22,0,Medium Risk
320011,Coventry School District,Free/Reduced Lunch,Reduced Price Meal Eligible,0.00013992583930516828,0.8406139315230221,0.00014514022158073828,0.8443113772455093,0.00010229655772083269,0.7101925786754348,Jun-22,2022-07-22,1,Low Risk
320011,Coventry School District,Free/Reduced Lunch,Free/Reduced Price Meal Eligible,0.0006576514447342908,0.721763085399449,0.0007539228176555015,0.7664670658682637,0.0007475517679599312,0.6373884452794742,Jun-22,2022-07-22,0,Medium Risk
320011,Coventry School District,Race/Ethnicity,Hispanic/Latino of any race,0.0001719088882892067,0.7489177489177488,0.00018344111338676643,0.8077178975382568,0.0001809862175060886,0.6688586190699866,Jun-22,2022-07-22,0,Medium Risk
320011,Coventry School District,Race/Ethnicity,White,0.00264459836286768,0.8571428571428568,0.002636714025383412,0.8875582168995346,0.0026538087762577557,0.7454203851573507,Jun-22,2022-07-22,1,Low Risk
320011,Coventry School District,High Needs,Students Without High Needs,0.002064905600031983,0.8937426210153485,0.00198358302827009,0.9238190286094481,0.002032160463954234,0.7736026303428849,Jun-22,2022-07-22,1,Low Risk
320011,Coventry School District,High Needs,Students With High Needs,0.0009275084205371153,0.7382920110192837,0.0009978390233675758,0.7777777777777781,0.0009973914377781187,0.6533583842179436,Jun-22,2022-07-22,0,Medium Risk
330011,Cromwell School District,Unknown,All Students,0.0037040368604639544,0.9024006296733571,0.003858310890354626,0.8978709248170329,0.0037436605642835502,0.874589008924378,Jun-22,2022-07-22,1,Low Risk
330011,Cromwell School District,Students With Disabilities,Students With Disabilities,0.0003817976472469591,0.8402203856749311,0.00036889806318437645,0.8266799733865606,0.0003619724350121772,0.8323156411460788,Jun-22,2022-07-22,1,Low Risk
330011,Cromwell School District,Free/Reduced Lunch,Free Meal Eligible,0.0007216175427023678,0.8315623770169225,0.0007841603638181554,0.8033932135728548,0.0007947655638310847,0.837952090183185,Jun-22,2022-07-22,1,Low Risk
330011,Cromwell School District,Free/Reduced Lunch,Reduced Price Meal Eligible,0.0001699099477277043,0.832349468713105,0.0002035994774952023,0.8572854291417169,0.00016131380255977464,0.880225457961485,Jun-22,2022-07-22,1,Low Risk
330011,Cromwell School District,Free/Reduced Lunch,Free/Reduced Price Meal Eligible,0.0009315063016601202,0.8315623770169225,0.0010280765695302296,0.8157019294743852,0.0009954241962834873,0.8464067637388446,Jun-22,2022-07-22,1,Low Risk
330011,Cromwell School District,English Learners,English Learners,0.00015791630435868991,0.8048012593467138,0.00016328274927833057,0.7840984697272124,0.00015344483658124905,0.8572099577266323,Jun-22,2022-07-22,1,Low Risk
330011,Cromwell School District,Race/Ethnicity,All other races,0.0003598093010704327,0.8961038961038961,0.0003668822267735329,0.8958749168330011,0.00035410346903365163,0.886801315171442,Jun-22,2022-07-22,1,Low Risk
330011,Cromwell School District,Race/Ethnicity,Black or African American,0.00021188769951925482,0.8996458087367176,0.00024794787853376125,0.8236859614105128,0.0002577086357967131,0.8412400187881639,Jun-22,2022-07-22,1,Low Risk
330011,Cromwell School District,Race/Ethnicity,Hispanic/Latino of any race,0.0004677520913915625,0.8492719401810307,0.00044751568320727634,0.8230206254158356,0.000385579332947754,0.8360732738374832,Jun-22,2022-07-22,1,Low Risk
330011,Cromwell School District,Race/Ethnicity,White,0.00254465133479256,0.9142070051160958,0.00267501491718944,0.919161676646707,0.0026282346368275474,0.8830436824800376,Jun-22,2022-07-22,1,Low Risk
330011,Cromwell School District,High Needs,Students Without High Needs,0.0023967297332413823,0.9366391184573,0.0024331145478882097,0.939454424484365,0.0024000346234503054,0.8905589478628464,Jun-22,2022-07-22,1,Low Risk
330011,Cromwell School District,High Needs,Students With High Needs,0.0012613314943080167,0.8398268398268396,0.0013566579044977344,0.8250166333998674,0.0013042811109406167,0.8449976514795683,Jun-22,2022-07-22,1,Low Risk
340011,Danbury School District,Unknown,All Students,0.023513537824952774,0.7926013380558832,0.02305108935799642,0.7964071856287429,0.02301279100419809,0.7604509159229691,Jun-22,2022-07-22,0,Medium Risk
340011,Danbury School District,Homelessness,Students Experiencing Homelessness,9.994702807512016e-06,0.6843762298307752,0.0006692576884000709,0.8356620093147042,2.3606897935576775e-05,0.5547205260685768,Jun-22,2022-07-22,0,Medium Risk
340011,Danbury School District,Students With Disabilities,Students With Disabilities,0.0028225040728413944,0.7249114521841795,0.002852408521343676,0.7129075182967402,0.0028859432726242606,0.6589948332550497,Jun-22,2022-07-22,0,Medium Risk
340011,Danbury School District,Free/Reduced Lunch,Free Meal Eligible,0.009325057719408714,0.7634789452971269,0.00980704413875405,0.7415169660678647,0.010552283377202817,0.7266322217003296,Jun-22,2022-07-22,0,Medium Risk
340011,Danbury School District,Free/Reduced Lunch,Reduced Price Meal Eligible,0.002302779526850769,0.8248720975993704,0.0024593204212291766,0.8120425815036598,0.0018511742464481454,0.7881634570220761,Jun-22,2022-07-22,1,Low Risk
340011,Danbury School District,Free/Reduced Lunch,Free/Reduced Price Meal Eligible,0.011667816057489531,0.7756788665879575,0.012306681288200099,0.7558216899534269,0.012442802453543591,0.7360263034288401,Jun-22,2022-07-22,0,Medium Risk
340011,Danbury School District,English Learners,English Learners,0.0070382697170499635,0.7721369539551359,0.006273282910545243,0.7578176979374587,0.006773212466015903,0.7660873649600752,Jun-22,2022-07-22,0,Medium Risk
340011,Danbury School District,Race/Ethnicity,All other races,0.0019429702257803365,0.8166076347894529,0.001991646373913464,0.8429807052561546,0.001937732872211927,0.7665570690465007,Jun-22,2022-07-22,1,Low Risk
340011,Danbury School District,Race/Ethnicity,Black or African American,0.0015291895295493386,0.7701692247146794,0.0016529858568917416,0.7811044577511645,0.001636744923533323,0.6829497416627524,Jun-22,2022-07-22,0,Medium Risk
340011,Danbury School District,Race/Ethnicity,Hispanic/Latino of any race,0.014316412301480216,0.781188508461236,0.01218976277637117,0.7691284098469731,0.011618528267293034,0.7660873649600752,Jun-22,2022-07-22,0,Medium Risk
340011,Danbury School District,Race/Ethnicity,White,0.00560502933445274,0.8185753640299089,0.007095744166169427,0.8330006653359949,0.007701750451481922,0.7679661813057779,Jun-22,2022-07-22,1,Low Risk
340011,Danbury School District,High Needs,Students Without High Needs,0.006592505971834928,0.8638331365604093,0.006831669596348917,0.8858948769128414,0.006969936615479042,0.807891028651949,Jun-22,2022-07-22,1,Low Risk
340011,Danbury School District,High Needs,Students With High Needs,0.015555755449611706,0.7658402203856749,0.015624748020448642,0.7594810379241523,0.01600350955882642,0.7393142320338191,Jun-22,2022-07-22,0,Medium Risk
350011,Darien School District,Unknown,All Students,0.009305068313793689,0.9449035812672175,0.009299053363221467,0.9401197604790421,0.009157509157509156,0.8219821512447156,Jun-22,2022-07-22,1,Low Risk
350011,Darien School District,Students With Disabilities,Students With Disabilities,0.0015971535086404204,0.9102715466351832,0.0014776080891483496,0.9214903526280773,0.0015560880222534358,0.7999060591827147,Jun-22,2022-07-22,1,Low Risk
350011,Darien School District,Free/Reduced Lunch,Free Meal Eligible,5.39713951605649e-05,0.9027941755214477,2.4190036930123046e-05,0.9038589487691286,0.00011410000668862107,0.8548614372945043,Jun-22,2022-07-22,1,Low Risk
350011,Darien School District,Free/Reduced Lunch,Reduced Price Meal Eligible,2.398728673802884e-05,0.9700905155450608,1.6126691286748698e-05,0.9377910844976718,3.737758839799656e-05,0.8454673555659937,Jun-22,2022-07-22,1,Low Risk
350011,Darien School District,Free/Reduced Lunch,Free/Reduced Price Meal Eligible,0.00011793749312864181,0.9303423848878389,8.063345643374349e-05,0.918829008649368,0.00019082242497924558,0.8515735086895262,Jun-22,2022-07-22,1,Low Risk
350011,Darien School District,English Learners,English Learners,6.196715740657451e-05,0.9059425423061787,6.450676514699479e-05,0.9477711244178315,8.852586725841292e-05,0.7970878346641621,Jun-22,2022-07-22,1,Low Risk
350011,Darien School District,Race/Ethnicity,All other races,0.0008735370253765504,0.9803227075954348,0.0008164137463916528,0.9654025282767802,0.0007652569414116137,0.8412400187881639,Jun-22,2022-07-22,1,Low Risk
350011,Darien School District,Race/Ethnicity,Black or African American,3.398198954554086e-05,0.9425423061786695,4.434840103855892e-05,0.9530938123752497,5.901724483894194e-05,0.8882104274307192,Jun-22,2022-07-22,1,Low Risk
350011,Darien School District,Race/Ethnicity,Hispanic/Latino of any race,0.0005836906439587019,0.9271940181031089,0.0005604025222145172,0.9271457085828345,0.0004760724417007983,0.8093001409112262,Jun-22,2022-07-22,1,Low Risk
350011,Darien School District,Race/Ethnicity,White,0.007693922221222752,0.942148760330578,0.007756938508926124,0.9384564204923489,0.007739128039879919,0.8196336308125884,Jun-22,2022-07-22,1,Low Risk
350011,Darien School District,High Needs,Students Without High Needs,0.007454049353842464,0.9519874065328606,0.007547291522198391,0.9441117764471061,0.007326007326007325,0.8266791921089718,Jun-22,2022-07-22,1,Low Risk
350011,Darien School District,High Needs,Students With High Needs,0.0017570687535606129,0.9149940968122783,0.0016287958199616185,0.9231536926147705,0.0017921570016092034,0.8022545796148428,Jun-22,2022-07-22,1,Low Risk
360011,Deep River School District,Unknown,All Students,0.00037180294443944713,0.9496261314443135,0.00039308810011449947,0.9717232202262145,0.00042492416284038194,0.8186942226397376,Jun-22,2022-07-22,1,Low Risk
360011,Deep River School District,Students With Disabilities,Students With Disabilities,3.398198954554086e-05,0.9118457300275478,2.2174200519279452e-05,0.9384564204923489,2.9508622419470967e-05,0.8060122123062472,Jun-22,2022-07-22,1,Low Risk
360011,Deep River School District,Free/Reduced Lunch,Free/Reduced Price Meal Eligible,0.0001019459686366226,0.9122392758756397,0.00011893434823977164,0.9304723885562214,0.00013377242163493505,0.8154062940347577,Jun-22,2022-07-22,1,Low Risk
360011,Deep River School District,Race/Ethnicity,White,0.0003158326087173798,0.9531680440771346,0.00032656549855666114,0.9727212242182306,0.00034623450305512604,0.8130577736026305,Jun-22,2022-07-22,1,Low Risk
360011,Deep River School District,High Needs,Students Without High Needs,0.0001739078288507091,0.9740259740259738,0.0001894886226192972,1.0,0.00021836380590408518,0.8201033348990139,Jun-22,2022-07-22,1,Low Risk
360011,Deep River School District,High Needs,Students With High Needs,0.00014792160155117787,0.9220779220779218,0.00014917189440242544,0.9371257485029942,0.00016721552704366882,0.8172851103804604,Jun-22,2022-07-22,1,Low Risk
370011,Derby School District,Unknown,All Students,0.0024027265549258895,0.71900826446281,0.002437146220709897,0.7651363938789091,0.002394132898966411,0.7364960075152656,Jun-22,2022-07-22,0,Medium Risk
370011,Derby School District,Students With Disabilities,Students With Disabilities,0.0004297722207230168,0.6564344746162929,0.0004454998467964328,0.6852960745176317,0.0004642689927330099,0.6702677313292629,Jun-22,2022-07-22,0,Medium Risk
370011,Derby School District,Free/Reduced Lunch,Free Meal Eligible,0.00088153278762256,0.6332152695789057,0.001122820880839878,0.7029274783765804,0.0012767397300157773,0.6909347111319875,Jun-22,2022-07-22,0,Medium Risk
370011,Derby School District,Free/Reduced Lunch,Reduced Price Meal Eligible,0.000103944909198125,0.7611176702085793,0.00014110854875905112,0.8266799733865606,0.00016721552704366882,0.7834664161578209,Jun-22,2022-07-22,0,Medium Risk
370011,Derby School District,Free/Reduced Lunch,Free/Reduced Price Meal Eligible,0.001025456508050733,0.6501377410468323,0.001304246157815801,0.7195608782435134,0.001483300086952074,0.7031470173790515,Jun-22,2022-07-22,0,Medium Risk
370011,Derby School District,English Learners,English Learners,4.3976692353052873e-05,0.7146792601338059,4.0316728216871744e-05,0.8127079174983369,1.7705173451682583e-05,0.8309065288868016,Jun-22,2022-07-22,0,Medium Risk
370011,Derby School District,Race/Ethnicity,All other races,0.0001679110071662019,0.7150728059818969,0.0001733619313325485,0.732202262142382,0.00016918276853830023,0.7674964772193515,Jun-22,2022-07-22,0,Medium Risk
370011,Derby School District,Race/Ethnicity,Black or African American,0.000435769042407524,0.7162534435261705,0.0004313889919205277,0.7265469061876249,0.0004485310607759587,0.7120713950211375,Jun-22,2022-07-22,0,Medium Risk
370011,Derby School District,Race/Ethnicity,Hispanic/Latino of any race,0.0009494967667136419,0.6934277843368752,0.0009151897305229885,0.747837658017299,0.0008203397032612928,0.7360263034288401,Jun-22,2022-07-22,0,Medium Risk
370011,Derby School District,Race/Ethnicity,White,0.0007296133049483774,0.7540338449429362,0.000796255382283217,0.8147039254823691,0.0008380448767129754,0.7421324565523726,Jun-22,2022-07-22,0,Medium Risk
370011,Derby School District,High Needs,Students Without High Needs,0.0009774819345746753,0.7961432506887052,0.000800287055104904,0.837990685296075,0.000702305213583409,0.8107092531705025,Jun-22,2022-07-22,1,Low Risk
370011,Derby School District,High Needs,Students With High Needs,0.0012853187810460455,0.664305391578119,0.0014977664532567854,0.727544910179641,0.0016524828554903741,0.7050258337247532,Jun-22,2022-07-22,0,Medium Risk
390011,Eastford School District,Unknown,All Students,0.00021188769951925482,0.8795749704840614,0.00021569449596026382,0.8852295409181643,0.00021442932291482235,0.7905119774542042,Jun-22,2022-07-22,1,Low Risk
390011,Eastford School District,Free/Reduced Lunch,Free Meal Eligible,2.1988346176526444e-05,0.836284927194018,3.426921898434099e-05,0.793413173652695,5.114827886041634e-05,0.7782996712071402,Jun-22,2022-07-22,1,Low Risk
390011,Eastford School District,Free/Reduced Lunch,Free/Reduced Price Meal Eligible,2.1988346176526444e-05,0.836284927194018,3.426921898434099e-05,0.793413173652695,5.114827886041634e-05,0.7782996712071402,Jun-22,2022-07-22,1,Low Risk
390011,Eastford School District,Race/Ethnicity,White,0.0001719088882892067,0.8760330578512394,0.00016328274927833057,0.9001996007984032,0.0006767310741532008,0.7595115077501173,Jun-22,2022-07-22,1,Low Risk
390011,Eastford School District,High Needs,Students Without High Needs,0.00011393961200563701,0.9189295552931918,0.00010280765695302294,0.9214903526280773,9.04931087530443e-05,0.8154062940347577,Jun-22,2022-07-22,1,Low Risk
390011,Eastford School District,High Needs,Students With High Needs,4.9973514037560094e-05,0.83392365210547,6.652260155783838e-05,0.8330006653359949,8.45913842691501e-05,0.764678252700798,Jun-22,2022-07-22,1,Low Risk
400011,East Granby School District,Unknown,All Students,0.0016371323198704686,0.8457300275482096,0.0016126691286748698,0.7721224218230209,0.0015875638861675382,0.8027242837012682,Jun-22,2022-07-22,1,Low Risk
400011,East Granby School District,Students With Disabilities,Students With Disabilities,0.00019989405615024038,0.668240850059032,0.00020158364108435872,0.4876912840984704,0.00019475690796850838,0.7233442930953498,Jun-22,2022-07-22,2,High Risk
400011,East Granby School District,Free/Reduced Lunch,Free/Reduced Price Meal Eligible,0.00019789511558873798,0.6666666666666665,0.00016126691286748698,0.7092481703260152,0.0002163965644094538,0.728041333959605,Jun-22,2022-07-22,0,Medium Risk
400011,East Granby School District,Race/Ethnicity,All other races,0.00015591736379718746,0.8591105863833133,0.00013304520311567674,0.7980705256154361,0.00014557587060272343,0.807891028651949,Jun-22,2022-07-22,1,Low Risk
400011,East Granby School District,Race/Ethnicity,Black or African American,9.594914695211538e-05,0.7343565525383711,0.00010683932977471013,0.5871590153027282,9.44275917423071e-05,0.7515265382808831,Jun-22,2022-07-22,0,Medium Risk
400011,East Granby School District,Race/Ethnicity,Hispanic/Latino of any race,7.396080077558894e-05,0.6316410861865402,7.257011079036914e-05,0.7019294743845648,6.688621081746754e-05,0.7693752935650542,Jun-22,2022-07-22,0,Medium Risk
400011,East Granby School District,Race/Ethnicity,White,0.0011913685746554326,0.8764266036993309,0.0011792643003434985,0.7967398536260815,0.0011626397233271562,0.810239549084077,Jun-22,2022-07-22,1,Low Risk
400011,East Granby School District,High Needs,Students Without High Needs,0.0011633834067943988,0.8976780794962611,0.0011832959731651858,0.8240186294078513,0.001137065583896948,0.8252700798496946,Jun-22,2022-07-22,1,Low Risk
400011,East Granby School District,High Needs,Students With High Needs,0.00040378599342348555,0.7079889807162534,0.00037897724523859437,0.6204258150365938,0.00041115347237796214,0.7435415688116489,Jun-22,2022-07-22,0,Medium Risk
410011,East Haddam School District,Unknown,All Students,0.0018610136627587378,0.8811491538764264,0.0018384428066893516,0.9301397205588828,0.0018511742464481454,0.7928604978863323,Jun-22,2022-07-22,1,Low Risk
410011,East Haddam School District,Students With Disabilities,Students With Disabilities,0.00022787922401127405,0.8421881149153876,0.00021367865954942023,0.8775781769793749,0.0001868879419899828,0.7707844058243314,Jun-22,2022-07-22,1,Low Risk
410011,East Haddam School District,Free/Reduced Lunch,Free Meal Eligible,0.0003558114199474279,0.779220779220779,0.00028423293392894583,0.8649367930805059,0.00034820174454975743,0.7299201503053077,Jun-22,2022-07-22,1,Low Risk
410011,East Haddam School District,Free/Reduced Lunch,Reduced Price Meal Eligible,3.7979870668545667e-05,0.8492719401810307,4.0316728216871744e-05,0.8755821689953431,5.114827886041634e-05,0.776890558947863,Jun-22,2022-07-22,1,Low Risk
410011,East Haddam School District,Free/Reduced Lunch,Free/Reduced Price Meal Eligible,0.0004337701018460216,0.7910271546635186,0.00036486639036268926,0.8672654690618766,0.00043869485330280173,0.7388445279473936,Jun-22,2022-07-22,1,Low Risk
410011,East Haddam School District,Race/Ethnicity,Hispanic/Latino of any race,0.00020189299671174277,0.8236914600550964,4.233256462771534e-05,0.9091816367265473,0.0006767310741532008,0.7595115077501173,Jun-22,2022-07-22,1,Low Risk
410011,East Haddam School District,Race/Ethnicity,White,0.0015331874106723437,0.8890200708382525,0.0016691125481784904,0.9331337325349307,0.0016996966513615278,0.7933302019727568,Jun-22,2022-07-22,1,Low Risk
410011,East Haddam School District,High Needs,Students Without High Needs,0.0011913685746554326,0.9142070051160958,0.0012276443742037448,0.9520958083832336,0.0012334604171338865,0.813527477689056,Jun-22,2022-07-22,1,Low Risk
410011,East Haddam School District,High Needs,Students With High Needs,0.0005996821684507212,0.8197560015741829,0.0005362124852843942,0.8815701929474384,0.0005783689994216309,0.7505871301080322,Jun-22,2022-07-22,1,Low Risk
420011,East Hampton School District,Unknown,All Students,0.0033842063706235694,0.889807162534435,0.003505539518456998,0.9038589487691286,0.0034898864114761,0.794739314232034,Jun-22,2022-07-22,1,Low Risk
420011,East Hampton School District,Students With Disabilities,Students With Disabilities,0.0005037330214986058,0.8315623770169225,0.0004777532293699301,0.8406520292747843,0.0004701707172169041,0.7167684358853927,Jun-22,2022-07-22,1,Low Risk
420011,East Hampton School District,Free/Reduced Lunch,Free Meal Eligible,0.0005237224271136297,0.7390791027154662,0.0005301649760518634,0.7777777777777781,0.0005232862375719518,0.6946923438233918,Jun-22,2022-07-22,0,Medium Risk
420011,East Hampton School District,Free/Reduced Lunch,Reduced Price Meal Eligible,9.994702807512017e-05,0.8469106650924836,0.00011288683900724088,0.8642714570858288,6.885345231209892e-05,0.7778299671207138,Jun-22,2022-07-22,1,Low Risk
420011,East Hampton School District,Free/Reduced Lunch,Free/Reduced Price Meal Eligible,0.000663648266418798,0.7615112160566708,0.000683368543275976,0.7964071856287429,0.0006314845197766786,0.7087834664161576,Jun-22,2022-07-22,0,Medium Risk
420011,East Hampton School District,Race/Ethnicity,All other races,0.00011993643369014423,0.9256198347107438,0.0006692576884000709,0.8356620093147042,0.0006767310741532008,0.7595115077501173,Jun-22,2022-07-22,1,Low Risk
420011,East Hampton School District,Race/Ethnicity,Black or African American,1.998940561502398e-06,0.9075167256985437,0.0006692576884000709,0.8356620093147042,0.0006767310741532008,0.7595115077501173,Jun-22,2022-07-22,1,Low Risk
420011,East Hampton School District,Race/Ethnicity,Hispanic/Latino of any race,0.00019789511558873798,0.8854781582054305,0.0002056153139060459,0.8925482368596147,0.0001849207004953514,0.7905119774542042,Jun-22,2022-07-22,1,Low Risk
420011,East Hampton School District,Race/Ethnicity,White,0.0029444394470930406,0.8878394332939785,0.003072134690125627,0.9045242847638062,0.003090536388065926,0.7937999060591832,Jun-22,2022-07-22,1,Low Risk
420011,East Hampton School District,High Needs,Students Without High Needs,0.0023207699919042908,0.9275875639512003,0.0024492412391749585,0.9371257485029942,0.0024964294566872437,0.8238609675904183,Jun-22,2022-07-22,1,Low Risk
420011,East Hampton School District,High Needs,Students With High Needs,0.0009894755779436897,0.8040141676505312,0.0010059023690109502,0.8233532934131738,0.0009541121248962278,0.718177548144669,Jun-22,2022-07-22,0,Medium Risk
430011,East Hartford School District,Unknown,All Students,0.012205531068533677,0.7666273120818574,0.01256067667596639,0.7594810379241523,0.012804774888555767,0.7073743541568813,Jun-22,2022-07-22,0,Medium Risk
430011,East Hartford School District,Students With Disabilities,Students With Disabilities,0.002434709603909928,0.608421881149154,0.0025339063684303893,0.610778443113773,0.0026538087762577557,0.5523720056364496,Jun-22,2022-07-22,2,High Risk
430011,East Hartford School District,Free/Reduced Lunch,Free Meal Eligible,0.006636482664187981,0.6926406926406927,0.00640632811366092,0.671324018629408,0.007198136628856285,0.65054015969939,Jun-22,2022-07-22,0,Medium Risk
430011,East Hartford School District,Free/Reduced Lunch,Reduced Price Meal Eligible,0.0011134098927568388,0.836284927194018,0.000971633150026609,0.8489687292082508,0.0008223069447559242,0.7660873649600752,Jun-22,2022-07-22,1,Low Risk
430011,East Hartford School District,Free/Reduced Lunch,Free/Reduced Price Meal Eligible,0.007789871368174868,0.7138921684376229,0.007418277991904401,0.69560878243513,0.008059788403504835,0.6627524659464541,Jun-22,2022-07-22,0,Medium Risk
430011,East Hartford School District,English Learners,English Learners,0.0017590676941221153,0.7225501770956315,0.001767888532309826,0.6959414504324686,0.001839370797480357,0.672616251761391,Jun-22,2022-07-22,0,Medium Risk
430011,East Hartford School District,Race/Ethnicity,All other races,0.0009494967667136419,0.8449429358520266,0.0010220290602976987,0.8333333333333339,0.0011154259274560026,0.7505871301080322,Jun-22,2022-07-22,1,Low Risk
430011,East Hartford School District,Race/Ethnicity,Black or African American,0.003638071821934375,0.8260527351436444,0.003771629924688352,0.8063872255489026,0.0038243174655634374,0.7689055894786287,Jun-22,2022-07-22,1,Low Risk
430011,East Hartford School District,Race/Ethnicity,Hispanic/Latino of any race,0.006200713621780456,0.71900826446281,0.006265219564901869,0.7052561543579512,0.006342386578691627,0.6641615782057304,Jun-22,2022-07-22,0,Medium Risk
430011,East Hartford School District,Race/Ethnicity,White,0.0012973124244150599,0.7689885871704054,0.0013808479414278573,0.8180306054557556,0.0014046104271668181,0.6956317519962427,Jun-22,2022-07-22,0,Medium Risk
430011,East Hartford School District,High Needs,Students Without High Needs,0.002946438387654543,0.9075167256985437,0.0035841571384798983,0.8942115768463079,0.0035134933094116763,0.8055425082198218,Jun-22,2022-07-22,1,Low Risk
430011,East Hartford School District,High Needs,Students With High Needs,0.008849309865771142,0.721763085399449,0.008653985711751518,0.7065868263473059,0.009251936749251463,0.6683889149835602,Jun-22,2022-07-22,0,Medium Risk
440011,East Haven School District,Unknown,All Students,0.005277203082366346,0.8059818968909878,0.005299633924107791,0.7944111776447111,0.005158107198923525,0.7820573038985437,Jun-22,2022-07-22,0,Medium Risk
440011,East Haven School District,Students With Disabilities,Students With Disabilities,0.000777587878424435,0.7312081857536401,0.0007801286909964682,0.7448436460412511,0.0007711586658955079,0.7383748238609682,Jun-22,2022-07-22,0,Medium Risk
440011,East Haven School District,Free/Reduced Lunch,Free Meal Eligible,0.0015771641030253964,0.7048406139315233,0.002289990162718315,0.6952761144377915,0.0019652742531367662,0.7364960075152656,Jun-22,2022-07-22,0,Medium Risk
440011,East Haven School District,Free/Reduced Lunch,Reduced Price Meal Eligible,5.79692762835697e-05,0.8386462022825656,0.0004273573190988405,0.7990685296074522,0.00032852932960344343,0.7651479567872244,Jun-22,2022-07-22,1,Low Risk
440011,East Haven School District,Free/Reduced Lunch,Free/Reduced Price Meal Eligible,0.0016751121905390141,0.7123179850452579,0.0027576642100340274,0.712242182302063,0.002333148412632838,0.7411930483795208,Jun-22,2022-07-22,0,Medium Risk
440011,East Haven School District,English Learners,English Learners,0.0005037330214986058,0.8673750491932308,0.000463642374494025,0.7671324018629408,0.0004878758906685867,0.8276186002818227,Jun-22,2022-07-22,1,Low Risk
440011,East Haven School District,Race/Ethnicity,All other races,0.0002998410842253606,0.8736717827626919,0.00031850215291328676,0.849301397205589,0.00031475863914102363,0.8341944574917806,Jun-22,2022-07-22,1,Low Risk
440011,East Haven School District,Race/Ethnicity,Black or African American,0.00025986227299531247,0.8232979142070049,0.00024391620571207403,0.7348636061210914,0.0002459051868289247,0.7472992015030533,Jun-22,2022-07-22,0,Medium Risk
440011,East Haven School District,Race/Ethnicity,Hispanic/Latino of any race,0.0019389723446573317,0.7863046044864226,0.0017215242948604235,0.7588157019294748,0.0015364156073071217,0.7961484264913103,Jun-22,2022-07-22,0,Medium Risk
440011,East Haven School District,Race/Ethnicity,White,0.002658590946798197,0.8095238095238098,0.002894741085971391,0.8143712574850301,0.002942993275968571,0.7717238139971823,Jun-22,2022-07-22,1,Low Risk
440011,East Haven School District,High Needs,Students Without High Needs,0.0026266078978141585,0.8598976780794962,0.0019513296456965925,0.8965402528276782,0.0021875725420301144,0.8201033348990139,Jun-22,2022-07-22,1,Low Risk
440011,East Haven School District,High Needs,Students With High Needs,0.0024886809990704926,0.7489177489177488,0.003227354093760583,0.7308715901530278,0.002931189827000783,0.7534053546265858,Jun-22,2022-07-22,0,Medium Risk
450011,East Lyme School District,Unknown,All Students,0.005151269826991695,0.9165682802046438,0.005112161137899337,0.8809048569527613,0.005148270991450368,0.8083607327383753,Jun-22,2022-07-22,1,Low Risk
450011,East Lyme School District,Students With Disabilities,Students With Disabilities,0.0008335582141465024,0.8740653286107833,0.000751906981244658,0.8143712574850301,0.0007750931488847706,0.7505871301080322,Jun-22,2022-07-22,1,Low Risk
450011,East Lyme School District,Free/Reduced Lunch,Free Meal Eligible,0.000851548679200024,0.8661944116489568,0.0008244770920350272,0.7811044577511645,0.0009187017779928627,0.7327383748238612,Jun-22,2022-07-22,1,Low Risk
450011,East Lyme School District,Free/Reduced Lunch,Reduced Price Meal Eligible,0.00019789511558873798,0.8441558441558441,0.0002378686964795433,0.8549567531603461,0.00015344483658124905,0.7872240488492253,Jun-22,2022-07-22,1,Low Risk
450011,East Lyme School District,Free/Reduced Lunch,Free/Reduced Price Meal Eligible,0.0010894226060188098,0.8614718614718613,0.0011026625167314423,0.7990685296074522,0.0011114914444667397,0.7421324565523726,Jun-22,2022-07-22,1,Low Risk
450011,East Lyme School District,English Learners,English Learners,0.00012793219593615384,0.9126328217237303,7.055427437952555e-05,0.9028609447771125,6.098448633357334e-05,0.8017848755284174,Jun-22,2022-07-22,1,Low Risk
450011,East Lyme School District,Race/Ethnicity,All other races,0.0007755889378629326,0.9523809523809521,0.0007498911448338145,0.9021956087824354,0.0007259121115189858,0.8280883043682481,Jun-22,2022-07-22,1,Low Risk
450011,East Lyme School District,Race/Ethnicity,Black or African American,3.7979870668545667e-05,0.9126328217237303,3.426921898434099e-05,0.8576180971390555,4.5246554376522146e-05,0.8243306716768437,Jun-22,2022-07-22,1,Low Risk
450011,East Lyme School District,Race/Ethnicity,Hispanic/Latino of any race,0.0004377679829690264,0.8547815820543092,0.000380993081649438,0.7831004657351968,0.0003600051935175458,0.7684358853922024,Jun-22,2022-07-22,1,Low Risk
450011,East Lyme School District,Race/Ethnicity,White,0.0037799966018010455,0.9165682802046438,0.0038260575077811287,0.8875582168995346,0.0038990726423594304,0.8083607327383753,Jun-22,2022-07-22,1,Low Risk
450011,East Lyme School District,High Needs,Students Without High Needs,0.003282260401986947,0.940574576938213,0.003330161750713606,0.914836992681304,0.0034230002006586323,0.8360732738374832,Jun-22,2022-07-22,1,Low Risk
450011,East Lyme School District,High Needs,Students With High Needs,0.001753070872437608,0.8732782369146004,0.001665080875356803,0.8153692614770462,0.001685925960899108,0.7529356505401594,Jun-22,2022-07-22,1,Low Risk
460011,Easton School District,Unknown,All Students,0.001709094180084555,0.9236521054702869,0.0016933025851086133,0.939454424484365,0.0016603518214688999,0.7975575387505875,Jun-22,2022-07-22,1,Low Risk
460011,Easton School District,Students With Disabilities,Students With Disabilities,0.00018590147221972354,0.8685556867375048,0.00017537776774339208,0.9178310046573523,0.000192789666473877,0.758102395490841,Jun-22,2022-07-22,1,Low Risk
460011,Easton School District,Free/Reduced Lunch,Free Meal Eligible,0.00010794279032112979,0.9000393545848091,0.0006692576884000709,0.8356620093147042,0.00011016552369935828,0.7914513856270551,Jun-22,2022-07-22,1,Low Risk
460011,Easton School District,Free/Reduced Lunch,Reduced Price Meal Eligible,3.997881123004802e-06,0.9488390397481301,0.0006692576884000709,0.8356620093147042,1.9672414946313974e-06,0.749178017848755,Jun-22,2022-07-22,1,Low Risk
460011,Easton School District,Free/Reduced Lunch,Free/Reduced Price Meal Eligible,0.00015191948267418267,0.9110586383313657,0.00013506103952652034,0.8925482368596147,0.00015147759508661764,0.78252700798497,Jun-22,2022-07-22,1,Low Risk
460011,Easton School District,English Learners,English Learners,7.995762246009612e-06,0.9496261314443135,0.0006692576884000709,0.8356620093147042,0.0006767310741532008,0.7595115077501173,Jun-22,2022-07-22,1,Low Risk
460011,Easton School District,Race/Ethnicity,All other races,0.0001659120666046995,0.9330972058244784,0.00013102936670483317,0.9614105123087162,0.0001081982822047269,0.8116486613433533,Jun-22,2022-07-22,1,Low Risk
460011,Easton School District,Race/Ethnicity,Black or African American,1.3992583930516825e-05,0.9602518693427782,6.047509232530762e-06,0.9564204923486361,0.0,0.8248003757632691,Jun-22,2022-07-22,1,Low Risk
460011,Easton School District,Race/Ethnicity,Hispanic/Latino of any race,9.594914695211538e-05,0.9334907516725695,9.071263848796143e-05,0.8905522288755825,8.655862576378151e-05,0.7656176608736498,Jun-22,2022-07-22,1,Low Risk
460011,Easton School District,Race/Ethnicity,White,0.0013133039489070793,0.9197166469893743,0.0013445628860326727,0.9407850964737192,0.0013475604238225075,0.798027242837013,Jun-22,2022-07-22,1,Low Risk
460011,Easton School District,High Needs,Students Without High Needs,0.0012953134838535575,0.9319165682802044,0.0012901353029398958,0.9497671324018633,0.001261001798058726,0.8050728041333963,Jun-22,2022-07-22,1,Low Risk
460011,Easton School District,High Needs,Students With High Needs,0.0003558114199474279,0.8961038961038961,0.00032253382573497395,0.9135063206919498,0.0003600051935175458,0.7726632221700331,Jun-22,2022-07-22,1,Low Risk
470011,East Windsor School District,Unknown,All Students,0.001900992473988786,0.7284533648170011,0.001953345482107436,0.6250831669993349,0.0019849466680830806,0.7252231094410524,Jun-22,2022-07-22,0,Medium Risk
470011,East Windsor School District,Students With Disabilities,Students With Disabilities,0.00034381777657841345,0.6706021251475796,0.00037091389959522,0.4903526280771793,0.0003580379520229144,0.6580554250821988,Jun-22,2022-07-22,2,High Risk
470011,East Windsor School District,Free/Reduced Lunch,Free Meal Eligible,0.0007735899973014302,0.6257378984651711,0.0007942395458723733,0.4823685961410513,0.0009324724684552825,0.6881164866134339,Jun-22,2022-07-22,2,High Risk
470011,East Windsor School District,Free/Reduced Lunch,Reduced Price Meal Eligible,0.0001719088882892067,0.7304210940574576,7.458594720121273e-05,0.6733200266134403,0.0001003293162262013,0.7773602630342893,Jun-22,2022-07-22,0,Medium Risk
470011,East Windsor School District,Free/Reduced Lunch,Free/Reduced Price Meal Eligible,0.000985477696820685,0.6469893742621013,0.0009091422212904578,0.5059880239520962,0.0010721466145741118,0.6993893846876471,Jun-22,2022-07-22,2,High Risk
470011,East Windsor School District,English Learners,English Learners,7.196186021408652e-05,0.6906729634002358,0.00010079182054217935,0.6124417831004663,0.0001003293162262013,0.6059182714889619,Jun-22,2022-07-22,0,Medium Risk
470011,East Windsor School District,Race/Ethnicity,All other races,0.00017790570997371395,0.7418339236521057,0.00017537776774339208,0.6889554224883572,0.00016131380255977464,0.7022076092061997,Jun-22,2022-07-22,0,Medium Risk
470011,East Windsor School District,Race/Ethnicity,Black or African American,0.0002458696890647957,0.6796536796536801,0.00021771033237110742,0.5119760479041919,0.00021049483992555959,0.693752935650541,Jun-22,2022-07-22,2,High Risk
470011,East Windsor School District,Race/Ethnicity,Hispanic/Latino of any race,0.000435769042407524,0.6544667453758364,0.00041929397345546614,0.4946773120425818,0.00041312071387259353,0.7012682010333489,Jun-22,2022-07-22,2,High Risk
470011,East Windsor School District,Race/Ethnicity,White,0.0009215115988526081,0.7748917748917745,0.0010200132238868552,0.6949434464404525,0.0010819828220472688,0.745890089243777,Jun-22,2022-07-22,0,Medium Risk
470011,East Windsor School District,High Needs,Students Without High Needs,0.0006676461475418028,0.8386462022825656,0.0007640019997097196,0.7880904856952768,0.000702305213583409,0.7989666510098639,Jun-22,2022-07-22,1,Low Risk
470011,East Windsor School District,High Needs,Students With High Needs,0.0011513897634253844,0.667060212514758,0.001122820880839878,0.5179640718562877,0.0012432966246070435,0.681540629403476,Jun-22,2022-07-22,2,High Risk
480011,Ellington School District,Unknown,All Students,0.005053321739478076,0.8964974419519871,0.005087971100969214,0.8845642049234868,0.0050931882296006885,0.7891028651949279,Jun-22,2022-07-22,1,Low Risk
480011,Ellington School District,Students With Disabilities,Students With Disabilities,0.000643658860803774,0.8331365604092875,0.0006228934509506684,0.8070525615435797,0.0006767310741532008,0.6777829967120717,Jun-22,2022-07-22,0,Medium Risk
480011,Ellington School District,Free/Reduced Lunch,Free Meal Eligible,0.000663648266418798,0.7933884297520661,0.0007196535986711606,0.7834331337325353,0.0007337810774975113,0.6961014560826682,Jun-22,2022-07-22,0,Medium Risk
480011,Ellington School District,Free/Reduced Lunch,Reduced Price Meal Eligible,0.00010794279032112979,0.8866587957497045,0.00011490267541808448,0.817697937458417,9.04931087530443e-05,0.7219351808360734,Jun-22,2022-07-22,1,Low Risk
480011,Ellington School District,Free/Reduced Lunch,Free/Reduced Price Meal Eligible,0.0008115698679699759,0.8099173553719003,0.0008748730023061169,0.7890884896872925,0.0008636190161431836,0.6998590887740725,Jun-22,2022-07-22,0,Medium Risk
480011,Ellington School District,English Learners,English Learners,3.997881123004808e-05,0.8728846910665093,3.830089180602815e-05,0.8829008649367935,5.5082761849679146e-05,0.7552841709722884,Jun-22,2022-07-22,1,Low Risk
480011,Ellington School District,Race/Ethnicity,All other races,0.0007256154238253726,0.9031877213695392,0.0007377961263687529,0.9381237524950103,0.0006964034890995147,0.7782996712071402,Jun-22,2022-07-22,1,Low Risk
480011,Ellington School District,Race/Ethnicity,Black or African American,0.0001659120666046995,0.8276269185360094,0.00015723524004579981,0.8110445775116437,0.00016721552704366882,0.745890089243777,Jun-22,2022-07-22,1,Low Risk
480011,Ellington School District,Race/Ethnicity,Hispanic/Latino of any race,0.0003258273115248918,0.8366784730421095,0.00028020126110725864,0.8296739853626085,0.00024197070383966194,0.7073743541568813,Jun-22,2022-07-22,1,Low Risk
480011,Ellington School District,Race/Ethnicity,White,0.0037160305038329688,0.9047619047619047,0.0037917882887967876,0.8822355289421164,0.0038695640199399592,0.7994363550962893,Jun-22,2022-07-22,1,Low Risk
480011,Ellington School District,High Needs,Students Without High Needs,0.0036320750002498676,0.9216843762298303,0.0036547114128594235,0.9135063206919498,0.0036630036630036626,0.8201033348990139,Jun-22,2022-07-22,1,Low Risk
480011,Ellington School District,High Needs,Students With High Needs,0.0013412891167681128,0.8343171979535615,0.0013586737409085779,0.8097139055222891,0.0013908397367043983,0.7069046500704559,Jun-22,2022-07-22,0,Medium Risk
490011,Enfield School District,Unknown,All Students,0.009275084205371154,0.8103109012199918,0.009432098566337144,0.9301397205588828,0.00936013503145619,0.7393142320338191,Jun-22,2022-07-22,1,Low Risk
490011,Enfield School District,Students With Disabilities,Students With Disabilities,0.0015151969456188219,0.7264856355765446,0.0015400990178845008,0.8675981370592156,0.0015718259542104869,0.6453734147487085,Jun-22,2022-07-22,0,Medium Risk
490011,Enfield School District,Free/Reduced Lunch,Free Meal Eligible,0.003238283709633894,0.7323888232979141,0.0036305213759293005,0.8552894211576851,0.0037967760846385978,0.6716768435885401,Jun-22,2022-07-22,0,Medium Risk
490011,Enfield School District,Free/Reduced Lunch,Reduced Price Meal Eligible,0.0007056260182103485,0.7965367965367967,0.0006753051976326016,0.9324683965402532,0.0005331224450451088,0.7350868952559892,Jun-22,2022-07-22,1,Low Risk
490011,Enfield School District,Free/Reduced Lunch,Free/Reduced Price Meal Eligible,0.003983888539074291,0.7441951987406537,0.004346143301778774,0.8679308050565537,0.004369243359576335,0.6801315171441997,Jun-22,2022-07-22,0,Medium Risk
490011,Enfield School District,English Learners,English Learners,0.0002618612135568149,0.7512790240062968,0.0002398845328903869,0.7910844976713243,0.00021442932291482235,0.6989196806012217,Jun-22,2022-07-22,0,Medium Risk
490011,Enfield School District,Race/Ethnicity,All other races,0.0007416069483173918,0.8240850059031875,0.0007700495089422503,0.9294743845642053,0.0007141086625511974,0.7397839361202445,Jun-22,2022-07-22,1,Low Risk
490011,Enfield School District,Race/Ethnicity,Black or African American,0.0005637012383436779,0.7225501770956315,0.0006107984324856069,0.8093812375249505,0.0006078776218411019,0.6932832315641146,Jun-22,2022-07-22,0,Medium Risk
490011,Enfield School District,Race/Ethnicity,Hispanic/Latino of any race,0.0018490200193897234,0.7343565525383711,0.0016993500943411441,0.8702594810379245,0.0015659242297265928,0.684828558008455,Jun-22,2022-07-22,0,Medium Risk
490011,Enfield School District,Race/Ethnicity,White,0.006000819565630216,0.8410074773711136,0.006230950345917528,0.9584165003326683,0.006354190027659415,0.7566932832315638,Jun-22,2022-07-22,1,Low Risk
490011,Enfield School District,High Needs,Students Without High Needs,0.0043237084345296994,0.8736717827626919,0.004221161444306472,0.9936793080505657,0.004323996805199812,0.7989666510098639,Jun-22,2022-07-22,1,Low Risk
490011,Enfield School District,High Needs,Students With High Needs,0.0047115029034611655,0.7571822117276663,0.004985163444016191,0.8762475049900202,0.00499679339636375,0.6862376702677313,Jun-22,2022-07-22,0,Medium Risk
500011,Essex School District,Unknown,All Students,0.0005017340809371034,0.9224714679260129,0.0005301649760518634,0.9743845642049238,0.0005409914110236344,0.8285580084546735,Jun-22,2022-07-22,1,Low Risk
500011,Essex School District,Students With Disabilities,Students With Disabilities,3.598093010704327e-05,0.9539551357733176,3.426921898434099e-05,0.9770459081836331,5.7050003344310544e-05,0.8464067637388446,Jun-22,2022-07-22,1,Low Risk
500011,Essex School District,Free/Reduced Lunch,Free/Reduced Price Meal Eligible,7.595974133709133e-05,0.8961038961038961,7.257011079036914e-05,0.9620758483033933,7.868965978525592e-05,0.8431188351338657,Jun-22,2022-07-22,1,Low Risk
500011,Essex School District,Race/Ethnicity,Hispanic/Latino of any race,5.996821684507207e-06,0.9413616686343955,0.0,0.9807052561543581,1.9672414946313974e-06,0.8759981211836543,Jun-22,2022-07-22,1,Low Risk
500011,Essex School District,Race/Ethnicity,White,0.0004237753990385096,0.9244391971664698,0.00045154735602896353,0.9727212242182306,0.00045640002675448424,0.8215124471582902,Jun-22,2022-07-22,1,Low Risk
500011,Essex School District,High Needs,Students Without High Needs,0.0003158326087173798,0.9260133805588349,0.0003487396990759406,0.98037258815702,0.00034820174454975743,0.8233912635039928,Jun-22,2022-07-22,1,Low Risk
500011,Essex School District,High Needs,Students With High Needs,0.00013792689874366583,0.9146005509641872,0.00013304520311567674,0.9673985362608124,0.00015344483658124905,0.8398309065288876,Jun-22,2022-07-22,1,Low Risk
510011,Fairfield School District,Unknown,All Students,0.018408243630875638,0.8787878787878785,0.018461029850505573,0.8356620093147042,0.018708466613944593,0.7862846406763744,Jun-22,2022-07-22,1,Low Risk
510011,Fairfield School District,Students With Disabilities,Students With Disabilities,0.0027745294993653364,0.8004722550177092,0.0025762389330581045,0.7518296739853629,0.0027462691265054315,0.7393142320338191,Jun-22,2022-07-22,0,Medium Risk
510011,Fairfield School District,Free/Reduced Lunch,Free Meal Eligible,0.002102885470700529,0.775285320739866,0.002144849941137577,0.6876247504990021,0.002398067381955674,0.7360263034288401,Jun-22,2022-07-22,0,Medium Risk
510011,Fairfield School District,Free/Reduced Lunch,Reduced Price Meal Eligible,0.0005976832278892187,0.8791814246359699,0.0005684658678578915,0.7538256819693951,0.0004957448566471122,0.7815875998121182,Jun-22,2022-07-22,1,Low Risk
510011,Fairfield School District,Free/Reduced Lunch,Free/Reduced Price Meal Eligible,0.0027405475098197956,0.7996851633215272,0.0027536325372123404,0.7022621423819033,0.0029331570684954142,0.7444809769844998,Jun-22,2022-07-22,0,Medium Risk
510011,Fairfield School District,English Learners,English Learners,0.00040178705286198315,0.77646595828414,0.0003850247544711252,0.7168995342648041,0.0004701707172169041,0.758102395490841,Jun-22,2022-07-22,0,Medium Risk
510011,Fairfield School District,Race/Ethnicity,All other races,0.0020429172538554566,0.9067296340023612,0.001991646373913464,0.8666001330671995,0.0019751104606099234,0.8093001409112262,Jun-22,2022-07-22,1,Low Risk
510011,Fairfield School District,Race/Ethnicity,Black or African American,0.0004737489130760697,0.8559622195985828,0.00046162653808318145,0.7248835662009316,0.00043279312881890753,0.8013151714419919,Jun-22,2022-07-22,0,Medium Risk
510011,Fairfield School District,Race/Ethnicity,Hispanic/Latino of any race,0.0022727954184282332,0.8280204643841009,0.0021367865954942025,0.7598137059214904,0.002136424263169698,0.76139032409582,Jun-22,2022-07-22,0,Medium Risk
510011,Fairfield School District,Race/Ethnicity,White,0.013498845611825733,0.8842975206611565,0.013750020158364108,0.8469727212242186,0.01404610427166818,0.7862846406763744,Jun-22,2022-07-22,1,Low Risk
510011,Fairfield School District,High Needs,Students Without High Needs,0.013151029954124314,0.9051554506099957,0.013308551984389362,0.8692614770459088,0.013477571479719706,0.8013151714419919,Jun-22,2022-07-22,1,Low Risk
510011,Fairfield School District,High Needs,Students With High Needs,0.005063316442285588,0.8114915387642658,0.004912593333225822,0.7451763140385896,0.005191550304332259,0.7472992015030533,Jun-22,2022-07-22,0,Medium Risk
520011,Farmington School District,Unknown,All Students,0.008101706095769242,0.9012199921290831,0.008051250624909287,0.9085163007318697,0.007961426328773266,0.8139971817754823,Jun-22,2022-07-22,1,Low Risk
520011,Farmington School District,Students With Disabilities,Students With Disabilities,0.0009295073610986178,0.7855175127902401,0.000878904675127804,0.7757817697937464,0.0008891931555733918,0.7101925786754348,Jun-22,2022-07-22,0,Medium Risk
520011,Farmington School District,Free/Reduced Lunch,Free Meal Eligible,0.001075430022088293,0.7874852420306966,0.0011046783531422858,0.7514970059880244,0.001137065583896948,0.7195866604039454,Jun-22,2022-07-22,0,Medium Risk
520011,Farmington School District,Free/Reduced Lunch,Reduced Price Meal Eligible,0.00028584850029484375,0.835891381345927,0.0002741537518747278,0.8622754491017965,0.00020065863245240259,0.8050728041333963,Jun-22,2022-07-22,1,Low Risk
520011,Farmington School District,Free/Reduced Lunch,Free/Reduced Price Meal Eligible,0.001401257333613185,0.7985045257772532,0.0014191488332338854,0.7754491017964074,0.0013770690462419784,0.7346171911695629,Jun-22,2022-07-22,0,Medium Risk
520011,Farmington School District,English Learners,English Learners,0.0003198304898403846,0.8638331365604093,0.0003023754616265381,0.9231536926147705,0.0003304965710980748,0.8064819163926726,Jun-22,2022-07-22,1,Low Risk
520011,Farmington School District,Race/Ethnicity,All other races,0.002332763635273305,0.944510035419126,0.0022154042155171022,0.9520958083832336,0.0021246208142019097,0.8365429779239077,Jun-22,2022-07-22,1,Low Risk
520011,Farmington School District,Race/Ethnicity,Black or African American,0.0003578103605089303,0.8343171979535615,0.00036486639036268926,0.805056553559548,0.00033836553707660045,0.7548144668858621,Jun-22,2022-07-22,1,Low Risk
520011,Farmington School District,Race/Ethnicity,Hispanic/Latino of any race,0.0007735899973014302,0.8067689885871703,0.0007398119627795964,0.813373253493014,0.0006609931421961496,0.7656176608736498,Jun-22,2022-07-22,1,Low Risk
520011,Farmington School District,Race/Ethnicity,White,0.004517605668995433,0.9016135379771746,0.004610217871599284,0.9118429807052566,0.004719412345620723,0.815875998121184,Jun-22,2022-07-22,1,Low Risk
520011,Farmington School District,High Needs,Students Without High Needs,0.005682988016351334,0.9362455726092089,0.005634262768307826,0.9461077844311383,0.005695164126957896,0.8398309065288876,Jun-22,2022-07-22,1,Low Risk
520011,Farmington School District,High Needs,Students With High Needs,0.002290785883481755,0.8205430932703659,0.0022496734345014433,0.8170326014637395,0.0022269173719227423,0.7472992015030533,Jun-22,2022-07-22,1,Low Risk
530011,Franklin School District,Unknown,All Students,0.0002738548569258293,0.8752459661550573,0.0002741537518747278,0.9347970725216239,0.00024000346234503056,0.8149365899483332,Jun-22,2022-07-22,1,Low Risk
530011,Franklin School District,Free/Reduced Lunch,Free Meal Eligible,1.199364336901442e-05,0.7937819756001572,0.0006692576884000709,0.8356620093147042,0.0006767310741532008,0.7595115077501173,Jun-22,2022-07-22,1,Low Risk
530011,Franklin School District,Free/Reduced Lunch,Free/Reduced Price Meal Eligible,1.199364336901442e-05,0.7937819756001572,3.02375461626538e-05,0.8712574850299406,2.5574139430208172e-05,0.7618600281822454,Jun-22,2022-07-22,1,Low Risk
530011,Franklin School District,Race/Ethnicity,White,0.00019989405615024038,0.8728846910665093,0.00021569449596026382,0.9364604125083171,0.00019082242497924558,0.8093001409112262,Jun-22,2022-07-22,1,Low Risk
530011,Franklin School District,High Needs,Students Without High Needs,0.00019989405615024038,0.9012199921290831,0.00018747278620845362,0.959414504324684,0.00016721552704366882,0.8374823860967595,Jun-22,2022-07-22,1,Low Risk
530011,Franklin School District,High Needs,Students With High Needs,2.9984108422536048e-05,0.7949626131444312,4.434840103855892e-05,0.8629407850964741,3.344310540873376e-05,0.749178017848755,Jun-22,2022-07-22,1,Low Risk
540011,Glastonbury School District,Unknown,All Students,0.011216055490589988,0.9275875639512003,0.011496315051040977,0.9520958083832336,0.011297867903668117,0.8257397839361209,Jun-22,2022-07-22,1,Low Risk
540011,Glastonbury School District,Students With Disabilities,Students With Disabilities,0.001159385525671394,0.8122786304604483,0.001201438500862778,0.8918829008649372,0.001231493175639255,0.7374354156881164,Jun-22,2022-07-22,1,Low Risk
540011,Glastonbury School District,Free/Reduced Lunch,Free Meal Eligible,0.0009774819345746753,0.7957497048406137,0.0012478027383121806,0.8666001330671995,0.0012551000735748319,0.7444809769844998,Jun-22,2022-07-22,1,Low Risk
540011,Glastonbury School District,Free/Reduced Lunch,Reduced Price Meal Eligible,0.00019589617502723558,0.837072018890201,0.00027213791546388426,0.890884896872921,0.00019475690796850838,0.7477689055894787,Jun-22,2022-07-22,1,Low Risk
540011,Glastonbury School District,Free/Reduced Lunch,Free/Reduced Price Meal Eligible,0.001213356920831959,0.8036206218024398,0.0015602573819929366,0.8715901530272792,0.0014892018114359682,0.7449506810709252,Jun-22,2022-07-22,1,Low Risk
540011,Glastonbury School District,English Learners,English Learners,0.0002518665107493029,0.9008264462809916,0.00025802706058797916,0.9328010645375917,0.0002577086357967131,0.76139032409582,Jun-22,2022-07-22,1,Low Risk
540011,Glastonbury School District,Race/Ethnicity,All other races,0.0020908918273315146,0.9669421487603307,0.002060184811882146,0.9830339321357289,0.001953470804168978,0.8454673555659937,Jun-22,2022-07-22,1,Low Risk
540011,Glastonbury School District,Race/Ethnicity,Black or African American,0.0003198304898403846,0.8736717827626919,0.00032656549855666114,0.9228210246174324,0.00031869312213028645,0.8238609675904183,Jun-22,2022-07-22,1,Low Risk
540011,Glastonbury School District,Race/Ethnicity,Hispanic/Latino of any race,0.0012453399698159975,0.8685556867375048,0.0012538502475447112,0.9031936127744515,0.0011744431722949446,0.7750117426021603,Jun-22,2022-07-22,1,Low Risk
540011,Glastonbury School District,Race/Ethnicity,White,0.007440056769911947,0.9291617473435654,0.007734764308406844,0.9530938123752497,0.0077332263153960246,0.8280883043682481,Jun-22,2022-07-22,1,Low Risk
540011,Glastonbury School District,High Needs,Students Without High Needs,0.008755359659380528,0.9535615899252261,0.008807189278975633,0.9687292082501666,0.008720781545700985,0.8464067637388446,Jun-22,2022-07-22,1,Low Risk
540011,Glastonbury School District,High Needs,Students With High Needs,0.002316772110781286,0.8303817394726485,0.002564143914593043,0.894544244843646,0.002537741528074503,0.7543447627994366,Jun-22,2022-07-22,1,Low Risk
560011,Granby School District,Unknown,All Students,0.003410192597923101,0.9039748130657217,0.00346723862665097,0.931470392548237,0.003393491578239161,0.815875998121184,Jun-22,2022-07-22,1,Low Risk
560011,Granby School District,Students With Disabilities,Students With Disabilities,0.0004717499725145673,0.8268398268398269,0.00047976906578077374,0.8815701929474384,0.0004583672682491157,0.7449506810709252,Jun-22,2022-07-22,1,Low Risk
560011,Granby School District,Free/Reduced Lunch,Free Meal Eligible,0.0003857955283699639,0.7918142463597007,0.0003386605170217226,0.8060545575515636,0.0003304965710980748,0.7167684358853927,Jun-22,2022-07-22,0,Medium Risk
560011,Granby School District,Free/Reduced Lunch,Reduced Price Meal Eligible,3.7979870668545667e-05,0.8744588744588739,2.620587334096664e-05,0.9035262807717901,2.1639656440945378e-05,0.7839361202442463,Jun-22,2022-07-22,1,Low Risk
560011,Granby School District,Free/Reduced Lunch,Free/Reduced Price Meal Eligible,0.0004637542102685577,0.8048012593467138,0.00040518311857956103,0.8203592814371263,0.00039148105743164814,0.7261625176139033,Jun-22,2022-07-22,0,Medium Risk
560011,Granby School District,Race/Ethnicity,All other races,0.00014992054211268027,0.8811491538764264,0.00014514022158073828,0.9238190286094481,0.00015147759508661764,0.7872240488492253,Jun-22,2022-07-22,1,Low Risk
560011,Granby School District,Race/Ethnicity,Black or African American,0.0001679110071662019,0.8327430145611965,0.00016933025851086132,0.8206919494344644,0.00015147759508661764,0.7609206200093945,Jun-22,2022-07-22,1,Low Risk
560011,Granby School District,Race/Ethnicity,Hispanic/Latino of any race,0.00011993643369014423,0.8791814246359699,0.000126997693883146,0.9051896207584833,9.44275917423071e-05,0.8008454673555665,Jun-22,2022-07-22,1,Low Risk
560011,Granby School District,Race/Ethnicity,White,0.0028524881812639303,0.9118457300275478,0.0029048202680256093,0.9414504324683972,0.002878074306645735,0.8219821512447156,Jun-22,2022-07-22,1,Low Risk
560011,Granby School District,High Needs,Students Without High Needs,0.0024726894745784734,0.9291617473435654,0.0025722072602364175,0.9514304723885565,0.0025751191164725,0.8393612024424613,Jun-22,2022-07-22,1,Low Risk
560011,Granby School District,High Needs,Students With High Needs,0.0008535476197615264,0.835891381345927,0.0008043187279265912,0.869594145043247,0.0007790276318740335,0.7407233442930954,Jun-22,2022-07-22,1,Low Risk
570011,Greenwich School District,Unknown,All Students,0.016893046685256815,0.891774891774892,0.017364414843006663,0.9028609447771125,0.017374676880584507,0.9981211836542974,Jun-22,2022-07-22,1,Low Risk
570011,Greenwich School District,Students With Disabilities,Students With Disabilities,0.0021448632224920793,0.8260527351436444,0.002072279830347208,0.8433133732534936,0.0021383915046643293,0.9967120713950219,Jun-22,2022-07-22,1,Low Risk
570011,Greenwich School District,Free/Reduced Lunch,Free Meal Eligible,0.001974953274764375,0.8114915387642658,0.0028967569223822347,0.854291417165669,0.002655776017752387,0.994363550962893,Jun-22,2022-07-22,1,Low Risk
570011,Greenwich School District,Free/Reduced Lunch,Reduced Price Meal Eligible,0.0006116758118197356,0.8720975993703268,0.0006652260155783837,0.8812375249501003,0.000855750050164658,1.0,Jun-22,2022-07-22,1,Low Risk
570011,Greenwich School District,Free/Reduced Lunch,Free/Reduced Price Meal Eligible,0.0026266078978141585,0.8260527351436444,0.0036022996661774906,0.8596141051230872,0.003550870897809673,0.9957726632221702,Jun-22,2022-07-22,1,Low Risk
570011,Greenwich School District,English Learners,English Learners,0.0006676461475418028,0.8524203069657617,0.000624909287361512,0.8769128409846978,0.0017390414812541556,0.9971817754814465,Jun-22,2022-07-22,1,Low Risk
570011,Greenwich School District,Race/Ethnicity,All other races,0.002460695831209459,0.9268004722550174,0.0024693996032833943,0.9464404524284764,0.002368558759536203,0.9990605918271491,Jun-22,2022-07-22,1,Low Risk
570011,Greenwich School District,Race/Ethnicity,Black or African American,0.0003338230737709014,0.8752459661550573,0.0003668822267735329,0.8955422488356621,0.00039541554042091096,0.9948332550493193,Jun-22,2022-07-22,1,Low Risk
570011,Greenwich School District,Race/Ethnicity,Hispanic/Latino of any race,0.0037999860074160695,0.8449429358520266,0.00383815252624619,0.8732534930139724,0.00384202263901512,0.9957726632221702,Jun-22,2022-07-22,1,Low Risk
570011,Greenwich School District,Race/Ethnicity,White,0.010178605339170239,0.9012199921290831,0.010569030302052926,0.9035262807717901,0.010650645451934386,0.9990605918271491,Jun-22,2022-07-22,1,Low Risk
570011,Greenwich School District,High Needs,Students Without High Needs,0.01194966667666137,0.9118457300275478,0.01178457965779161,0.9208250166334002,0.011467050672206417,0.9990605918271491,Jun-22,2022-07-22,1,Low Risk
570011,Greenwich School District,High Needs,Students With High Needs,0.004613554815947548,0.8398268398268396,0.005273428050766824,0.8639387890884902,0.0058682813784854595,0.9971817754814465,Jun-22,2022-07-22,1,Low Risk
580011,Griswold School District,Unknown,All Students,0.0032362847690723916,0.8193624557260923,0.003291860858907578,0.8476380572188957,0.0032715226055720146,0.7463597933302015,Jun-22,2022-07-22,1,Low Risk
580011,Griswold School District,Students With Disabilities,Students With Disabilities,0.0005976832278892187,0.6930342384887838,0.0005644341950362044,0.7005988023952097,0.0005409914110236344,0.5913574448097698,Jun-22,2022-07-22,0,Medium Risk
580011,Griswold School District,Free/Reduced Lunch,Free Meal Eligible,0.0012013632774629445,0.7394726485635577,0.0012377235562579627,0.7491683300066541,0.0012944449034674598,0.6735556599342418,Jun-22,2022-07-22,0,Medium Risk
580011,Griswold School District,Free/Reduced Lunch,Reduced Price Meal Eligible,0.0002678580352413221,0.8051948051948052,0.0003023754616265381,0.8592814371257491,0.00024000346234503056,0.7233442930953498,Jun-22,2022-07-22,1,Low Risk
580011,Griswold School District,Free/Reduced Lunch,Free/Reduced Price Meal Eligible,0.0015092001239343147,0.7524596615505708,0.0015804157461013725,0.7724550898203599,0.0015737931957051183,0.6824800375763269,Jun-22,2022-07-22,0,Medium Risk
580011,Griswold School District,English Learners,English Learners,7.995762246009612e-06,0.5981896890987799,1.2095018465061523e-05,0.8569527611443783,3.934482989262795e-06,0.7562235791451393,Jun-22,2022-07-22,0,Medium Risk
580011,Griswold School District,Race/Ethnicity,All other races,0.00029184532197935095,0.7807949626131445,0.00029431211598316374,0.8416500332668004,0.00031082415615176086,0.7054955378111796,Jun-22,2022-07-22,0,Medium Risk
580011,Griswold School District,Race/Ethnicity,Black or African American,4.1977751791550476e-05,0.7918142463597007,3.426921898434099e-05,0.768463073852296,4.327931288189075e-05,0.7360263034288401,Jun-22,2022-07-22,0,Medium Risk
580011,Griswold School District,Race/Ethnicity,Hispanic/Latino of any race,0.0003698040038779447,0.77646595828414,0.0003104388072699124,0.8413173652694614,0.0002734465677537643,0.7219351808360734,Jun-22,2022-07-22,0,Medium Risk
580011,Griswold School District,Race/Ethnicity,White,0.0024127212577334015,0.832349468713105,0.002531890532019546,0.8516300731869597,0.002525938079106715,0.7552841709722884,Jun-22,2022-07-22,1,Low Risk
580011,Griswold School District,High Needs,Students Without High Needs,0.0013712732251906488,0.9020070838252656,0.0013546420680868906,0.9417831004657353,0.0014400207740701831,0.822451855331142,Jun-22,2022-07-22,1,Low Risk
580011,Griswold School District,High Needs,Students With High Needs,0.0017610666346836177,0.7611176702085793,0.00179812607847248,0.776779773785762,0.0017921570016092034,0.684828558008455,Jun-22,2022-07-22,0,Medium Risk
590011,Groton School District,Unknown,All Students,0.009075190149220914,0.7839433293978746,0.007617845796577916,0.6117764471057887,0.007847326322084645,0.7393142320338191,Jun-22,2022-07-22,0,Medium Risk
590011,Groton School District,Students With Disabilities,Students With Disabilities,0.0014552287287737497,0.7001180637544273,0.0012861036301182087,0.47139055222887594,0.0013632983557795588,0.642555190230155,Jun-22,2022-07-22,2,High Risk
590011,Groton School District,Free/Reduced Lunch,Free Meal Eligible,0.002956433090462055,0.6953955135773318,0.0030539921624280347,0.4201596806387231,0.002952829483441728,0.6730859558478164,Jun-22,2022-07-22,2,High Risk
590011,Groton School District,Free/Reduced Lunch,Reduced Price Meal Eligible,0.0009554935883981491,0.8130657221566313,0.0008970472028253962,0.6121091151031273,0.0007691914244008764,0.7299201503053077,Jun-22,2022-07-22,0,Medium Risk
590011,Groton School District,Free/Reduced Lunch,Free/Reduced Price Meal Eligible,0.003951905490090253,0.7245179063360885,0.003991356093470302,0.4647371922821031,0.0037613657377352327,0.6852982620948804,Jun-22,2022-07-22,2,High Risk
590011,Groton School District,English Learners,English Learners,0.000311834727594375,0.7733175914994095,0.0002358528600686997,0.5033266799733869,0.00029115174120544686,0.6834194457491787,Jun-22,2022-07-22,2,High Risk
590011,Groton School District,Race/Ethnicity,All other races,0.001639131260431971,0.78236914600551,0.0013889112870712316,0.6267465069860281,0.001320019042897668,0.7421324565523726,Jun-22,2022-07-22,0,Medium Risk
590011,Groton School District,Race/Ethnicity,Black or African American,0.0005676991194666827,0.7563951200314833,0.0005362124852843942,0.4604125083167001,0.0005941069313786821,0.7332080789102866,Jun-22,2022-07-22,2,High Risk
590011,Groton School District,Race/Ethnicity,Hispanic/Latino of any race,0.0021108812329465386,0.7296340023612751,0.0017618410230772954,0.439121756487026,0.0017429759642434185,0.6979802724283699,Jun-22,2022-07-22,2,High Risk
590011,Groton School District,Race/Ethnicity,White,0.004637542102685577,0.8158205430932703,0.00380993081649438,0.7085828343313381,0.0040721898938869934,0.7571629873179901,Jun-22,2022-07-22,0,Medium Risk
590011,Groton School District,High Needs,Students Without High Needs,0.003959901252336262,0.8555686737504922,0.0028987727587930783,0.7950765136393882,0.0034485743400888406,0.7984969469234384,Jun-22,2022-07-22,1,Low Risk
590011,Groton School District,High Needs,Students With High Needs,0.004667526211108113,0.7327823691460056,0.004440887613088423,0.49434464404524325,0.004359407152103177,0.6914044152184129,Jun-22,2022-07-22,2,High Risk
600011,Guilford School District,Unknown,All Students,0.006172728453919423,0.8736717827626919,0.006206760308987405,0.9441117764471061,0.00631877968075605,0.8008454673555665,Jun-22,2022-07-22,1,Low Risk
600011,Guilford School District,Students With Disabilities,Students With Disabilities,0.0007196186021408654,0.7906336088154271,0.0006954635617410376,0.8789088489687296,0.0007141086625511974,0.7416627524659463,Jun-22,2022-07-22,1,Low Risk
600011,Guilford School District,Free/Reduced Lunch,Free Meal Eligible,0.0004857425564450841,0.7670208579299489,0.0005543550129819864,0.8825681969394545,0.0006098448633357333,0.7299201503053077,Jun-22,2022-07-22,1,Low Risk
600011,Guilford School District,Free/Reduced Lunch,Reduced Price Meal Eligible,0.00017790570997371395,0.7827626918536006,0.00015925107645664338,0.894544244843646,0.00014951035359198625,0.7712541099107559,Jun-22,2022-07-22,1,Low Risk
600011,Guilford School District,Free/Reduced Lunch,Free/Reduced Price Meal Eligible,0.0007036270776488461,0.771743408107044,0.0007539228176555015,0.8855622089155024,0.0007987000468203475,0.7393142320338191,Jun-22,2022-07-22,1,Low Risk
600011,Guilford School District,English Learners,English Learners,4.9973514037560094e-05,0.9193231011412828,7.458594720121273e-05,0.9577511643379912,9.639483323693851e-05,0.7905119774542042,Jun-22,2022-07-22,1,Low Risk
600011,Guilford School District,Race/Ethnicity,All other races,0.000603680049573726,0.9149940968122783,0.0005523391765711429,0.9654025282767802,0.0005134500300987948,0.8271488961953972,Jun-22,2022-07-22,1,Low Risk
600011,Guilford School District,Race/Ethnicity,Black or African American,3.398198954554086e-05,0.831168831168831,3.830089180602815e-05,0.9574184963406522,2.754138092483957e-05,0.7797087834664165,Jun-22,2022-07-22,1,Low Risk
600011,Guilford School District,Race/Ethnicity,Hispanic/Latino of any race,0.0004777467941990745,0.833530106257379,0.000463642374494025,0.9294743845642053,0.0004426293362920645,0.7595115077501173,Jun-22,2022-07-22,1,Low Risk
600011,Guilford School District,Race/Ethnicity,White,0.004937383186910937,0.8728846910665093,0.005031527681465594,0.9431137724550904,0.005217124443762467,0.8017848755284174,Jun-22,2022-07-22,1,Low Risk
600011,Guilford School District,High Needs,Students Without High Needs,0.004739488071322199,0.8957103502558046,0.004666661291102905,0.9607451763140391,0.004811872695868399,0.8154062940347577,Jun-22,2022-07-22,1,Low Risk
600011,Guilford School District,High Needs,Students With High Needs,0.0013512838195756248,0.7977174340810707,0.0014131013240013548,0.8958749168330011,0.0014675621549950228,0.7519962423673086,Jun-22,2022-07-22,1,Low Risk
620011,Hamden School District,Unknown,All Students,0.010738308696390912,0.7123179850452579,0.010589188666161363,0.6856287425149707,0.010463757509944403,0.7317989666510103,Jun-22,2022-07-22,0,Medium Risk
620011,Hamden School District,Students With Disabilities,Students With Disabilities,0.0017590676941221153,0.6269185360094451,0.0018283636246351337,0.5093147039254826,0.0018629776954159339,0.6341005166744953,Jun-22,2022-07-22,2,High Risk
620011,Hamden School District,Free/Reduced Lunch,Free Meal Eligible,0.00343417988466113,0.6202282565918931,0.0036426163943943622,0.5292747837658021,0.004259077835876976,0.6641615782057304,Jun-22,2022-07-22,2,High Risk
620011,Hamden School District,Free/Reduced Lunch,Reduced Price Meal Eligible,0.0007416069483173918,0.7587563951200313,0.0008829363479494911,0.7065868263473059,0.0006767310741532008,0.7726632221700331,Jun-22,2022-07-22,0,Medium Risk
620011,Hamden School District,Free/Reduced Lunch,Free/Reduced Price Meal Eligible,0.00421576564420857,0.6454151908697363,0.004565869470560725,0.565202927478377,0.004975153739922805,0.6801315171441997,Jun-22,2022-07-22,2,High Risk
620011,Hamden School District,English Learners,English Learners,0.0006396609796807692,0.7709563164108619,0.0005805608863229531,0.6796407185628746,0.0006846000401317263,0.7224048849224989,Jun-22,2022-07-22,0,Medium Risk
620011,Hamden School District,Race/Ethnicity,All other races,0.0013312944139606008,0.7922077922077921,0.0013304520311567677,0.7917498336660018,0.001335756974854719,0.7834664161578209,Jun-22,2022-07-22,0,Medium Risk
620011,Hamden School District,Race/Ethnicity,Black or African American,0.0033942010734310814,0.6765053128689491,0.003261623312744924,0.589487691284099,0.0032066036362491785,0.7266322217003296,Jun-22,2022-07-22,0,Medium Risk
620011,Hamden School District,Race/Ethnicity,Hispanic/Latino of any race,0.0026745824712902165,0.6587957497048409,0.0024492412391749585,0.6210911510312709,0.002270196684804633,0.6829497416627524,Jun-22,2022-07-22,0,Medium Risk
620011,Hamden School District,Race/Ethnicity,White,0.00321829430401887,0.7607241243604879,0.0034269218984340983,0.7794411177644713,0.0035331657243579907,0.7472992015030533,Jun-22,2022-07-22,0,Medium Risk
620011,Hamden School District,High Needs,Students Without High Needs,0.005005347166002019,0.780401416765053,0.004783579802931833,0.8077178975382568,0.004471539917297167,0.792390793799906,Jun-22,2022-07-22,0,Medium Risk
620011,Hamden School District,High Needs,Students With High Needs,0.005343168120895925,0.6536796536796534,0.00552943927494396,0.5841650033266803,0.00595287276275461,0.684828558008455,Jun-22,2022-07-22,2,High Risk
630011,Hampton School District,Unknown,All Students,8.595444414460336e-05,0.7709563164108619,7.660178361205631e-05,0.8549567531603461,0.00011016552369935828,0.7815875998121182,Jun-22,2022-07-22,1,Low Risk
630011,Hampton School District,Race/Ethnicity,White,7.196186021408652e-05,0.7622983077528533,6.652260155783838e-05,0.8449767132401864,9.44275917423071e-05,0.7703147017379051,Jun-22,2022-07-22,0,Medium Risk
630011,Hampton School District,High Needs,Students Without High Needs,2.398728673802884e-05,0.8146399055489963,1.8142527697592285e-05,0.915502328675982,2.754138092483957e-05,0.8294974166275253,Jun-22,2022-07-22,1,Low Risk
630011,Hampton School District,High Needs,Students With High Needs,1.7990465053521628e-05,0.718221172766627,1.6126691286748698e-05,0.793745841650034,4.327931288189075e-05,0.7411930483795208,Jun-22,2022-07-22,0,Medium Risk
640011,Hartford School District,Unknown,All Students,0.0326846771211258,0.5556867375049195,0.03177966101694915,0.480039920159681,0.03408049165299433,0.5688116486613435,Jun-22,2022-07-22,2,High Risk
640011,Hartford School District,Homelessness,Students Experiencing Homelessness,0.0001739078288507091,0.32821723730814645,1.6126691286748698e-05,0.32102461743180344,0.0008203397032612928,0.2738374823860976,Jun-22,2022-07-22,2,High Risk
640011,Hartford School District,Students With Disabilities,Students With Disabilities,0.006410602380738209,0.39157811885084604,0.006329726330048864,0.30272787757817765,0.007070265931705243,0.38985439173320824,Jun-22,2022-07-22,2,High Risk
640011,Hartford School District,Free/Reduced Lunch,Free Meal Eligible,0.023969296272975324,0.49901613537977196,0.024716170233353225,0.4125083166999337,0.027789253353163127,0.5274776890558952,Jun-22,2022-07-22,2,High Risk
640011,Hartford School District,Free/Reduced Lunch,Reduced Price Meal Eligible,0.0008275613924619952,0.7697756788665879,0.000751906981244658,0.744178310046574,0.0007770603903794021,0.7477689055894787,Jun-22,2022-07-22,0,Medium Risk
640011,Hartford School District,Free/Reduced Lunch,Free/Reduced Price Meal Eligible,0.024836836476667366,0.5084612357339631,0.025508393942814754,0.42282102461743243,0.028605658573435156,0.5340535462658531,Jun-22,2022-07-22,2,High Risk
640011,Hartford School District,English Learners,English Learners,0.007138216745125084,0.5242030696576152,0.0071602509313164215,0.4011976047904193,0.007935852189343057,0.531705025833725,Jun-22,2022-07-22,2,High Risk
640011,Hartford School District,Race/Ethnicity,All other races,0.002024926788801935,0.715859897678079,0.002038010611362867,0.7465069860279447,0.001973143219115292,0.6754344762799445,Jun-22,2022-07-22,0,Medium Risk
640011,Hartford School District,Race/Ethnicity,Black or African American,0.009658880793179616,0.6068476977567885,0.00900272541082746,0.496340652029275,0.010198179908169165,0.6016909347111321,Jun-22,2022-07-22,2,High Risk
640011,Hartford School District,Race/Ethnicity,Hispanic/Latino of any race,0.018522183242881272,0.4868162140889414,0.018237272008901934,0.4018629407850969,0.018909125246396995,0.5147956787224048,Jun-22,2022-07-22,2,High Risk
640011,Hartford School District,Race/Ethnicity,White,0.0023587498625728363,0.7469500196772922,0.0023807028012062764,0.7744510978043913,0.0028820087896349977,0.721465476749648,Jun-22,2022-07-22,0,Medium Risk
640011,Hartford School District,High Needs,Students Without High Needs,0.004567579183032993,0.7855175127902401,0.003934912673966682,0.8323353293413178,0.004042681271467522,0.779239079379991,Jun-22,2022-07-22,1,Low Risk
640011,Hartford School District,High Needs,Students With High Needs,0.026647876625388544,0.5182998819362457,0.026913431921172733,0.4334664005322688,0.029998465551634185,0.5396899953029592,Jun-22,2022-07-22,2,High Risk
650011,Hartland School District,Unknown,All Students,0.000217884521203762,0.8780007870916959,0.0002499637149446048,0.7315369261477049,0.0002518069113128189,0.7862846406763744,Jun-22,2022-07-22,0,Medium Risk
650011,Hartland School District,Students With Disabilities,Students With Disabilities,1.7990465053521628e-05,0.832349468713105,2.4190036930123046e-05,0.6373918829008653,2.1639656440945378e-05,0.7806481916392674,Jun-22,2022-07-22,0,Medium Risk
650011,Hartland School District,Free/Reduced Lunch,Free/Reduced Price Meal Eligible,1.199364336901442e-05,0.8520267611176702,1.2095018465061523e-05,0.5495675316034601,1.967241494631398e-05,0.7599812118365437,Jun-22,2022-07-22,0,Medium Risk
650011,Hartland School District,Race/Ethnicity,White,0.00017790570997371395,0.8787878787878785,0.0002056153139060459,0.7365269461077846,0.00021246208142019097,0.7848755284170972,Jun-22,2022-07-22,1,Low Risk
650011,Hartland School District,High Needs,Students Without High Needs,0.00013193007705915863,0.9012199921290831,0.00014715605799158187,0.7857618097139056,0.00014951035359198625,0.8060122123062472,Jun-22,2022-07-22,1,Low Risk
650011,Hartland School District,High Needs,Students With High Needs,4.5975632914555285e-05,0.8343171979535615,5.241174668193327e-05,0.6157684630738527,6.295172782820474e-05,0.7505871301080322,Jun-22,2022-07-22,0,Medium Risk
670011,Hebron School District,Unknown,All Students,0.0012293484453239781,0.9346713892168435,0.001167169281878437,0.9397870924817036,0.001127229376423791,0.8050728041333963,Jun-22,2022-07-22,1,Low Risk
670011,Hebron School District,Students With Disabilities,Students With Disabilities,8.995232526760816e-05,0.9248327430145609,9.474431130964859e-05,0.9248170326014642,0.0001003293162262013,0.7623297322686708,Jun-22,2022-07-22,1,Low Risk
670011,Hebron School District,Free/Reduced Lunch,Free Meal Eligible,0.00010994173088263219,0.9035812672176307,0.00010885516618555372,0.9118429807052566,0.0006767310741532008,0.7595115077501173,Jun-22,2022-07-22,1,Low Risk
670011,Hebron School District,Free/Reduced Lunch,Reduced Price Meal Eligible,1.5991524492019223e-05,0.887445887445887,2.015836410843587e-06,0.9025282767797744,0.0006767310741532008,0.7595115077501173,Jun-22,2022-07-22,1,Low Risk
670011,Hebron School District,Free/Reduced Lunch,Free/Reduced Price Meal Eligible,0.0001659120666046995,0.8992522628886266,0.00015118773081326903,0.9098469727212248,0.00013967414611882925,0.7595115077501173,Jun-22,2022-07-22,1,Low Risk
670011,Hebron School District,Race/Ethnicity,Hispanic/Latino of any race,2.9984108422536048e-05,0.8756395120031479,2.0158364108435872e-05,0.857950765136394,5.901724483894192e-06,0.7905119774542042,Jun-22,2022-07-22,1,Low Risk
670011,Hebron School District,Race/Ethnicity,White,0.001085424724895805,0.9386068476977569,0.0010542824428711962,0.9437791084497675,0.0010308345431868525,0.8041333959605446,Jun-22,2022-07-22,1,Low Risk
670011,Hebron School District,High Needs,Students Without High Needs,0.0009115168960450961,0.9464777646595826,0.0008748730023061169,0.9471057884231544,0.0008498483256807638,0.8149365899483332,Jun-22,2022-07-22,1,Low Risk
670011,Hebron School District,High Needs,Students With High Needs,0.0002578633324338101,0.9090909090909092,0.0002459320421229176,0.919161676646707,0.00023803622085039912,0.7740723344293094,Jun-22,2022-07-22,1,Low Risk
680011,Kent School District,Unknown,All Students,0.00034981459826292064,0.9063360881542697,0.00034067635343256624,0.9258150365934803,0.00033443105408733763,0.7956787224048858,Jun-22,2022-07-22,1,Low Risk
680011,Kent School District,Students With Disabilities,Students With Disabilities,1.998940561502398e-06,0.832349468713105,0.0006692576884000709,0.8356620093147042,0.0006767310741532008,0.7595115077501173,Jun-22,2022-07-22,1,Low Risk
680011,Kent School District,Free/Reduced Lunch,Free/Reduced Price Meal Eligible,4.5975632914555285e-05,0.8032270759543487,4.0316728216871744e-05,0.894876912840985,4.918103736578494e-05,0.7552841709722884,Jun-22,2022-07-22,1,Low Risk
680011,Kent School District,Race/Ethnicity,White,0.00029184532197935095,0.9110586383313657,0.00027213791546388426,0.9278110445775116,0.0002734465677537643,0.7895725692813524,Jun-22,2022-07-22,1,Low Risk
680011,Kent School District,High Needs,Students Without High Needs,0.00023787392681878604,0.9386068476977569,0.00023383702365785611,0.939121756487026,0.00022229828889334794,0.8088304368248007,Jun-22,2022-07-22,1,Low Risk
680011,Kent School District,High Needs,Students With High Needs,6.996291965258413e-05,0.8232979142070049,6.24909287361512e-05,0.8885562208915507,7.278793530136172e-05,0.7642085486143735,Jun-22,2022-07-22,1,Low Risk
690011,Killingly School District,Unknown,All Students,0.004447642749342848,0.7638724911452188,0.004467093486429389,0.6932801064537593,0.004518753713168321,0.7078440582433068,Jun-22,2022-07-22,0,Medium Risk
690011,Killingly School District,Students With Disabilities,Students With Disabilities,0.0007356101266328846,0.6678473042109405,0.0006793368704542888,0.5688622754491024,0.0007141086625511974,0.6026303428839839,Jun-22,2022-07-22,2,High Risk
690011,Killingly School District,Free/Reduced Lunch,Free Meal Eligible,0.0016531238443624877,0.6584022038567494,0.0016550016933025852,0.5385894876912847,0.001988881151072343,0.642555190230155,Jun-22,2022-07-22,2,High Risk
690011,Killingly School District,Free/Reduced Lunch,Reduced Price Meal Eligible,0.0002578633324338101,0.7693821330184965,0.00027616958828557145,0.671656686626747,0.00029115174120544686,0.712541099107562,Jun-22,2022-07-22,0,Medium Risk
690011,Killingly School District,Free/Reduced Lunch,Free/Reduced Price Meal Eligible,0.001950965988026346,0.6749311294765841,0.0019714880098050283,0.5598802395209588,0.002319377722170418,0.6524189760450918,Jun-22,2022-07-22,2,High Risk
690011,Killingly School District,English Learners,English Learners,7.995762246009614e-05,0.7650531286894919,8.668096566627424e-05,0.6536926147704594,7.672241829062451e-05,0.714889619539691,Jun-22,2022-07-22,0,Medium Risk
690011,Killingly School District,Race/Ethnicity,All other races,0.0003877944689314663,0.7638724911452188,0.00038704059088196874,0.646373918829009,0.0003796776084638598,0.7233442930953498,Jun-22,2022-07-22,0,Medium Risk
690011,Killingly School District,Race/Ethnicity,Black or African American,2.9984108422536048e-05,0.8024399842581658,3.426921898434099e-05,0.6460412508316704,6.098448633357334e-05,0.6702677313292629,Jun-22,2022-07-22,0,Medium Risk
690011,Killingly School District,Race/Ethnicity,Hispanic/Latino of any race,0.0004777467941990745,0.6702085792994881,0.00040719895499040457,0.5618762475049901,0.00039541554042091096,0.6453734147487085,Jun-22,2022-07-22,2,High Risk
690011,Killingly School District,Race/Ethnicity,White,0.0034321809440996274,0.7768595041322315,0.0035176345369220597,0.7162341982701266,0.003564641588272093,0.714889619539691,Jun-22,2022-07-22,0,Medium Risk
690011,Killingly School District,High Needs,Students Without High Needs,0.0020029384426254087,0.8492719401810307,0.002025915592897805,0.8160345974717234,0.0018964208008246674,0.7782996712071402,Jun-22,2022-07-22,1,Low Risk
690011,Killingly School District,High Needs,Students With High Needs,0.002280791180674243,0.6934277843368752,0.0022879743263074714,0.5871590153027282,0.002582988082451025,0.6552372005636453,Jun-22,2022-07-22,2,High Risk
710011,Lebanon School District,Unknown,All Students,0.0017310825262610815,0.8791814246359699,0.0017699043687206695,0.9125083166999337,0.0017980587260930977,0.7811178957256928,Jun-22,2022-07-22,1,Low Risk
710011,Lebanon School District,Students With Disabilities,Students With Disabilities,0.0002518665107493029,0.8142463597009049,0.0002681062426421971,0.8323353293413178,0.0002872172582161841,0.7271019257867541,Jun-22,2022-07-22,1,Low Risk
710011,Lebanon School District,Free/Reduced Lunch,Free Meal Eligible,0.0003638071821934375,0.8166076347894529,0.00038300891806028155,0.8366600133067204,0.00041312071387259353,0.7224048849224989,Jun-22,2022-07-22,1,Low Risk
710011,Lebanon School District,Free/Reduced Lunch,Reduced Price Meal Eligible,3.997881123004808e-05,0.8303817394726485,4.434840103855892e-05,0.911177644710579,7.868965978525592e-05,0.78252700798497,Jun-22,2022-07-22,1,Low Risk
710011,Lebanon School District,Free/Reduced Lunch,Free/Reduced Price Meal Eligible,0.0004437648046535336,0.8189689098780004,0.0004676740473157122,0.8489687292082508,0.0005311552035504773,0.7350868952559892,Jun-22,2022-07-22,1,Low Risk
710011,Lebanon School District,Race/Ethnicity,Hispanic/Latino of any race,9.195126582911056e-05,0.8697363242817788,8.264929284458708e-05,0.8872255489021956,6.295172782820474e-05,0.7811178957256928,Jun-22,2022-07-22,1,Low Risk
710011,Lebanon School District,Race/Ethnicity,White,0.001511199064495817,0.8862652499016135,0.0015461465271170314,0.9171656686626752,0.0015954328521460637,0.7797087834664165,Jun-22,2022-07-22,1,Low Risk
710011,Lebanon School District,High Needs,Students Without High Needs,0.0010734310815267907,0.9098780007870917,0.0010542824428711962,0.9441117764471061,0.001048539716638535,0.8064819163926726,Jun-22,2022-07-22,1,Low Risk
710011,Lebanon School District,High Needs,Students With High Needs,0.0006076779306967308,0.8272333726879184,0.0006511151607024786,0.8672654690618766,0.0007101741795619346,0.7440112728980743,Jun-22,2022-07-22,1,Low Risk
720011,Ledyard School District,Unknown,All Students,0.004805453109851779,0.7733175914994095,0.004606186198777597,0.5262807717897542,0.004565967509039474,0.7778299671207138,Jun-22,2022-07-22,0,Medium Risk
720011,Ledyard School District,Students With Disabilities,Students With Disabilities,0.0007715910567399278,0.7131050767414404,0.0007660178361205631,0.4660678642714573,0.000836077635218344,0.7482386096759042,Jun-22,2022-07-22,2,High Risk
720011,Ledyard School District,Free/Reduced Lunch,Free Meal Eligible,0.0007116228398948558,0.6717827626918536,0.0009071263848796143,0.3945442448436465,0.0009973914377781187,0.7200563644903717,Jun-22,2022-07-22,2,High Risk
720011,Ledyard School District,Free/Reduced Lunch,Reduced Price Meal Eligible,0.00019389723446573318,0.7095631641086184,0.00028624877033978937,0.4587491683300069,0.0003088569146571295,0.7684358853922024,Jun-22,2022-07-22,2,High Risk
720011,Ledyard School District,Free/Reduced Lunch,Free/Reduced Price Meal Eligible,0.0009454988855906369,0.6804407713498621,0.0012336918834362754,0.4111776447105795,0.001345593182327876,0.7327383748238612,Jun-22,2022-07-22,2,High Risk
720011,Ledyard School District,English Learners,English Learners,3.398198954554086e-05,0.7969303423848877,2.0158364108435872e-05,0.622089155023287,3.344310540873376e-05,0.7853452325035235,Jun-22,2022-07-22,0,Medium Risk
720011,Ledyard School District,Race/Ethnicity,All other races,0.0005716970005896875,0.7351436442345536,0.0005281491396410198,0.4514304723885565,0.0005095155471095319,0.7585720995772665,Jun-22,2022-07-22,2,High Risk
720011,Ledyard School District,Race/Ethnicity,Black or African American,0.00017990465053521634,0.6839826839826841,0.00017940944056507927,0.5096473719228216,0.00020656035693629676,0.7703147017379051,Jun-22,2022-07-22,2,High Risk
720011,Ledyard School District,Race/Ethnicity,Hispanic/Latino of any race,0.0005257213676751321,0.7095631641086184,0.0004596107016723378,0.5013306719893551,0.00047213795871153553,0.7651479567872244,Jun-22,2022-07-22,2,High Risk
720011,Ledyard School District,Race/Ethnicity,White,0.0034081936573615986,0.7957497048406137,0.0033180667322485445,0.5435795076513643,0.003259719156604226,0.7834664161578209,Jun-22,2022-07-22,0,Medium Risk
720011,Ledyard School District,High Needs,Students Without High Needs,0.003132339859874267,0.8095238095238098,0.002701220790530407,0.5841650033266803,0.002626267395332916,0.8050728041333963,Jun-22,2022-07-22,0,Medium Risk
720011,Ledyard School District,High Needs,Students With High Needs,0.0015331874106723437,0.7024793388429753,0.0017557935138447645,0.43712574850299424,0.0019003552838139303,0.74025364020667,Jun-22,2022-07-22,2,High Risk
730011,Lisbon School District,Unknown,All Students,0.0007216175427023678,0.8083431719795358,0.0007599703268880324,0.8652694610778444,0.0007219776285297229,0.8125880695162051,Jun-22,2022-07-22,1,Low Risk
730011,Lisbon School District,Students With Disabilities,Students With Disabilities,8.395550358310096e-05,0.7689885871704054,8.063345643374349e-05,0.8240186294078513,7.868965978525592e-05,0.7463597933302015,Jun-22,2022-07-22,0,Medium Risk
730011,Lisbon School District,Free/Reduced Lunch,Free/Reduced Price Meal Eligible,0.0002238813428882692,0.7843368752459661,0.00027213791546388426,0.8346640053226881,0.00024197070383966194,0.7933302019727568,Jun-22,2022-07-22,1,Low Risk
730011,Lisbon School District,Race/Ethnicity,Hispanic/Latino of any race,4.797457347605768e-05,0.7233372687918145,6.652260155783838e-05,0.7967398536260815,4.7213795871153543e-05,0.7496477219351814,Jun-22,2022-07-22,0,Medium Risk
730011,Lisbon School District,Race/Ethnicity,White,0.0005657001789051803,0.8193624557260923,0.0005724975406795787,0.874251497005988,0.0005547621014860541,0.8215124471582902,Jun-22,2022-07-22,1,Low Risk
730011,Lisbon School District,High Needs,Students Without High Needs,0.0003658061227549399,0.837072018890201,0.00037292973600606364,0.8848968729208253,0.00038361209145312255,0.834664161578206,Jun-22,2022-07-22,1,Low Risk
730011,Lisbon School District,High Needs,Students With High Needs,0.00029584320310235574,0.7886658795749706,0.0003285813349675047,0.8436460412508322,0.00029902070718397245,0.7839361202442463,Jun-22,2022-07-22,1,Low Risk
740011,Litchfield School District,Unknown,All Students,0.001575165162463894,0.8449429358520266,0.001582431582512216,0.869926813040586,0.0015993673351353264,0.8055425082198218,Jun-22,2022-07-22,1,Low Risk
740011,Litchfield School District,Students With Disabilities,Students With Disabilities,0.00024187180794179084,0.7256985438803616,0.00022778951442532533,0.8190286094477712,0.00024000346234503056,0.7007984969469234,Jun-22,2022-07-22,0,Medium Risk
740011,Litchfield School District,Free/Reduced Lunch,Free Meal Eligible,0.0001659120666046995,0.7619047619047619,0.00019150445903014078,0.8190286094477712,0.00024000346234503056,0.7609206200093945,Jun-22,2022-07-22,0,Medium Risk
740011,Litchfield School District,Free/Reduced Lunch,Reduced Price Meal Eligible,1.5991524492019223e-05,0.8248720975993704,2.0158364108435872e-05,0.8629407850964741,5.114827886041634e-05,0.7853452325035235,Jun-22,2022-07-22,1,Low Risk
740011,Litchfield School District,Free/Reduced Lunch,Free/Reduced Price Meal Eligible,0.0002218824023267668,0.775285320739866,0.00025197955135544843,0.8283433133732538,0.0003304965710980748,0.767026773132927,Jun-22,2022-07-22,0,Medium Risk
740011,Litchfield School District,Race/Ethnicity,Hispanic/Latino of any race,7.795868189859374e-05,0.7693821330184965,6.0475092325307616e-05,0.8459747172322025,4.7213795871153543e-05,0.7566932832315638,Jun-22,2022-07-22,0,Medium Risk
740011,Litchfield School District,Race/Ethnicity,White,0.0013712732251906488,0.8508461235733962,0.0014030221419471369,0.8729208250166338,0.0014321518080916576,0.8069516204790981,Jun-22,2022-07-22,1,Low Risk
740011,Litchfield School District,High Needs,Students Without High Needs,0.0010834257843343026,0.8724911452184179,0.0010583141156928833,0.8842315369261482,0.0010367362676707468,0.8337247534053542,Jun-22,2022-07-22,1,Low Risk
740011,Litchfield School District,High Needs,Students With High Needs,0.0004397669235305288,0.7784336875245965,0.0004596107016723378,0.8386560212907521,0.0005232862375719518,0.7510568341944577,Jun-22,2022-07-22,0,Medium Risk
760011,Madison School District,Unknown,All Students,0.004785463704236755,0.9606454151908697,0.004956941734264381,0.9540918163672658,0.005044007192234904,0.8238609675904183,Jun-22,2022-07-22,1,Low Risk
760011,Madison School District,Students With Disabilities,Students With Disabilities,0.0006376620391192668,0.9346713892168435,0.0006894160525085068,0.9288090485695277,0.0007082069380673032,0.8083607327383753,Jun-22,2022-07-22,1,Low Risk
760011,Madison School District,Free/Reduced Lunch,Free Meal Eligible,9.195126582911056e-05,0.8807556080283354,9.272847489880502e-05,0.8829008649367935,9.04931087530443e-05,0.7642085486143735,Jun-22,2022-07-22,1,Low Risk
760011,Madison School District,Free/Reduced Lunch,Reduced Price Meal Eligible,5.996821684507207e-06,0.9736324281778828,1.0079182054217936e-05,0.8443113772455093,1.1803448967788391e-05,0.8055425082198218,Jun-22,2022-07-22,1,Low Risk
760011,Madison School District,Free/Reduced Lunch,Free/Reduced Price Meal Eligible,0.00013792689874366583,0.9047619047619047,0.00014312438516989468,0.8719228210246177,0.00014164138761346064,0.7759511507750121,Jun-22,2022-07-22,1,Low Risk
760011,Madison School District,English Learners,English Learners,3.7979870668545667e-05,0.9535615899252261,2.822170975181022e-05,0.931470392548237,3.541034690336516e-05,0.8041333959605446,Jun-22,2022-07-22,1,Low Risk
760011,Madison School District,Race/Ethnicity,All other races,0.0003258273115248918,1.0,0.00033664468061087905,0.9693945442448437,0.00037574312547459696,0.8440582433067174,Jun-22,2022-07-22,1,Low Risk
760011,Madison School District,Race/Ethnicity,White,0.004073840864341899,0.9574970484061391,0.004253414826879969,0.955755156353959,0.0043476037031353896,0.8215124471582902,Jun-22,2022-07-22,1,Low Risk
760011,Madison School District,High Needs,Students Without High Needs,0.003917923500544712,0.9653679653679652,0.003999419439113677,0.9604125083167001,0.004131207138725936,0.8271488961953972,Jun-22,2022-07-22,1,Low Risk
760011,Madison School District,High Needs,Students With High Needs,0.0008035741057239663,0.9386068476977569,0.0008547146381976809,0.9248170326014642,0.0008734552236163406,0.8088304368248007,Jun-22,2022-07-22,1,Low Risk
770011,Manchester School District,Unknown,All Students,0.012031623239682968,0.6698150334513975,0.01096413423857827,0.6660013306719899,0.011809350692272281,0.6829497416627524,Jun-22,2022-07-22,0,Medium Risk
770011,Manchester School District,Students With Disabilities,Students With Disabilities,0.001877005187250757,0.5092483274301456,0.0017376509861471723,0.48137059214903566,0.0018472397634588826,0.5786754344762803,Jun-22,2022-07-22,2,High Risk
770011,Manchester School District,Free/Reduced Lunch,Free Meal Eligible,0.005800925509479976,0.5608028335301061,0.005497185892370462,0.5266134397870932,0.00647419175883193,0.6176608736496014,Jun-22,2022-07-22,2,High Risk
770011,Manchester School District,Free/Reduced Lunch,Reduced Price Meal Eligible,0.0009534946478366467,0.7292404565131836,0.000796255382283217,0.6922821024617436,0.0007927983223364533,0.7505871301080322,Jun-22,2022-07-22,0,Medium Risk
770011,Manchester School District,Free/Reduced Lunch,Free/Reduced Price Meal Eligible,0.00679439896854667,0.5852026761117672,0.006333758002870551,0.5489021956087825,0.007306334911061012,0.6331611085016444,Jun-22,2022-07-22,2,High Risk
770011,Manchester School District,English Learners,English Learners,0.00088153278762256,0.668240850059032,0.000776097018174781,0.6314038589487696,0.000855750050164658,0.6218882104274313,Jun-22,2022-07-22,0,Medium Risk
770011,Manchester School District,Race/Ethnicity,All other races,0.0012813208999230407,0.7201889020070835,0.0011792643003434985,0.7661343978709252,0.0012983793864567226,0.693752935650541,Jun-22,2022-07-22,0,Medium Risk
770011,Manchester School District,Race/Ethnicity,Black or African American,0.0029424405065315382,0.6859504132231407,0.0026992049541195635,0.6254158349966739,0.0029390587929793086,0.7078440582433068,Jun-22,2022-07-22,0,Medium Risk
770011,Manchester School District,Race/Ethnicity,Hispanic/Latino of any race,0.003979890657951286,0.5733963006690281,0.003428937734844942,0.557551563539588,0.003456443306067366,0.6223579145138558,Jun-22,2022-07-22,2,High Risk
770011,Manchester School District,Race/Ethnicity,White,0.003708034741586959,0.7406532861078317,0.003535777064619652,0.7648037258815705,0.0039974347170910005,0.7130108031939884,Jun-22,2022-07-22,0,Medium Risk
770011,Manchester School District,High Needs,Students Without High Needs,0.00405784933984988,0.8146399055489963,0.003566014610782306,0.854291417165669,0.0037810381526815467,0.7693752935650542,Jun-22,2022-07-22,1,Low Risk
770011,Manchester School District,High Needs,Students With High Needs,0.007597973074270637,0.5981896890987799,0.007051395765130868,0.5701929474384566,0.007988967709698105,0.6411460779708786,Jun-22,2022-07-22,2,High Risk
780011,Mansfield School District,Unknown,All Students,0.0018550168410742306,0.8673750491932308,0.0019311712815881566,0.8962075848303397,0.0020754397768361246,0.7966181305777367,Jun-22,2022-07-22,1,Low Risk
780011,Mansfield School District,Students With Disabilities,Students With Disabilities,0.0002218824023267668,0.7662337662337659,0.00019755196826267153,0.8310046573519632,0.00023213449636650497,0.7510568341944577,Jun-22,2022-07-22,0,Medium Risk
780011,Mansfield School District,Free/Reduced Lunch,Free Meal Eligible,0.0004237753990385096,0.7497048406139313,0.00045154735602896353,0.8007318695941454,0.0005547621014860541,0.7468294974166279,Jun-22,2022-07-22,0,Medium Risk
780011,Mansfield School District,Free/Reduced Lunch,Reduced Price Meal Eligible,1.9989405615024032e-05,0.9138134592680043,7.055427437952555e-05,0.8829008649367935,4.327931288189075e-05,0.8074213245655244,Jun-22,2022-07-22,1,Low Risk
780011,Mansfield School District,Free/Reduced Lunch,Free/Reduced Price Meal Eligible,0.0004837436158835817,0.7685950413223139,0.0005624183586253608,0.8157019294743852,0.0006373862442605728,0.7543447627994366,Jun-22,2022-07-22,0,Medium Risk
780011,Mansfield School District,English Learners,English Learners,5.39713951605649e-05,0.8732782369146004,3.426921898434099e-05,0.898868928809049,8.45913842691501e-05,0.8421794269610148,Jun-22,2022-07-22,1,Low Risk
780011,Mansfield School District,Race/Ethnicity,All other races,0.0002638601541183173,0.9504132231404956,0.0002922962795723201,0.9554224883566205,0.00034623450305512604,0.8365429779239077,Jun-22,2022-07-22,1,Low Risk
780011,Mansfield School District,Race/Ethnicity,Black or African American,2.398728673802884e-05,0.8705234159779613,2.620587334096664e-05,0.8067198935462412,2.1639656440945378e-05,0.7327383748238612,Jun-22,2022-07-22,1,Low Risk
780011,Mansfield School District,Race/Ethnicity,Hispanic/Latino of any race,0.00025986227299531247,0.7583628492719403,0.00025802706058797916,0.7927478376580179,0.00024393794533429333,0.7496477219351814,Jun-22,2022-07-22,0,Medium Risk
780011,Mansfield School District,Race/Ethnicity,White,0.0011873706935324278,0.8732782369146004,0.0012336918834362754,0.9095143047238858,0.001345593182327876,0.798027242837013,Jun-22,2022-07-22,1,Low Risk
780011,Mansfield School District,High Needs,Students Without High Needs,0.0011074130710723316,0.9153876426603698,0.001142979244948314,0.9344644045242849,0.0012019845532197841,0.815875998121184,Jun-22,2022-07-22,1,Low Risk
780011,Mansfield School District,High Needs,Students With High Needs,0.000663648266418798,0.7922077922077921,0.0007115902530277862,0.8366600133067204,0.0008341103937237126,0.7679661813057779,Jun-22,2022-07-22,1,Low Risk
790011,Marlborough School District,Unknown,All Students,0.0008495497386385216,0.9090909090909092,0.0008345562740892451,0.8842315369261482,0.0008006672883149789,0.8013151714419919,Jun-22,2022-07-22,1,Low Risk
790011,Marlborough School District,Students With Disabilities,Students With Disabilities,5.197245459906249e-05,0.9043683589138132,5.8459255914464035e-05,0.8599467731204262,6.885345231209892e-05,0.794739314232034,Jun-22,2022-07-22,1,Low Risk
790011,Marlborough School District,Free/Reduced Lunch,Free/Reduced Price Meal Eligible,0.0001019459686366226,0.8709169618260528,8.869680207711784e-05,0.8316699933466403,9.04931087530443e-05,0.7820573038985437,Jun-22,2022-07-22,1,Low Risk
790011,Marlborough School District,Race/Ethnicity,Hispanic/Latino of any race,3.7979870668545667e-05,0.8984651711924436,1.8142527697592285e-05,0.8047238855622094,1.7705173451682583e-05,0.8266791921089718,Jun-22,2022-07-22,1,Low Risk
790011,Marlborough School District,Race/Ethnicity,White,0.0007236164832638702,0.9134199134199132,0.0007236852714928478,0.8875582168995346,0.0006865672816263578,0.7984969469234384,Jun-22,2022-07-22,1,Low Risk
790011,Marlborough School District,High Needs,Students Without High Needs,0.0006276673363117548,0.9161747343565523,0.0006107984324856069,0.8932135728542918,0.0005823034824108937,0.8036636918741191,Jun-22,2022-07-22,1,Low Risk
790011,Marlborough School District,High Needs,Students With High Needs,0.0001739078288507091,0.8831168831168825,0.0001733619313325485,0.8589487691284101,0.0001790189760114572,0.7952090183184595,Jun-22,2022-07-22,1,Low Risk
800011,Meriden School District,Unknown,All Students,0.016903041388064324,0.7713498622589534,0.0163302907642439,0.8003992015968064,0.015800883684879388,0.7449506810709252,Jun-22,2022-07-22,0,Medium Risk
800011,Meriden School District,Students With Disabilities,Students With Disabilities,0.0032842593425484496,0.6662731208185755,0.0030943088906449064,0.6966067864271461,0.0031672588063565506,0.644903710662283,Jun-22,2022-07-22,0,Medium Risk
800011,Meriden School District,Free/Reduced Lunch,Free Meal Eligible,0.011889698459816297,0.7382920110192837,0.010577093647696302,0.7604790419161684,0.010516873030299452,0.7083137623297331,Jun-22,2022-07-22,0,Medium Risk
800011,Meriden School District,Free/Reduced Lunch,Reduced Price Meal Eligible,0.001926978701288317,0.8496654860291222,0.0016469383476592108,0.8802395209580842,0.0017331397567702616,0.8064819163926726,Jun-22,2022-07-22,1,Low Risk
800011,Meriden School District,Free/Reduced Lunch,Free/Reduced Price Meal Eligible,0.013856655972334663,0.7540338449429362,0.012264348723572384,0.777112441783101,0.012289357616962341,0.7228745890089243,Jun-22,2022-07-22,0,Medium Risk
800011,Meriden School District,English Learners,English Learners,0.002746544331504303,0.7508854781582053,0.0025339063684303893,0.7850964737192285,0.0026931536061503836,0.7275716298731805,Jun-22,2022-07-22,0,Medium Risk
800011,Meriden School District,Race/Ethnicity,All other races,0.001045445913665757,0.8162140889413618,0.0009615539679723911,0.8536260811709919,0.0009757517813371732,0.7806481916392674,Jun-22,2022-07-22,1,Low Risk
800011,Meriden School District,Race/Ethnicity,Black or African American,0.0018710083655662498,0.7760724124360485,0.0017719202051315133,0.8027278775781777,0.0016151052670923777,0.7750117426021603,Jun-22,2022-07-22,0,Medium Risk
800011,Meriden School District,Race/Ethnicity,Hispanic/Latino of any race,0.010024686915934555,0.7438016528925622,0.009538937896111854,0.7757817697937464,0.009133902259573579,0.721465476749648,Jun-22,2022-07-22,0,Medium Risk
800011,Meriden School District,Race/Ethnicity,White,0.0038419637592076203,0.8276269185360094,0.003936928510377526,0.8446440452428479,0.003958089887198373,0.7773602630342893,Jun-22,2022-07-22,1,Low Risk
800011,Meriden School District,High Needs,Students Without High Needs,0.002004937383186911,0.8992522628886266,0.0029269944685448887,0.9058549567531604,0.002779712231914165,0.837952090183185,Jun-22,2022-07-22,1,Low Risk
800011,Meriden School District,High Needs,Students With High Needs,0.01445234025966238,0.7556080283353008,0.012994081504297763,0.7784431137724552,0.012981826623072594,0.724753405354627,Jun-22,2022-07-22,0,Medium Risk
830011,Middletown School District,Unknown,All Students,0.008647416869059399,0.7040535222353403,0.008643906529697301,0.7824351297405197,0.008789634998013085,0.7393142320338191,Jun-22,2022-07-22,0,Medium Risk
830011,Middletown School District,Homelessness,Students Experiencing Homelessness,2.9984108422536048e-05,0.45926800472255014,1.8142527697592285e-05,0.2907518296739857,3.737758839799656e-05,0.4180366369187416,Jun-22,2022-07-22,2,High Risk
830011,Middletown School District,Students With Disabilities,Students With Disabilities,0.0011513897634253844,0.5722156631247541,0.0011349158993049398,0.6077844311377252,0.0011528035158539993,0.6467825270079857,Jun-22,2022-07-22,2,High Risk
830011,Middletown School District,Free/Reduced Lunch,Free Meal Eligible,0.002746544331504303,0.5974025974025974,0.003342256769178668,0.6397205588822357,0.003763332979229864,0.672616251761391,Jun-22,2022-07-22,2,High Risk
830011,Middletown School District,Free/Reduced Lunch,Reduced Price Meal Eligible,0.0004117817556694952,0.6477764659582843,0.000497911593478366,0.7405189620758486,0.00040918623088333076,0.7637388445279472,Jun-22,2022-07-22,0,Medium Risk
830011,Middletown School District,Free/Reduced Lunch,Free/Reduced Price Meal Eligible,0.003198304898403846,0.6044864226682405,0.003880485090873905,0.6536926147704594,0.0042118640400058225,0.6824800375763269,Jun-22,2022-07-22,0,Medium Risk
830011,Middletown School District,English Learners,English Learners,0.00033782095489390626,0.720582447855175,0.00027213791546388426,0.6959414504324686,0.00032066036362491784,0.7346171911695629,Jun-22,2022-07-22,0,Medium Risk
830011,Middletown School District,Race/Ethnicity,All other races,0.0013652764035061416,0.7375049193231011,0.0013304520311567677,0.8100465735196276,0.0012098535191983097,0.7632691404415217,Jun-22,2022-07-22,0,Medium Risk
830011,Middletown School District,Race/Ethnicity,Black or African American,0.001867010484443245,0.6308539944903582,0.0017457143317905466,0.6736526946107784,0.00174494320573805,0.7177078440582436,Jun-22,2022-07-22,0,Medium Risk
830011,Middletown School District,Race/Ethnicity,Hispanic/Latino of any race,0.0013632774629446392,0.609602518693428,0.0015441306907061879,0.6556886227544916,0.0016977294098668963,0.6707374354156883,Jun-22,2022-07-22,0,Medium Risk
830011,Middletown School District,Race/Ethnicity,White,0.003931916084475229,0.7607241243604879,0.003902659291393185,0.8725881570192948,0.004019074373531946,0.7712541099107559,Jun-22,2022-07-22,1,Low Risk
830011,Middletown School District,High Needs,Students Without High Needs,0.004533597193487452,0.779220779220779,0.004063926204260672,0.9098469727212248,0.004042681271467522,0.8013151714419919,Jun-22,2022-07-22,1,Low Risk
830011,Middletown School District,High Needs,Students With High Needs,0.0038999330354911894,0.6202282565918931,0.004398555048460707,0.6660013306719899,0.004707608896652935,0.6857679661813059,Jun-22,2022-07-22,0,Medium Risk
840011,Milford School District,Unknown,All Students,0.010362507870828461,0.8166076347894529,0.010591204502572206,0.845642049234864,0.010573923033643762,0.7651479567872244,Jun-22,2022-07-22,1,Low Risk
840011,Milford School District,Students With Disabilities,Students With Disabilities,0.0015271905889878363,0.7060212514757964,0.0015320356722411264,0.7418496340652037,0.001567891471221224,0.65054015969939,Jun-22,2022-07-22,0,Medium Risk
840011,Milford School District,Free/Reduced Lunch,Free Meal Eligible,0.0021848420337221273,0.7355371900826442,0.002388766146849651,0.7375249500998007,0.002502331181171138,0.6932832315641146,Jun-22,2022-07-22,0,Medium Risk
840011,Milford School District,Free/Reduced Lunch,Reduced Price Meal Eligible,0.0005237224271136297,0.7886658795749706,0.0005503233401602993,0.8010645375914844,0.00041902243835648773,0.7726632221700331,Jun-22,2022-07-22,0,Medium Risk
840011,Milford School District,Free/Reduced Lunch,Free/Reduced Price Meal Eligible,0.002748543272065805,0.7465564738292008,0.002979406215226822,0.7501663339986697,0.002960698449420254,0.7059652418976041,Jun-22,2022-07-22,0,Medium Risk
840011,Milford School District,English Learners,English Learners,0.00020189299671174277,0.8614718614718613,0.00020964698672773304,0.8333333333333339,0.0002655776017752387,0.7397839361202445,Jun-22,2022-07-22,1,Low Risk
840011,Milford School District,Race/Ethnicity,All other races,0.0012753240782385335,0.8595041322314048,0.0012538502475447112,0.8829008649367935,0.001241329383112412,0.7928604978863323,Jun-22,2022-07-22,1,Low Risk
840011,Milford School District,Race/Ethnicity,Black or African American,0.0004677520913915625,0.7807949626131445,0.0004676740473157122,0.736194278110446,0.0004583672682491157,0.7604509159229691,Jun-22,2022-07-22,0,Medium Risk
840011,Milford School District,Race/Ethnicity,Hispanic/Latino of any race,0.0014952075400037979,0.7827626918536006,0.001362705413730265,0.813705921490353,0.001270838005531883,0.7529356505401594,Jun-22,2022-07-22,0,Medium Risk
840011,Milford School District,Race/Ethnicity,White,0.007004287727504423,0.8181818181818183,0.007386024609330903,0.8522954091816368,0.007485353887072469,0.7627994363550963,Jun-22,2022-07-22,1,Low Risk
840011,Milford School District,High Needs,Students Without High Needs,0.0063586299261391465,0.8571428571428568,0.006434549823412731,0.8968729208250172,0.006484027966305087,0.8064819163926726,Jun-22,2022-07-22,1,Low Risk
840011,Milford School District,High Needs,Students With High Needs,0.003797987066854567,0.7540338449429362,0.0039732135657727105,0.7628077178975388,0.004050550237446048,0.6975105683419454,Jun-22,2022-07-22,0,Medium Risk
850011,Monroe School District,Unknown,All Students,0.00659450491239643,0.9181424635970088,0.006386169749552484,0.9644045242847641,0.0061141865653143845,0.8168154062940349,Jun-22,2022-07-22,1,Low Risk
850011,Monroe School District,Students With Disabilities,Students With Disabilities,0.000851548679200024,0.8701298701298699,0.0007579544904771887,0.9274783765801735,0.0007573879754330881,0.7472992015030533,Jun-22,2022-07-22,1,Low Risk
850011,Monroe School District,Free/Reduced Lunch,Free Meal Eligible,0.0004837436158835817,0.8276269185360094,0.0004817849021916173,0.8962075848303397,0.0005095155471095319,0.7444809769844998,Jun-22,2022-07-22,1,Low Risk
850011,Monroe School District,Free/Reduced Lunch,Reduced Price Meal Eligible,0.00010994173088263219,0.8827233372687919,0.00012901353029398958,0.9008649367930812,8.06569012798873e-05,0.7698449976514796,Jun-22,2022-07-22,1,Low Risk
850011,Monroe School District,Free/Reduced Lunch,Free/Reduced Price Meal Eligible,0.0006336641579962619,0.8398268398268396,0.0006511151607024786,0.8975382568196943,0.0006295172782820473,0.749178017848755,Jun-22,2022-07-22,1,Low Risk
850011,Monroe School District,English Learners,English Learners,4.5975632914555285e-05,0.9295552931916569,3.426921898434099e-05,0.9244843646041252,2.5574139430208172e-05,0.819163926726163,Jun-22,2022-07-22,1,Low Risk
850011,Monroe School District,Race/Ethnicity,All other races,0.0005896874656432091,0.9366391184573,0.0005745133770904223,0.963739188290087,0.0005114827886041634,0.8473461719116955,Jun-22,2022-07-22,1,Low Risk
850011,Monroe School District,Race/Ethnicity,Black or African American,0.0001639131260431971,0.9586776859504127,0.00011288683900724088,0.9617431803060552,9.04931087530443e-05,0.8543917332080797,Jun-22,2022-07-22,1,Low Risk
850011,Monroe School District,Race/Ethnicity,Hispanic/Latino of any race,0.0009614904100826563,0.8925619834710745,0.0007922237094615298,0.9527611443779112,0.0006550914177122554,0.7905119774542042,Jun-22,2022-07-22,1,Low Risk
850011,Monroe School District,Race/Ethnicity,White,0.004759477476937223,0.9193231011412828,0.004785595639342676,0.9664005322687963,0.0047390847605670375,0.8163457022076095,Jun-22,2022-07-22,1,Low Risk
850011,Monroe School District,High Needs,Students Without High Needs,0.005047324917793569,0.9338842975206609,0.004898482478349917,0.9777112441783102,0.004744986485050931,0.8332550493189297,Jun-22,2022-07-22,1,Low Risk
850011,Monroe School District,High Needs,Students With High Needs,0.0014332403825972233,0.8654073199527748,0.0013606895773194214,0.9194943446440456,0.001329855250370825,0.7595115077501173,Jun-22,2022-07-22,1,Low Risk
860011,Montville School District,Unknown,All Students,0.003897934094929687,0.8158205430932703,0.003858310890354626,0.7734530938123756,0.003908908849832587,0.7919210897134805,Jun-22,2022-07-22,0,Medium Risk
860011,Montville School District,Students With Disabilities,Students With Disabilities,0.0006616493258572956,0.6481700118063753,0.000614830105307294,0.65103127079175,0.0006767310741532008,0.7266322217003296,Jun-22,2022-07-22,0,Medium Risk
860011,Montville School District,Free/Reduced Lunch,Free Meal Eligible,0.0012553346726235095,0.7245179063360885,0.0013244045219242368,0.6410512308715908,0.001434119049586289,0.7205260685767971,Jun-22,2022-07-22,0,Medium Risk
860011,Montville School District,Free/Reduced Lunch,Reduced Price Meal Eligible,0.0003098357870328726,0.8390397481306571,0.0003568030447193149,0.7471723220226218,0.0003009879486786039,0.8154062940347577,Jun-22,2022-07-22,0,Medium Risk
860011,Montville School District,Free/Reduced Lunch,Free/Reduced Price Meal Eligible,0.0016051492708864302,0.7493112947658402,0.0017215242948604235,0.6653359946773123,0.0017744518281575209,0.7383748238609682,Jun-22,2022-07-22,0,Medium Risk
860011,Montville School District,English Learners,English Learners,0.00013792689874366583,0.8476977567886657,0.00014312438516989468,0.7614770459081837,0.00015934656106514323,0.8360732738374832,Jun-22,2022-07-22,1,Low Risk
860011,Montville School District,Race/Ethnicity,All other races,0.000737609067194387,0.836284927194018,0.0007740811817639375,0.7950765136393882,0.0007908310808418218,0.8309065288868016,Jun-22,2022-07-22,1,Low Risk
860011,Montville School District,Race/Ethnicity,Black or African American,0.00013193007705915863,0.8158205430932703,9.877598413133578e-05,0.7182302062541588,9.04931087530443e-05,0.8703616721465472,Jun-22,2022-07-22,0,Medium Risk
860011,Montville School District,Race/Ethnicity,Hispanic/Latino of any race,0.0005517075949746634,0.78236914600551,0.0004958957570675224,0.7265469061876249,0.0005075483056149006,0.7595115077501173,Jun-22,2022-07-22,0,Medium Risk
860011,Montville School District,Race/Ethnicity,White,0.002356750922011334,0.8173947264856358,0.002368607782741215,0.7794411177644713,0.002402001864944937,0.7820573038985437,Jun-22,2022-07-22,0,Medium Risk
860011,Montville School District,High Needs,Students Without High Needs,0.001827031673213197,0.892168437622983,0.001743698495379703,0.8732534930139724,0.0017783863111467838,0.8398309065288876,Jun-22,2022-07-22,1,Low Risk
860011,Montville School District,High Needs,Students With High Needs,0.0019529649285878485,0.7516725698543882,0.0020097889016110564,0.6849634065202932,0.002091177708793176,0.7501174260216068,Jun-22,2022-07-22,0,Medium Risk
880011,Naugatuck School District,Unknown,All Students,0.008371563071572066,0.7996851633215272,0.008325404376784014,0.7548236859614113,0.008366678076667335,0.7083137623297331,Jun-22,2022-07-22,0,Medium Risk
880011,Naugatuck School District,Students With Disabilities,Students With Disabilities,0.0013972594524901802,0.7497048406139313,0.0014131013240013548,0.6949434464404525,0.0014655949135003914,0.5843118835133874,Jun-22,2022-07-22,0,Medium Risk
880011,Naugatuck School District,Free/Reduced Lunch,Free Meal Eligible,0.0036360728813728724,0.724124360487997,0.004186892225322131,0.6866267465069864,0.003950220921219847,0.6510098637858146,Jun-22,2022-07-22,0,Medium Risk
880011,Naugatuck School District,Free/Reduced Lunch,Reduced Price Meal Eligible,0.0007036270776488461,0.8260527351436444,0.00043340482833137124,0.8107119095143052,0.00043279312881890753,0.7261625176139033,Jun-22,2022-07-22,0,Medium Risk
880011,Naugatuck School District,Free/Reduced Lunch,Free/Reduced Price Meal Eligible,0.004379678770251767,0.7410468319559227,0.004660613781870374,0.6989354624085165,0.0044223588799313825,0.6589948332550497,Jun-22,2022-07-22,0,Medium Risk
880011,Naugatuck School District,English Learners,English Learners,0.000653653563611286,0.7682014954742229,0.0005825767227337967,0.7085828343313381,0.0006196810708088903,0.7496477219351814,Jun-22,2022-07-22,0,Medium Risk
880011,Naugatuck School District,Race/Ethnicity,All other races,0.000643658860803774,0.836284927194018,0.0006551468335241658,0.7870924817032607,0.0006885345231209892,0.7364960075152656,Jun-22,2022-07-22,0,Medium Risk
880011,Naugatuck School District,Race/Ethnicity,Black or African American,0.000891527490430072,0.8217237308146399,0.0007861762002289989,0.7438456420492354,0.0007357483189921427,0.7468294974166279,Jun-22,2022-07-22,0,Medium Risk
880011,Naugatuck School District,Race/Ethnicity,Hispanic/Latino of any race,0.0029924140205690986,0.7528532073986622,0.0027133158089954683,0.6976047904191622,0.0024846260077194555,0.6824800375763269,Jun-22,2022-07-22,0,Medium Risk
880011,Naugatuck School District,Race/Ethnicity,White,0.0037240262660789784,0.8244785517512789,0.004049815349384767,0.788755821689954,0.004339734737156864,0.7116016909347112,Jun-22,2022-07-22,0,Medium Risk
880011,Naugatuck School District,High Needs,Students Without High Needs,0.002994412961130601,0.8890200708382525,0.0028080601203051172,0.8532934131736529,0.003129881217958554,0.7820573038985437,Jun-22,2022-07-22,1,Low Risk
880011,Naugatuck School District,High Needs,Students With High Needs,0.005095299491269628,0.7489177489177488,0.005329871470270445,0.7059214903526287,0.005197452028816153,0.6627524659464541,Jun-22,2022-07-22,0,Medium Risk
890011,New Britain School District,Unknown,All Students,0.018548169470180804,0.5977961432506884,0.01901538486348756,0.6297405189620764,0.019129456293795713,0.6496007515265392,Jun-22,2022-07-22,2,High Risk
890011,New Britain School District,Homelessness,Students Experiencing Homelessness,0.00012193537425164663,0.4128295946477767,0.000288264606750633,0.44810379241517007,0.0004701707172169041,0.4570220760920618,Jun-22,2022-07-22,2,High Risk
890011,New Britain School District,Students With Disabilities,Students With Disabilities,0.0037360199094479928,0.4576938213301851,0.0038220258349594416,0.496673320026614,0.003936450230757427,0.5354626585251294,Jun-22,2022-07-22,2,High Risk
890011,New Britain School District,Free/Reduced Lunch,Free Meal Eligible,0.012013632774629447,0.5348288075560803,0.012252253705107323,0.5595475715236198,0.015295302620759116,0.623767026773133,Jun-22,2022-07-22,2,High Risk
890011,New Britain School District,Free/Reduced Lunch,Reduced Price Meal Eligible,0.0014692213127042667,0.6745375836284926,0.0014695447435049752,0.7092481703260152,0.0010642776485955863,0.7421324565523726,Jun-22,2022-07-22,0,Medium Risk
890011,New Britain School District,Free/Reduced Lunch,Free/Reduced Price Meal Eligible,0.013522832898563762,0.550177095631641,0.01376211517682917,0.5761809713905528,0.016398925099247334,0.6317519962423672,Jun-22,2022-07-22,2,High Risk
890011,New Britain School District,English Learners,English Learners,0.003074370583590697,0.5482093663911849,0.0031366414552726216,0.598137059214904,0.003466279513540523,0.5932362611554725,Jun-22,2022-07-22,2,High Risk
890011,New Britain School District,Race/Ethnicity,All other races,0.0011853717529709254,0.7264856355765446,0.0011147575351965037,0.7498336660013312,0.0010760810975633747,0.7256928135274778,Jun-22,2022-07-22,0,Medium Risk
890011,New Britain School District,Race/Ethnicity,Black or African American,0.0019909447992563943,0.6505312868949229,0.0020279314293086487,0.6500332667997344,0.0020872432258039132,0.6899953029591366,Jun-22,2022-07-22,0,Medium Risk
890011,New Britain School District,Race/Ethnicity,Hispanic/Latino of any race,0.012475388044336502,0.5545060999606455,0.01275621280781822,0.5864936793080511,0.01269460936485641,0.620479098168154,Jun-22,2022-07-22,2,High Risk
890011,New Britain School District,Race/Ethnicity,White,0.0027765284399268388,0.6977567886658793,0.0029955329065135708,0.7501663339986697,0.0031534881158941305,0.7130108031939884,Jun-22,2022-07-22,0,Medium Risk
890011,New Britain School District,High Needs,Students Without High Needs,0.0031843123144733292,0.7697756788665879,0.00346723862665097,0.8276779773785767,0.00202625873947034,0.7801784875528419,Jun-22,2022-07-22,0,Medium Risk
890011,New Britain School District,High Needs,Students With High Needs,0.01471020359209619,0.5611963793781976,0.014991775387443756,0.585495675316035,0.017063852724432744,0.6336308125880699,Jun-22,2022-07-22,2,High Risk
900011,New Canaan School District,Unknown,All Students,0.00818166371822934,0.9500196772924041,0.008383863632698479,0.9627411842980709,0.00819159358364514,0.8097698449976516,Jun-22,2022-07-22,1,Low Risk
900011,New Canaan School District,Students With Disabilities,Students With Disabilities,0.0009315063016601202,0.9193231011412828,0.0009474431130964859,0.9431137724550904,0.0010013259207673816,0.7618600281822454,Jun-22,2022-07-22,1,Low Risk
900011,New Canaan School District,English Learners,English Learners,1.998940561502398e-06,0.9370326643053914,1.0079182054217936e-05,0.943446440452429,5.7050003344310544e-05,0.8050728041333963,Jun-22,2022-07-22,1,Low Risk
900011,New Canaan School District,Race/Ethnicity,All other races,0.0009494967667136419,0.9756001574183393,0.0009151897305229885,0.9817032601463742,0.0008675534991324464,0.8309065288868016,Jun-22,2022-07-22,1,Low Risk
900011,New Canaan School District,Race/Ethnicity,Black or African American,6.796397909108173e-05,0.9311294765840223,7.86176200228999e-05,0.9361277445109781,8.06569012798873e-05,0.810239549084077,Jun-22,2022-07-22,1,Low Risk
900011,New Canaan School District,Race/Ethnicity,Hispanic/Latino of any race,0.0004497616263380408,0.9547422274695001,0.0004313889919205277,0.9580838323353298,0.0003777103669692284,0.8276186002818227,Jun-22,2022-07-22,1,Low Risk
900011,New Canaan School District,Race/Ethnicity,White,0.00659450491239643,0.9460842188114915,0.006837717105581448,0.9607451763140391,0.0067476383265856945,0.8055425082198218,Jun-22,2022-07-22,1,Low Risk
900011,New Canaan School District,High Needs,Students Without High Needs,0.007086244290526021,0.9543486816214086,0.007250963569804383,0.9654025282767802,0.007060429724232087,0.8168154062940349,Jun-22,2022-07-22,1,Low Risk
900011,New Canaan School District,High Needs,Students With High Needs,0.0009734840534516707,0.9208972845336483,0.000991791514135045,0.943446440452429,0.0010918190295204258,0.7651479567872244,Jun-22,2022-07-22,1,Low Risk
910011,New Fairfield School District,Unknown,All Students,0.00414980060567899,0.8406139315230221,0.004178828879678756,0.8998669328010651,0.004133174380220567,0.7468294974166279,Jun-22,2022-07-22,1,Low Risk
910011,New Fairfield School District,Students With Disabilities,Students With Disabilities,0.0005916864062047115,0.7697756788665879,0.0005805608863229531,0.8436460412508322,0.0006059103803464704,0.693752935650541,Jun-22,2022-07-22,0,Medium Risk
910011,New Fairfield School District,Free/Reduced Lunch,Free Meal Eligible,0.0003338230737709014,0.7312081857536401,0.0003749455724169072,0.8323353293413178,0.00048000692469006106,0.684828558008455,Jun-22,2022-07-22,0,Medium Risk
910011,New Fairfield School District,Free/Reduced Lunch,Reduced Price Meal Eligible,0.0001059438497596274,0.8295946477764655,9.877598413133578e-05,0.8143712574850301,0.00011410000668862107,0.7087834664161576,Jun-22,2022-07-22,0,Medium Risk
910011,New Fairfield School District,Free/Reduced Lunch,Free/Reduced Price Meal Eligible,0.0004797457347605769,0.7587563951200313,0.0005140382847651147,0.8280106453759148,0.00063345176127131,0.6904650070455611,Jun-22,2022-07-22,0,Medium Risk
910011,New Fairfield School District,English Learners,English Learners,0.00012793219593615384,0.7685950413223139,0.00011893434823977164,0.865934797072522,0.00012983793864567225,0.7421324565523726,Jun-22,2022-07-22,1,Low Risk
910011,New Fairfield School District,Race/Ethnicity,All other races,0.00015591736379718746,0.8571428571428568,0.00015521940363495622,0.9301397205588828,0.00012787069715104087,0.7829967120713954,Jun-22,2022-07-22,1,Low Risk
910011,New Fairfield School District,Race/Ethnicity,Black or African American,4.9973514037560094e-05,0.8543880362062182,1.8142527697592285e-05,0.9291417165668667,2.1639656440945378e-05,0.7679661813057779,Jun-22,2022-07-22,1,Low Risk
910011,New Fairfield School District,Race/Ethnicity,Hispanic/Latino of any race,0.0006836376720338221,0.8083431719795358,0.0005987034140205454,0.8636061210911516,0.0005036138226256378,0.7355565993424147,Jun-22,2022-07-22,1,Low Risk
910011,New Fairfield School District,Race/Ethnicity,White,0.0031403356221202765,0.8465171192443921,0.003285813349675047,0.9041916167664676,0.003362015714325059,0.7463597933302015,Jun-22,2022-07-22,1,Low Risk
910011,New Fairfield School District,High Needs,Students Without High Needs,0.002940441565970036,0.8622589531680442,0.0029511845054750116,0.9194943446440456,0.002878074306645735,0.764678252700798,Jun-22,2022-07-22,1,Low Risk
910011,New Fairfield School District,High Needs,Students With High Needs,0.0010734310815267907,0.7807949626131445,0.0011046783531422858,0.8516300731869597,0.001215755243682204,0.7045561296383278,Jun-22,2022-07-22,0,Medium Risk
920011,New Hartford School District,Unknown,All Students,0.0008095709274084735,0.8972845336481696,0.0007821445274073118,0.9414504324683972,0.0007849293563579277,0.7994363550962893,Jun-22,2022-07-22,1,Low Risk
920011,New Hartford School District,Students With Disabilities,Students With Disabilities,8.595444414460336e-05,0.8925619834710745,7.458594720121273e-05,0.9238190286094481,9.04931087530443e-05,0.776890558947863,Jun-22,2022-07-22,1,Low Risk
920011,New Hartford School District,Free/Reduced Lunch,Free/Reduced Price Meal Eligible,0.00011793749312864181,0.8378591105863831,0.00011893434823977164,0.8715901530272792,0.00011803448967788387,0.7317989666510103,Jun-22,2022-07-22,1,Low Risk
920011,New Hartford School District,Race/Ethnicity,Hispanic/Latino of any race,1.5991524492019223e-05,0.8634395907123178,0.0006692576884000709,0.8356620093147042,0.0006767310741532008,0.7595115077501173,Jun-22,2022-07-22,1,Low Risk
920011,New Hartford School District,Race/Ethnicity,White,0.0007216175427023678,0.8961038961038961,0.0007136060894386299,0.9427811044577514,0.00073181383600288,0.798027242837013,Jun-22,2022-07-22,1,Low Risk
920011,New Hartford School District,High Needs,Students Without High Needs,0.0005437118327286538,0.9110586383313657,0.0005241174668193326,0.9607451763140391,0.0005331224450451088,0.8154062940347577,Jun-22,2022-07-22,1,Low Risk
920011,New Hartford School District,High Needs,Students With High Needs,0.00021188769951925482,0.8642266824085008,0.0002035994774952023,0.898868928809049,0.00021246208142019097,0.76139032409582,Jun-22,2022-07-22,1,Low Risk
930011,New Haven School District,Unknown,All Students,0.035996921631535284,0.4844549390003934,0.037313131964714794,0.4920159680638725,0.03794218670695577,0.6622827618600287,Jun-22,2022-07-22,2,High Risk
930011,New Haven School District,Homelessness,Students Experiencing Homelessness,0.00042777328016151443,0.16568280204643893,0.00030842297085906885,0.13373253493014037,0.0009619810908747536,0.4542038515735092,Jun-22,2022-07-22,2,High Risk
930011,New Haven School District,Students With Disabilities,Students With Disabilities,0.005373152229318462,0.2987012987012987,0.005757228789369285,0.28875582168995395,0.006090579667378807,0.5326444340065759,Jun-22,2022-07-22,2,High Risk
930011,New Haven School District,Free/Reduced Lunch,Free Meal Eligible,0.021270726514947078,0.4128295946477767,0.02337160734732055,0.38922155688622784,0.02536167734878798,0.613903240958197,Jun-22,2022-07-22,2,High Risk
930011,New Haven School District,Free/Reduced Lunch,Reduced Price Meal Eligible,0.0028924669924939783,0.5950413223140494,0.002624619006918351,0.663007318695942,0.001819698382534043,0.7416627524659463,Jun-22,2022-07-22,0,Medium Risk
930011,New Haven School District,Free/Reduced Lunch,Free/Reduced Price Meal Eligible,0.024203172318671105,0.4348681621408894,0.026036543082455774,0.4174983366600138,0.02722072056121465,0.6228276186002821,Jun-22,2022-07-22,2,High Risk
930011,New Haven School District,English Learners,English Learners,0.007094240052772031,0.5722156631247541,0.006809495395829638,0.5625415834996677,0.007270924564157647,0.7069046500704559,Jun-22,2022-07-22,2,High Risk
930011,New Haven School District,Race/Ethnicity,All other races,0.0021608547469840985,0.5789059425423062,0.001856585334386944,0.626081170991351,0.0017764190696521523,0.7496477219351814,Jun-22,2022-07-22,2,High Risk
930011,New Haven School District,Race/Ethnicity,Black or African American,0.012359449491769363,0.4144037780401417,0.013209776000258026,0.38256819693945454,0.013591671486408326,0.627054955378112,Jun-22,2022-07-22,2,High Risk
930011,New Haven School District,Race/Ethnicity,Hispanic/Latino of any race,0.017508720378199553,0.499409681227863,0.01799940331242239,0.5156353958749169,0.017964849328973926,0.6618130577736023,Jun-22,2022-07-22,2,High Risk
930011,New Haven School District,Race/Ethnicity,White,0.0038479605808921275,0.5891381345926798,0.004126417132996823,0.6759813705921496,0.0044912123322434815,0.7364960075152656,Jun-22,2022-07-22,0,Medium Risk
930011,New Haven School District,High Needs,Students Without High Needs,0.007947787672533558,0.6170798898071626,0.008077456498250254,0.7218895542248838,0.008110936682365252,0.776890558947863,Jun-22,2022-07-22,0,Medium Risk
930011,New Haven School District,High Needs,Students With High Needs,0.027011683807581982,0.44942935852026755,0.028582544469351222,0.4311377245508985,0.02979190519469789,0.6303428839830909,Jun-22,2022-07-22,2,High Risk
940011,Newington School District,Unknown,All Students,0.007655942350554206,0.889807162534435,0.007765001854569498,0.9221556886227549,0.00774109528137455,0.7956787224048858,Jun-22,2022-07-22,1,Low Risk
940011,Newington School District,Students With Disabilities,Students With Disabilities,0.0011034151899493268,0.8118850846123573,0.001074440806979632,0.849634065202928,0.0010544414411224293,0.7205260685767971,Jun-22,2022-07-22,1,Low Risk
940011,Newington School District,Free/Reduced Lunch,Free Meal Eligible,0.0019209818796038097,0.7890594254230616,0.0018807753713170668,0.829008649367931,0.00202625873947034,0.7294504462188822,Jun-22,2022-07-22,0,Medium Risk
940011,Newington School District,Free/Reduced Lunch,Reduced Price Meal Eligible,0.0005277203082366346,0.8717040535222353,0.0006309567965940428,0.9061876247504994,0.00041705519686185635,0.7773602630342893,Jun-22,2022-07-22,1,Low Risk
940011,Newington School District,Free/Reduced Lunch,Free/Reduced Price Meal Eligible,0.0024886809990704926,0.8075560802833532,0.0025520488961279816,0.849301397205589,0.002482658766224824,0.7383748238609682,Jun-22,2022-07-22,1,Low Risk
940011,Newington School District,English Learners,English Learners,0.0005756948817126923,0.8732782369146004,0.000507990775532584,0.8822355289421164,0.00046820347572227265,0.8017848755284174,Jun-22,2022-07-22,1,Low Risk
940011,Newington School District,Race/Ethnicity,All other races,0.001085424724895805,0.9279811097992914,0.001108710025963973,0.9487691284098476,0.0011193604104452655,0.8341944574917806,Jun-22,2022-07-22,1,Low Risk
940011,Newington School District,Race/Ethnicity,Black or African American,0.00039978811230048075,0.8945297127115306,0.00042937315550968405,0.8958749168330011,0.00043279312881890753,0.8186942226397376,Jun-22,2022-07-22,1,Low Risk
940011,Newington School District,Race/Ethnicity,Hispanic/Latino of any race,0.0019069892956732931,0.8225108225108224,0.0017598251866664516,0.8602794411177652,0.0016898604438883708,0.7604509159229691,Jun-22,2022-07-22,1,Low Risk
940011,Newington School District,Race/Ethnicity,White,0.004143803783994483,0.9098780007870917,0.004346143301778774,0.9431137724550904,0.004381046808544123,0.7961484264913103,Jun-22,2022-07-22,1,Low Risk
940011,Newington School District,High Needs,Students Without High Needs,0.004225760347016082,0.9437229437229435,0.004281636536631779,0.9700598802395213,0.00441842439694212,0.8323156411460788,Jun-22,2022-07-22,1,Low Risk
940011,Newington School District,High Needs,Students With High Needs,0.003322239213216995,0.8229043683589139,0.0033664468061087908,0.8616101131071194,0.003283326054539803,0.7454203851573507,Jun-22,2022-07-22,1,Low Risk
950011,New London School District,Unknown,All Students,0.0060667846041597955,0.6753246753246755,0.006549452498830815,0.5954757152361947,0.0066059969389722336,0.7261625176139033,Jun-22,2022-07-22,0,Medium Risk
950011,New London School District,Homelessness,Students Experiencing Homelessness,0.0003278262520863942,0.6757182211727666,0.00047573739295908655,0.4866932801064543,0.0005527948599914227,0.6589948332550497,Jun-22,2022-07-22,2,High Risk
950011,New London School District,Students With Disabilities,Students With Disabilities,0.0010434469731042547,0.49350649350649345,0.0011208050444290346,0.5053226879574191,0.0011488690328647364,0.623767026773133,Jun-22,2022-07-22,2,High Risk
950011,New London School District,Free/Reduced Lunch,Free Meal Eligible,0.004603560113140036,0.6399055489964582,0.0045255527423438534,0.5432468396540258,0.004831545110814713,0.7012682010333489,Jun-22,2022-07-22,2,High Risk
950011,New London School District,Free/Reduced Lunch,Reduced Price Meal Eligible,0.0003278262520863942,0.8146399055489963,0.0006067667596639197,0.6939454424484373,0.0005488603770021599,0.7905119774542042,Jun-22,2022-07-22,0,Medium Risk
950011,New London School District,Free/Reduced Lunch,Free/Reduced Price Meal Eligible,0.004971365176456478,0.6524990161353794,0.0051726362302246445,0.5618762475049901,0.005419750317709501,0.7111319868482857,Jun-22,2022-07-22,2,High Risk
950011,New London School District,English Learners,English Learners,0.0014952075400037979,0.6698150334513975,0.0015320356722411264,0.5339321357285436,0.0015875638861675382,0.7153593236261155,Jun-22,2022-07-22,2,High Risk
950011,New London School District,Race/Ethnicity,All other races,0.0008275613924619952,0.717827626918536,0.0008849521843603348,0.606121091151032,0.0008537828086700266,0.7275716298731805,Jun-22,2022-07-22,0,Medium Risk
950011,New London School District,Race/Ethnicity,Black or African American,0.0009734840534516707,0.7485242030696577,0.0011308842264832525,0.634730538922156,0.001127229376423791,0.7891028651949279,Jun-22,2022-07-22,0,Medium Risk
950011,New London School District,Race/Ethnicity,Hispanic/Latino of any race,0.003366215905570048,0.6261314443132626,0.003521666209743747,0.5402528276779779,0.003460377789056629,0.697040864255519,Jun-22,2022-07-22,2,High Risk
950011,New London School District,Race/Ethnicity,White,0.0007795868189859374,0.7422274695001967,0.0008909996935928655,0.7468396540252829,0.0010465724751439038,0.7515265382808831,Jun-22,2022-07-22,0,Medium Risk
950011,New London School District,High Needs,Students Without High Needs,0.0006156736929427404,0.8331365604092875,0.0008365721105000886,0.8097139055222891,0.0009187017779928627,0.8041333959605446,Jun-22,2022-07-22,1,Low Risk
950011,New London School District,High Needs,Students With High Needs,0.005159265589237704,0.6560409287682014,0.0054346949636343116,0.5635395874916838,0.005647950331086743,0.7130108031939884,Jun-22,2022-07-22,2,High Risk
960011,New Milford School District,Unknown,All Students,0.007158206150740108,0.7992916174734357,0.007307406989308003,0.8193612774451102,0.007508960785008046,0.7952090183184595,Jun-22,2022-07-22,1,Low Risk
960011,New Milford School District,Students With Disabilities,Students With Disabilities,0.0010394490919812499,0.6867375049193232,0.0010562982792820398,0.7242182302062545,0.0010741138560687433,0.7346171911695629,Jun-22,2022-07-22,0,Medium Risk
960011,New Milford School District,Free/Reduced Lunch,Free Meal Eligible,0.0017470740507531007,0.7009051554506098,0.001953345482107436,0.7062541583499669,0.002101013916266333,0.7360263034288401,Jun-22,2022-07-22,0,Medium Risk
960011,New Milford School District,Free/Reduced Lunch,Reduced Price Meal Eligible,0.0004677520913915625,0.7902400629673352,0.0006269251237723556,0.7840984697272124,0.00045640002675448424,0.7909816815406296,Jun-22,2022-07-22,0,Medium Risk
960011,New Milford School District,Free/Reduced Lunch,Free/Reduced Price Meal Eligible,0.0022548049533747117,0.7201889020070835,0.0026205873340966633,0.7258815701929477,0.0025967587729134453,0.7463597933302015,Jun-22,2022-07-22,0,Medium Risk
960011,New Milford School District,English Learners,English Learners,0.0003877944689314663,0.7866981503345141,0.00033261300778919187,0.7578176979374587,0.0003442672615604946,0.7707844058243314,Jun-22,2022-07-22,0,Medium Risk
960011,New Milford School District,Race/Ethnicity,All other races,0.0004937383186910938,0.8343171979535615,0.000507990775532584,0.8596141051230872,0.0004977120981417436,0.8543917332080797,Jun-22,2022-07-22,1,Low Risk
960011,New Milford School District,Race/Ethnicity,Black or African American,0.00019189829390423073,0.8032270759543487,0.00019755196826267153,0.8186959414504331,0.0001750844930221944,0.8412400187881639,Jun-22,2022-07-22,1,Low Risk
960011,New Milford School District,Race/Ethnicity,Hispanic/Latino of any race,0.0014672223721427643,0.78236914600551,0.0012780402844748343,0.7491683300066541,0.0011606724818325248,0.7703147017379051,Jun-22,2022-07-22,0,Medium Risk
960011,New Milford School District,Race/Ethnicity,White,0.004885410732311875,0.8008658008658012,0.005202873776387298,0.8326679973386564,0.005557457222333699,0.7928604978863323,Jun-22,2022-07-22,1,Low Risk
960011,New Milford School District,High Needs,Students Without High Needs,0.0039918843013203005,0.8500590318772137,0.0038784692544630616,0.8825681969394545,0.004192191625059509,0.8257397839361209,Jun-22,2022-07-22,1,Low Risk
960011,New Milford School District,High Needs,Students With High Needs,0.003004407663938113,0.7316017316017316,0.0032837975132642035,0.7448436460412511,0.003277424330055909,0.7552841709722884,Jun-22,2022-07-22,0,Medium Risk
970011,Newtown School District,Unknown,All Students,0.007957782375341069,0.9102715466351832,0.008041171442855068,0.9251497005988027,0.008026345298096102,0.8069516204790981,Jun-22,2022-07-22,1,Low Risk
970011,Newtown School District,Students With Disabilities,Students With Disabilities,0.0011154088333183412,0.8610783156237702,0.0010623457885145706,0.8626081170991355,0.0010544414411224293,0.745890089243777,Jun-22,2022-07-22,1,Low Risk
970011,Newtown School District,Free/Reduced Lunch,Free Meal Eligible,0.0007136217804563582,0.8284140102321915,0.0008184295828024963,0.8656021290751834,0.0008380448767129754,0.7510568341944577,Jun-22,2022-07-22,1,Low Risk
970011,Newtown School District,Free/Reduced Lunch,Reduced Price Meal Eligible,0.00019989405615024038,0.8685556867375048,0.00024794787853376125,0.865934797072522,0.00020656035693629676,0.7773602630342893,Jun-22,2022-07-22,1,Low Risk
970011,Newtown School District,Free/Reduced Lunch,Free/Reduced Price Meal Eligible,0.0009534946478366467,0.8378591105863831,0.0011066941895531293,0.8656021290751834,0.0010839500635419002,0.7571629873179901,Jun-22,2022-07-22,1,Low Risk
970011,Newtown School District,English Learners,English Learners,4.9973514037560094e-05,0.9362455726092089,1.0079182054217936e-05,0.8459747172322025,5.901724483894192e-06,0.7275716298731805,Jun-22,2022-07-22,1,Low Risk
970011,Newtown School District,Race/Ethnicity,All other races,0.0003278262520863942,0.9264069264069263,0.00035075553548678416,0.9341317365269468,0.0003737758839799656,0.8388914983560358,Jun-22,2022-07-22,1,Low Risk
970011,Newtown School District,Race/Ethnicity,Black or African American,0.00012993113649765624,0.9366391184573,9.676014772049219e-05,0.9604125083167001,9.04931087530443e-05,0.8482855800845464,Jun-22,2022-07-22,1,Low Risk
970011,Newtown School District,Race/Ethnicity,Hispanic/Latino of any race,0.0008335582141465024,0.8815426997245179,0.0007458594720121273,0.9045242847638062,0.0006472224517337298,0.7989666510098639,Jun-22,2022-07-22,1,Low Risk
970011,Newtown School District,Race/Ethnicity,White,0.006546530338920373,0.9126328217237303,0.006726846102985051,0.9264803725881574,0.006796819363951479,0.8050728041333963,Jun-22,2022-07-22,1,Low Risk
970011,Newtown School District,High Needs,Students Without High Needs,0.005918863002608617,0.9279811097992914,0.005958812430453644,0.9427811044577514,0.006088612425884176,0.8205730389854393,Jun-22,2022-07-22,1,Low Risk
970011,Newtown School District,High Needs,Students With High Needs,0.001896994592865781,0.8595041322314048,0.0019392346272315308,0.8719228210246177,0.0018983880423192989,0.7642085486143735,Jun-22,2022-07-22,1,Low Risk
980011,Norfolk School District,Unknown,All Students,9.594914695211538e-05,0.8736717827626919,0.00010482349336386653,0.8848968729208253,9.44275917423071e-05,0.8327853452325034,Jun-22,2022-07-22,1,Low Risk
980011,Norfolk School District,Free/Reduced Lunch,Free/Reduced Price Meal Eligible,0.0,0.8504525777253047,2.015836410843587e-06,0.8449767132401864,1.1803448967788391e-05,0.7782996712071402,Jun-22,2022-07-22,1,Low Risk
980011,Norfolk School District,Race/Ethnicity,White,7.795868189859374e-05,0.8803620621802439,8.264929284458708e-05,0.8858948769128414,7.672241829062451e-05,0.8351338656646314,Jun-22,2022-07-22,1,Low Risk
980011,Norfolk School District,High Needs,Students Without High Needs,3.997881123004808e-05,0.9063360881542697,5.039591027108969e-05,0.9085163007318697,2.9508622419470967e-05,0.8971348050728043,Jun-22,2022-07-22,1,Low Risk
980011,Norfolk School District,High Needs,Students With High Needs,9.994702807512016e-06,0.8303817394726485,1.411085487590511e-05,0.8506320691949436,2.5574139430208172e-05,0.7632691404415217,Jun-22,2022-07-22,1,Low Risk
990011,North Branford School District,Unknown,All Students,0.003030393891237644,0.8650137741046833,0.0031326097824509345,0.8875582168995346,0.0031908657042921274,0.7693752935650542,Jun-22,2022-07-22,1,Low Risk
990011,North Branford School District,Students With Disabilities,Students With Disabilities,0.0004177785773540024,0.8221172766627309,0.0004172781370446226,0.8599467731204262,0.0004583672682491157,0.7158290277125419,Jun-22,2022-07-22,1,Low Risk
990011,North Branford School District,Free/Reduced Lunch,Free Meal Eligible,0.0004397669235305288,0.8075560802833532,0.0005422599945169249,0.8206919494344644,0.0005468931355075285,0.7317989666510103,Jun-22,2022-07-22,0,Medium Risk
990011,North Branford School District,Free/Reduced Lunch,Reduced Price Meal Eligible,6.396609796807692e-05,0.8244785517512789,0.00014715605799158187,0.8809048569527613,0.00012983793864567225,0.7548144668858621,Jun-22,2022-07-22,1,Low Risk
990011,North Branford School District,Free/Reduced Lunch,Free/Reduced Price Meal Eligible,0.0005437118327286538,0.8107044470680833,0.0007297327807253785,0.8353293413173657,0.0007160759040458288,0.736965711601691,Jun-22,2022-07-22,1,Low Risk
990011,North Branford School District,Race/Ethnicity,All other races,7.196186021408652e-05,0.9275875639512003,8.668096566627424e-05,0.9011976047904193,7.278793530136172e-05,0.7773602630342893,Jun-22,2022-07-22,1,Low Risk
990011,North Branford School District,Race/Ethnicity,Black or African American,3.997881123004802e-06,0.8650137741046833,1.0079182054217936e-05,0.6210911510312709,1.5737931957051186e-05,0.8017848755284174,Jun-22,2022-07-22,0,Medium Risk
990011,North Branford School District,Race/Ethnicity,Hispanic/Latino of any race,0.00024187180794179084,0.8264462809917354,0.00022778951442532533,0.845642049234864,0.00021442932291482235,0.7496477219351814,Jun-22,2022-07-22,1,Low Risk
990011,North Branford School District,Race/Ethnicity,White,0.0025926259082686177,0.8661944116489568,0.002687109935654502,0.8958749168330011,0.0027698760244410084,0.7698449976514796,Jun-22,2022-07-22,1,Low Risk
990011,North Branford School District,High Needs,Students Without High Needs,0.002096888649016022,0.8831168831168825,0.0020339789385411798,0.9088489687292087,0.00209707943327707,0.7895725692813524,Jun-22,2022-07-22,1,Low Risk
990011,North Branford School District,High Needs,Students With High Needs,0.0008835317281840624,0.8229043683589139,0.001040171587995291,0.8506320691949436,0.0010544414411224293,0.7294504462188822,Jun-22,2022-07-22,1,Low Risk
1000011,North Canaan School District,Unknown,All Students,0.00039579023117747596,0.887445887445887,0.00044348401038558916,0.9085163007318697,0.0004426293362920645,0.7698449976514796,Jun-22,2022-07-22,1,Low Risk
1000011,North Canaan School District,Students With Disabilities,Students With Disabilities,7.995762246009612e-06,0.8449429358520266,3.2253382573497395e-05,0.817697937458417,3.344310540873376e-05,0.6932832315641146,Jun-22,2022-07-22,1,Low Risk
1000011,North Canaan School District,Free/Reduced Lunch,Free/Reduced Price Meal Eligible,0.00012393431481314904,0.8748524203069654,0.00019352029544098437,0.869594145043247,0.00021246208142019097,0.7557538750587129,Jun-22,2022-07-22,1,Low Risk
1000011,North Canaan School District,Race/Ethnicity,Hispanic/Latino of any race,1.9989405615024032e-05,0.8575364029909482,1.8142527697592285e-05,0.9051896207584833,2.754138092483957e-05,0.8107092531705025,Jun-22,2022-07-22,1,Low Risk
1000011,North Canaan School District,Race/Ethnicity,White,0.000311834727594375,0.8957103502558046,0.00035881888113015853,0.9141716566866269,0.0003521362275390202,0.7684358853922024,Jun-22,2022-07-22,1,Low Risk
1000011,North Canaan School District,High Needs,Students Without High Needs,0.00018989935334272833,0.9035812672176307,0.00017134609492170492,0.9514304723885565,0.00016328104405440602,0.7886331611085016,Jun-22,2022-07-22,1,Low Risk
1000011,North Canaan School District,High Needs,Students With High Needs,0.00015591736379718746,0.8685556867375048,0.0002257736780144818,0.874251497005988,0.00024000346234503056,0.7562235791451393,Jun-22,2022-07-22,1,Low Risk
1010011,North Haven School District,Unknown,All Students,0.006216705146272475,0.9098780007870917,0.0061684594171813765,0.9234863606121095,0.006110252082325122,0.7829967120713954,Jun-22,2022-07-22,1,Low Risk
1010011,North Haven School District,Students With Disabilities,Students With Disabilities,0.0007036270776488461,0.8095238095238098,0.0006753051976326016,0.8213572854291424,0.0006846000401317263,0.675904180366369,Jun-22,2022-07-22,0,Medium Risk
1010011,North Haven School District,Free/Reduced Lunch,Free Meal Eligible,0.0009794808751361777,0.8209366391184569,0.0009555064587398603,0.8476380572188957,0.0009639483323693848,0.7012682010333489,Jun-22,2022-07-22,1,Low Risk
1010011,North Haven School District,Free/Reduced Lunch,Reduced Price Meal Eligible,0.0002618612135568149,0.8406139315230221,0.0002681062426421971,0.8486360612109118,0.00019475690796850838,0.7440112728980743,Jun-22,2022-07-22,1,Low Risk
1010011,North Haven School District,Free/Reduced Lunch,Free/Reduced Price Meal Eligible,0.0012813208999230407,0.8256591892955529,0.0012639294295989294,0.8479707252162347,0.0011980500702305213,0.709253170502584,Jun-22,2022-07-22,1,Low Risk
1010011,North Haven School District,English Learners,English Learners,0.00023787392681878604,0.8964974419519871,0.00018344111338676643,0.915502328675982,0.00015934656106514323,0.8177548144668867,Jun-22,2022-07-22,1,Low Risk
1010011,North Haven School District,Race/Ethnicity,All other races,0.0005676991194666827,0.9386068476977569,0.0006692576884000709,0.9517631403858955,0.0006295172782820473,0.8130577736026305,Jun-22,2022-07-22,1,Low Risk
1010011,North Haven School District,Race/Ethnicity,Black or African American,0.0002738548569258293,0.8961038961038961,0.0002560112241771356,0.9071856287425155,0.00023213449636650497,0.8069516204790981,Jun-22,2022-07-22,1,Low Risk
1010011,North Haven School District,Race/Ethnicity,Hispanic/Latino of any race,0.0007196186021408654,0.8992522628886266,0.0006208776145398249,0.898868928809049,0.0005468931355075285,0.7750117426021603,Jun-22,2022-07-22,1,Low Risk
1010011,North Haven School District,Race/Ethnicity,White,0.0045355961340489545,0.9086973632428177,0.00450136270541373,0.9238190286094481,0.004583672682491157,0.7782996712071402,Jun-22,2022-07-22,1,Low Risk
1010011,North Haven School District,High Needs,Students Without High Needs,0.004205770941401058,0.942935852026761,0.0042110822622522534,0.9517631403858955,0.004270881284844765,0.8111789572569288,Jun-22,2022-07-22,1,Low Risk
1010011,North Haven School District,High Needs,Students With High Needs,0.0019089882362347955,0.8414010232192051,0.0018444903159218825,0.8596141051230872,0.0018000259675877291,0.7167684358853927,Jun-22,2022-07-22,1,Low Risk
1020011,North Stonington School District,Unknown,All Students,0.0014392372042817305,0.889807162534435,0.001386895450660388,0.8403193612774453,0.0013475604238225075,0.7844058243306717,Jun-22,2022-07-22,1,Low Risk
1020011,North Stonington School District,Students With Disabilities,Students With Disabilities,0.00010794279032112979,0.8807556080283354,8.869680207711784e-05,0.7754491017964074,9.639483323693851e-05,0.6754344762799445,Jun-22,2022-07-22,0,Medium Risk
1020011,North Stonington School District,Free/Reduced Lunch,Free Meal Eligible,0.00017790570997371395,0.8390397481306571,0.000219726168781951,0.7391882900864943,0.00019869139095777117,0.7289807421324568,Jun-22,2022-07-22,0,Medium Risk
1020011,North Stonington School District,Free/Reduced Lunch,Reduced Price Meal Eligible,4.3976692353052873e-05,0.8024399842581658,1.6126691286748698e-05,0.7837658017298739,4.5246554376522146e-05,0.7233442930953498,Jun-22,2022-07-22,0,Medium Risk
1020011,North Stonington School District,Free/Reduced Lunch,Free/Reduced Price Meal Eligible,0.0002618612135568149,0.828807556080283,0.00027616958828557145,0.7471723220226218,0.0002832827752269213,0.7275716298731805,Jun-22,2022-07-22,0,Medium Risk
1020011,North Stonington School District,Race/Ethnicity,All other races,2.9984108422536048e-05,0.772924045651318,0.0006692576884000709,0.8356620093147042,4.5246554376522146e-05,0.7928604978863323,Jun-22,2022-07-22,1,Low Risk
1020011,North Stonington School District,Race/Ethnicity,White,0.0012693272565540263,0.8961038961038961,0.0012135335193278396,0.8469727212242186,0.0011764104137895759,0.7867543447627989,Jun-22,2022-07-22,1,Low Risk
1020011,North Stonington School District,High Needs,Students Without High Needs,0.0010334522702967427,0.9059425423061787,0.0009696173136157655,0.878243512974052,0.0009383741929391767,0.8093001409112262,Jun-22,2022-07-22,1,Low Risk
1020011,North Stonington School District,High Needs,Students With High Needs,0.00034781565770141825,0.8445493900039356,0.0003568030447193149,0.748170326014638,0.0003698414009907028,0.7219351808360734,Jun-22,2022-07-22,0,Medium Risk
1030011,Norwalk School District,Unknown,All Students,0.024658930766693652,0.7634789452971269,0.02289788579077231,0.7801064537591484,0.022581965116873815,0.7416627524659463,Jun-22,2022-07-22,0,Medium Risk
1030011,Norwalk School District,Homelessness,Students Experiencing Homelessness,2.598622729953124e-05,0.38449429358520293,2.015836410843587e-06,0.5938123752495015,9.836207473156994e-06,0.4621888210427434,Jun-22,2022-07-22,2,High Risk
1030011,Norwalk School District,Students With Disabilities,Students With Disabilities,0.003400197895115589,0.662337662337662,0.0031567998193810574,0.6969394544244847,0.0031534881158941305,0.6829497416627524,Jun-22,2022-07-22,0,Medium Risk
1030011,Norwalk School District,Free/Reduced Lunch,Free Meal Eligible,0.010698329885160864,0.7111373475009839,0.011230224644809623,0.7168995342648041,0.011665742063164187,0.7116016909347112,Jun-22,2022-07-22,0,Medium Risk
1030011,Norwalk School District,Free/Reduced Lunch,Reduced Price Meal Eligible,0.0022847890617972476,0.7882723337268791,0.002350465255043623,0.7724550898203599,0.0019101914912870873,0.7665570690465007,Jun-22,2022-07-22,0,Medium Risk
1030011,Norwalk School District,Free/Reduced Lunch,Free/Reduced Price Meal Eligible,0.01302309775818816,0.7249114521841795,0.013621006628070118,0.7265469061876249,0.013615278384343904,0.7195866604039454,Jun-22,2022-07-22,0,Medium Risk
1030011,Norwalk School District,English Learners,English Learners,0.004279731742176647,0.7268791814246356,0.0037817091067425695,0.7022621423819033,0.004196126108048772,0.7073743541568813,Jun-22,2022-07-22,0,Medium Risk
1030011,Norwalk School District,Race/Ethnicity,All other races,0.0017850539214216464,0.8032270759543487,0.0016529858568917416,0.8702594810379245,0.0016328104405440602,0.7759511507750121,Jun-22,2022-07-22,1,Low Risk
1030011,Norwalk School District,Race/Ethnicity,Black or African American,0.0034941481015062018,0.725304998032271,0.0032737183312099858,0.7132401862940791,0.0033462777823680076,0.733677782996712,Jun-22,2022-07-22,0,Medium Risk
1030011,Norwalk School District,Race/Ethnicity,Hispanic/Latino of any race,0.013398898583750611,0.7410468319559227,0.012109129319937427,0.7371922821024621,0.011777874828358178,0.7271019257867541,Jun-22,2022-07-22,0,Medium Risk
1030011,Norwalk School District,Race/Ethnicity,White,0.005860893726325048,0.8244785517512789,0.0057411020980825365,0.8805721889554232,0.005706967575925685,0.7656176608736498,Jun-22,2022-07-22,1,Low Risk
1030011,Norwalk School District,High Needs,Students Without High Needs,0.00825762345956643,0.8453364817001181,0.007287248625199568,0.8882235528942117,0.007400762502803319,0.7876937529356507,Jun-22,2022-07-22,1,Low Risk
1030011,Norwalk School District,High Needs,Students With High Needs,0.015445813718729074,0.7225501770956315,0.015078456353110031,0.7295409181636732,0.015141857784177868,0.7186472522310945,Jun-22,2022-07-22,0,Medium Risk
1040011,Norwich School District,Unknown,All Students,0.0063086564121015865,0.8197560015741829,0.00648494573368382,0.817697937458417,0.006450584860896353,0.7576326914044156,Jun-22,2022-07-22,1,Low Risk
1040011,Norwich School District,Students With Disabilities,Students With Disabilities,0.001099417308826322,0.7225501770956315,0.001128868390072409,0.7312042581503664,0.0011842793797681016,0.6181305777360269,Jun-22,2022-07-22,0,Medium Risk
1040011,Norwich School District,Free/Reduced Lunch,Free Meal Eligible,0.0031543282060507933,0.7941755214482487,0.0038159783257269105,0.7857618097139056,0.0038203829825741746,0.742602160638798,Jun-22,2022-07-22,0,Medium Risk
1040011,Norwich School District,Free/Reduced Lunch,Reduced Price Meal Eligible,0.0004917393781295914,0.8964974419519871,0.0005966875776097018,0.8912175648702596,0.0003226276051195492,0.8285580084546735,Jun-22,2022-07-22,1,Low Risk
1040011,Norwich School District,Free/Reduced Lunch,Free/Reduced Price Meal Eligible,0.0036860463954104324,0.8087367178276264,0.004452982631553484,0.8007318695941454,0.004182355417586351,0.7501174260216068,Jun-22,2022-07-22,0,Medium Risk
1040011,Norwich School District,English Learners,English Learners,0.0011653823473559012,0.835891381345927,0.0011510425905916883,0.8469727212242186,0.0012688707640372517,0.7961484264913103,Jun-22,2022-07-22,1,Low Risk
1040011,Norwich School District,Race/Ethnicity,All other races,0.001025456508050733,0.8445493900039356,0.001153058427002532,0.837658017298736,0.0010780483390580061,0.7909816815406296,Jun-22,2022-07-22,1,Low Risk
1040011,Norwich School District,Race/Ethnicity,Black or African American,0.0011473918823023796,0.8642266824085008,0.0011409634085374704,0.8366600133067204,0.0011390328253915794,0.7895725692813524,Jun-22,2022-07-22,1,Low Risk
1040011,Norwich School District,Race/Ethnicity,Hispanic/Latino of any race,0.0022787922401127404,0.7910271546635186,0.0022940218355400025,0.7910844976713243,0.002254458752847582,0.7360263034288401,Jun-22,2022-07-22,0,Medium Risk
1040011,Norwich School District,Race/Ethnicity,White,0.0017370793479455887,0.8118850846123573,0.0017759518779532004,0.825349301397206,0.0018610104539213024,0.7430718647252235,Jun-22,2022-07-22,1,Low Risk
1040011,Norwich School District,High Needs,Students Without High Needs,0.0016111460925709374,0.8819362455726094,0.001173216791110968,0.9161676646706591,0.0014596931890164973,0.8219821512447156,Jun-22,2022-07-22,1,Low Risk
1040011,Norwich School District,High Needs,Students With High Needs,0.004395670294743786,0.8020464384100747,0.005007337644535471,0.7944111776447111,0.0049515468419872284,0.7383748238609682,Jun-22,2022-07-22,0,Medium Risk
1060011,Old Saybrook School District,Unknown,All Students,0.0019869469181333895,0.9106650924832742,0.0020642164847038333,0.9710578842315374,0.0022033104739871655,0.7285110380460313,Jun-22,2022-07-22,1,Low Risk
1060011,Old Saybrook School District,Students With Disabilities,Students With Disabilities,0.0002738548569258293,0.8579299488390393,0.00026609040623135354,0.9554224883566205,0.0002931189827000783,0.6810709253170506,Jun-22,2022-07-22,1,Low Risk
1060011,Old Saybrook School District,Free/Reduced Lunch,Free Meal Eligible,0.0003598093010704327,0.8606847697756788,0.0003628505539518457,0.9481037924151696,0.00040525174789406794,0.6956317519962427,Jun-22,2022-07-22,1,Low Risk
1060011,Old Saybrook School District,Free/Reduced Lunch,Reduced Price Meal Eligible,8.595444414460336e-05,0.9031877213695392,9.676014772049219e-05,0.9737192282102467,9.44275917423071e-05,0.712541099107562,Jun-22,2022-07-22,1,Low Risk
1060011,Old Saybrook School District,Free/Reduced Lunch,Free/Reduced Price Meal Eligible,0.0004857425564450841,0.8709169618260528,0.0004999274298892096,0.9544244843646048,0.000539024169529003,0.6993893846876471,Jun-22,2022-07-22,1,Low Risk
1060011,Old Saybrook School District,English Learners,English Learners,0.00012393431481314904,0.9456906729634,9.877598413133578e-05,0.9607451763140391,9.04931087530443e-05,0.8144668858619069,Jun-22,2022-07-22,1,Low Risk
1060011,Old Saybrook School District,Race/Ethnicity,Hispanic/Latino of any race,0.0002458696890647957,0.9260133805588349,0.0002398845328903869,0.9647371922821026,0.00022820001337724215,0.7468294974166279,Jun-22,2022-07-22,1,Low Risk
1060011,Old Saybrook School District,Race/Ethnicity,White,0.0015371852917953485,0.9106650924832742,0.0016247641471399314,0.9727212242182306,0.0017626483791897325,0.7233442930953498,Jun-22,2022-07-22,1,Low Risk
1060011,Old Saybrook School District,High Needs,Students Without High Needs,0.0011913685746554326,0.9311294765840223,0.0012478027383121806,0.979707252162342,0.0013810035292312413,0.7421324565523726,Jun-22,2022-07-22,1,Low Risk
1060011,Old Saybrook School District,High Needs,Students With High Needs,0.000717619661579363,0.8815426997245179,0.0007216694350820041,0.9590818363273459,0.0007829621148632963,0.7040864255519024,Jun-22,2022-07-22,1,Low Risk
1070011,Orange School District,Unknown,All Students,0.0024427053661559375,0.8984651711924436,0.0024492412391749585,0.9214903526280773,0.002313475997686524,0.8031939877876937,Jun-22,2022-07-22,1,Low Risk
1070011,Orange School District,Students With Disabilities,Students With Disabilities,0.00017990465053521634,0.9020070838252656,0.00018142527697592283,0.9048569527611448,0.00017705173451682582,0.7820573038985437,Jun-22,2022-07-22,1,Low Risk
1070011,Orange School District,Free/Reduced Lunch,Free Meal Eligible,0.0002158855806422596,0.8516332152695787,0.000219726168781951,0.8702594810379245,0.00023213449636650497,0.7571629873179901,Jun-22,2022-07-22,1,Low Risk
1070011,Orange School District,Free/Reduced Lunch,Reduced Price Meal Eligible,3.7979870668545667e-05,0.9020070838252656,5.644341950362044e-05,0.8838988689288096,2.3606897935576775e-05,0.7346171911695629,Jun-22,2022-07-22,1,Low Risk
1070011,Orange School District,Free/Reduced Lunch,Free/Reduced Price Meal Eligible,0.00029384426254085334,0.8634395907123178,0.0003164863165024432,0.8739188290086499,0.0002950862241947097,0.7529356505401594,Jun-22,2022-07-22,1,Low Risk
1070011,Orange School District,English Learners,English Learners,9.395020639061298e-05,0.8484848484848482,8.869680207711784e-05,0.8522954091816368,0.0001081982822047269,0.7895725692813524,Jun-22,2022-07-22,1,Low Risk
1070011,Orange School District,Race/Ethnicity,All other races,0.0004157796367925,0.9008264462809916,0.0004132464642229354,0.9071856287425155,0.00040131726490480517,0.8154062940347577,Jun-22,2022-07-22,1,Low Risk
1070011,Orange School District,Race/Ethnicity,Black or African American,2.1988346176526444e-05,0.9212908303817398,1.411085487590511e-05,0.9061876247504994,5.901724483894192e-06,0.8337247534053542,Jun-22,2022-07-22,1,Low Risk
1070011,Orange School District,Race/Ethnicity,Hispanic/Latino of any race,0.00014992054211268027,0.8551751279024007,0.00014514022158073828,0.8759148369926817,0.00012590345565640946,0.7712541099107559,Jun-22,2022-07-22,1,Low Risk
1070011,Orange School District,Race/Ethnicity,White,0.0017350804073840863,0.9016135379771746,0.0017557935138447645,0.9304723885562214,0.0016623190629635313,0.8022545796148428,Jun-22,2022-07-22,1,Low Risk
1070011,Orange School District,High Needs,Students Without High Needs,0.001847021078828221,0.9043683589138132,0.0018041735877050106,0.9347970725216239,0.0017567466547058384,0.8125880695162051,Jun-22,2022-07-22,1,Low Risk
1070011,Orange School District,High Needs,Students With High Needs,0.0005357160704826442,0.8807556080283354,0.0005483075037494557,0.8868928809048575,0.0005173845130880576,0.7717238139971823,Jun-22,2022-07-22,1,Low Risk
1080011,Oxford School District,Unknown,All Students,0.0033442275593935215,0.889807162534435,0.003195100711187086,0.8802395209580842,0.0033029984694861168,0.7609206200093945,Jun-22,2022-07-22,1,Low Risk
1080011,Oxford School District,Students With Disabilities,Students With Disabilities,0.00040378599342348555,0.888626524990161,0.00034672386266509697,0.8459747172322025,0.0003501689860443888,0.758102395490841,Jun-22,2022-07-22,1,Low Risk
1080011,Oxford School District,Free/Reduced Lunch,Free Meal Eligible,0.00034181883601691105,0.7863046044864226,0.00030439129803738166,0.6962741184298076,0.0003678741594960714,0.62940347581024,Jun-22,2022-07-22,0,Medium Risk
1080011,Oxford School District,Free/Reduced Lunch,Reduced Price Meal Eligible,2.798516786103365e-05,0.8107044470680833,3.830089180602815e-05,0.8612774451097804,3.737758839799656e-05,0.7534053546265858,Jun-22,2022-07-22,1,Low Risk
1080011,Oxford School District,Free/Reduced Lunch,Free/Reduced Price Meal Eligible,0.0004097828151079928,0.7898465171192446,0.00038300891806028155,0.7268795741849639,0.0004445965777866959,0.6491310474401129,Jun-22,2022-07-22,0,Medium Risk
1080011,Oxford School District,English Learners,English Learners,3.7979870668545667e-05,0.9075167256985437,4.0316728216871744e-05,0.8928809048569528,6.098448633357334e-05,0.7364960075152656,Jun-22,2022-07-22,1,Low Risk
1080011,Oxford School District,Race/Ethnicity,All other races,9.395020639061298e-05,0.9149940968122783,9.474431130964859e-05,0.8922155688622757,9.639483323693851e-05,0.742602160638798,Jun-22,2022-07-22,1,Low Risk
1080011,Oxford School District,Race/Ethnicity,Black or African American,2.398728673802884e-05,0.8516332152695787,1.6126691286748698e-05,0.7102461743180308,3.934482989262795e-06,0.7618600281822454,Jun-22,2022-07-22,0,Medium Risk
1080011,Oxford School District,Race/Ethnicity,Hispanic/Latino of any race,0.00028584850029484375,0.8457300275482096,0.0002237578416036382,0.8047238855622094,0.0002596758772913445,0.7158290277125419,Jun-22,2022-07-22,1,Low Risk
1080011,Oxford School District,Race/Ethnicity,White,0.002820505132279892,0.8945297127115306,0.002739521682336435,0.8895542248835668,0.0028249587862906873,0.7665570690465007,Jun-22,2022-07-22,1,Low Risk
1080011,Oxford School District,High Needs,Students Without High Needs,0.0024766873557014782,0.9027941755214477,0.002378686964795433,0.9115103127079176,0.0024688880757624044,0.7782996712071402,Jun-22,2022-07-22,1,Low Risk
1080011,Oxford School District,High Needs,Students With High Needs,0.0007955783434779567,0.8480913026367567,0.0007257011079036913,0.7877578176979378,0.0007947655638310847,0.7083137623297331,Jun-22,2022-07-22,0,Medium Risk
1090011,Plainfield School District,Unknown,All Students,0.003678050633164423,0.7866981503345141,0.0038119466529052235,0.7332002661343981,0.003932515747768164,0.7271019257867541,Jun-22,2022-07-22,0,Medium Risk
1090011,Plainfield School District,Students With Disabilities,Students With Disabilities,0.0005976832278892187,0.7075954348681619,0.0005886242319663274,0.6270791749833671,0.0006393534857552042,0.6472522310944102,Jun-22,2022-07-22,0,Medium Risk
1090011,Plainfield School District,Free/Reduced Lunch,Free Meal Eligible,0.0016551227849239901,0.7213695395513575,0.001650970020480898,0.6237524950099802,0.0019082242497924558,0.6787224048849225,Jun-22,2022-07-22,0,Medium Risk
1090011,Plainfield School District,Free/Reduced Lunch,Reduced Price Meal Eligible,0.00033582201433240386,0.8244785517512789,0.00042937315550968405,0.7538256819693951,0.00032066036362491784,0.7069046500704559,Jun-22,2022-07-22,0,Medium Risk
1090011,Plainfield School District,Free/Reduced Lunch,Free/Reduced Price Meal Eligible,0.0020309236104864422,0.7398661944116487,0.0021206599042074537,0.6523619427811052,0.0022682294433100016,0.6834194457491787,Jun-22,2022-07-22,0,Medium Risk
1090011,Plainfield School District,English Learners,English Learners,2.1988346176526444e-05,0.7520661157024793,2.822170975181022e-05,0.5785096473719231,3.344310540873376e-05,0.6317519962423672,Jun-22,2022-07-22,0,Medium Risk
1090011,Plainfield School District,Race/Ethnicity,All other races,0.00013792689874366583,0.668240850059032,0.00013707687593736393,0.7395209580838324,0.00012590345565640946,0.7195866604039454,Jun-22,2022-07-22,0,Medium Risk
1090011,Plainfield School District,Race/Ethnicity,Black or African American,9.195126582911056e-05,0.8244785517512789,0.00013304520311567674,0.7807717897538264,0.00013180518014030366,0.7914513856270551,Jun-22,2022-07-22,0,Medium Risk
1090011,Plainfield School District,Race/Ethnicity,Hispanic/Latino of any race,0.0003098357870328726,0.7654466745375834,0.00023383702365785611,0.6367265469061878,0.00021442932291482235,0.6820103334899015,Jun-22,2022-07-22,0,Medium Risk
1090011,Plainfield School District,Race/Ethnicity,White,0.0030184002478686298,0.7941755214482487,0.0031870373655437114,0.7381902860944782,0.003342343299378745,0.7275716298731805,Jun-22,2022-07-22,0,Medium Risk
1090011,Plainfield School District,High Needs,Students Without High Needs,0.0013013103055380647,0.8528138528138527,0.0013546420680868906,0.857950765136394,0.0014301845665970262,0.7928604978863323,Jun-22,2022-07-22,1,Low Risk
1090011,Plainfield School District,High Needs,Students With High Needs,0.002240812369444195,0.7473435655253837,0.0023222435452918124,0.6613439787092488,0.00246298635127851,0.6876467825270076,Jun-22,2022-07-22,0,Medium Risk
1100011,Plainville School District,Unknown,All Students,0.004299721147791671,0.8221172766627309,0.004325984937670338,0.8190286094477712,0.0043889157745226485,0.7712541099107559,Jun-22,2022-07-22,1,Low Risk
1100011,Plainville School District,Students With Disabilities,Students With Disabilities,0.0005676991194666827,0.7075954348681619,0.0005483075037494557,0.7039254823685965,0.0005527948599914227,0.6787224048849225,Jun-22,2022-07-22,0,Medium Risk
1100011,Plainville School District,Free/Reduced Lunch,Free Meal Eligible,0.0012993113649765623,0.7351436442345536,0.0013062619942266446,0.7378576180971392,0.0013908397367043983,0.7111319868482857,Jun-22,2022-07-22,0,Medium Risk
1100011,Plainville School District,Free/Reduced Lunch,Reduced Price Meal Eligible,0.0003797987066854567,0.7988980716253442,0.0004031672821687174,0.8123752495009984,0.0002852500167215527,0.7501174260216068,Jun-22,2022-07-22,0,Medium Risk
1100011,Plainville School District,Free/Reduced Lunch,Free/Reduced Price Meal Eligible,0.001719088882892067,0.7504919323101142,0.0017497460046122337,0.756487025948104,0.0017154345833185788,0.7186472522310945,Jun-22,2022-07-22,0,Medium Risk
1100011,Plainville School District,English Learners,English Learners,0.0002718559163643269,0.7689885871704054,0.00030439129803738166,0.7628077178975388,0.0002872172582161841,0.78252700798497,Jun-22,2022-07-22,0,Medium Risk
1100011,Plainville School District,Race/Ethnicity,All other races,0.00029184532197935095,0.8685556867375048,0.00029431211598316374,0.8349966733200271,0.00030492243166786666,0.785814936589948,Jun-22,2022-07-22,1,Low Risk
1100011,Plainville School District,Race/Ethnicity,Black or African American,0.00019589617502723558,0.7910271546635186,0.00017134609492170492,0.7498336660013312,0.00016131380255977464,0.7519962423673086,Jun-22,2022-07-22,0,Medium Risk
1100011,Plainville School District,Race/Ethnicity,Hispanic/Latino of any race,0.0009335052422216226,0.7312081857536401,0.0009091422212904578,0.7272122421823028,0.000845913842691501,0.7374354156881164,Jun-22,2022-07-22,0,Medium Risk
1100011,Plainville School District,Race/Ethnicity,White,0.002758537974873317,0.8504525777253047,0.0028302343208243966,0.8526280771789758,0.0029587312079256225,0.7806481916392674,Jun-22,2022-07-22,1,Low Risk
1100011,Plainville School District,High Needs,Students Without High Needs,0.0021108812329465386,0.890594254230618,0.0021025173765098614,0.8815701929474384,0.002224950130428111,0.815875998121184,Jun-22,2022-07-22,1,Low Risk
1100011,Plainville School District,High Needs,Students With High Needs,0.0021068833518235338,0.7560015741833923,0.002158960796013482,0.7601463739188294,0.0021246208142019097,0.7233442930953498,Jun-22,2022-07-22,0,Medium Risk
1110011,Plymouth School District,Unknown,All Students,0.0024487021878404447,0.7245179063360885,0.002402877001725556,0.6966067864271461,0.002506265664160401,0.7153593236261155,Jun-22,2022-07-22,0,Medium Risk
1110011,Plymouth School District,Students With Disabilities,Students With Disabilities,0.0004517605668995432,0.6135379771743406,0.0003890564272928123,0.5642049234863609,0.00041902243835648773,0.58713010803194,Jun-22,2022-07-22,2,High Risk
1110011,Plymouth School District,Free/Reduced Lunch,Free Meal Eligible,0.000777587878424435,0.6218024399842577,0.0007982712186940605,0.5788423153692617,0.0009206690194874941,0.6463128229215593,Jun-22,2022-07-22,2,High Risk
1110011,Plymouth School District,Free/Reduced Lunch,Reduced Price Meal Eligible,0.00018190359109671874,0.724124360487997,0.0002237578416036382,0.7208915502328677,0.0001809862175060886,0.7111319868482857,Jun-22,2022-07-22,0,Medium Risk
1110011,Plymouth School District,Free/Reduced Lunch,Free/Reduced Price Meal Eligible,0.0009994702807512017,0.6434474616292798,0.0010623457885145706,0.6124417831004663,0.0011410000668862108,0.6589948332550497,Jun-22,2022-07-22,2,High Risk
1110011,Plymouth School District,English Learners,English Learners,5.996821684507207e-06,0.7855175127902401,8.063345643374349e-06,0.6147704590818366,5.901724483894192e-06,0.7031470173790515,Jun-22,2022-07-22,0,Medium Risk
1110011,Plymouth School District,Race/Ethnicity,Hispanic/Latino of any race,0.000321829430401887,0.6890987800078707,0.000278185424696415,0.5884896872920828,0.0002616431187859759,0.6561766087364962,Jun-22,2022-07-22,2,High Risk
1110011,Plymouth School District,Race/Ethnicity,White,0.0018710083655662498,0.7481306572215662,0.0018989178990146591,0.7168995342648041,0.002032160463954234,0.7238139971817761,Jun-22,2022-07-22,0,Medium Risk
1110011,Plymouth School District,High Needs,Students Without High Needs,0.0011513897634253844,0.8051948051948052,0.00108451998903385,0.7874251497005988,0.0011547707573486305,0.7717238139971823,Jun-22,2022-07-22,0,Medium Risk
1110011,Plymouth School District,High Needs,Students With High Needs,0.0012273495047624757,0.6548602912239274,0.0012336918834362754,0.6174318030605459,0.0013121500769191425,0.6646312822921558,Jun-22,2022-07-22,0,Medium Risk
1120011,Pomfret School District,Unknown,All Students,0.000663648266418798,0.8732782369146004,0.0006269251237723556,0.9574184963406522,0.0006885345231209892,0.8088304368248007,Jun-22,2022-07-22,1,Low Risk
1120011,Pomfret School District,Students With Disabilities,Students With Disabilities,4.3976692353052873e-05,0.8579299488390393,3.2253382573497395e-05,0.9091816367265473,3.344310540873376e-05,0.7590418036636919,Jun-22,2022-07-22,1,Low Risk
1120011,Pomfret School District,Free/Reduced Lunch,Free/Reduced Price Meal Eligible,9.794808751361778e-05,0.8067689885871703,0.00010280765695302294,0.9118429807052566,0.00012393621416177807,0.7745420385157358,Jun-22,2022-07-22,1,Low Risk
1120011,Pomfret School District,Race/Ethnicity,White,0.0006156736929427404,0.8764266036993309,0.000590640068377171,0.956087824351298,0.000643287968744467,0.8069516204790981,Jun-22,2022-07-22,1,Low Risk
1120011,Pomfret School District,High Needs,Students Without High Needs,0.0004437648046535336,0.8976780794962611,0.00040518311857956103,0.980039920159681,0.0004701707172169041,0.8248003757632691,Jun-22,2022-07-22,1,Low Risk
1120011,Pomfret School District,High Needs,Students With High Needs,0.00015791630435868991,0.8173947264856358,0.00015723524004579981,0.915169660678643,0.0001790189760114572,0.7726632221700331,Jun-22,2022-07-22,1,Low Risk
1130011,Portland School District,Unknown,All Students,0.0023767403276263584,0.8791814246359699,0.002477462948926769,0.8532934131736529,0.002486593249214087,0.7820573038985437,Jun-22,2022-07-22,1,Low Risk
1130011,Portland School District,Students With Disabilities,Students With Disabilities,0.0003538124793859255,0.77646595828414,0.00032253382573497395,0.7139055222887563,0.0003088569146571295,0.6500704556129637,Jun-22,2022-07-22,0,Medium Risk
1130011,Portland School District,Free/Reduced Lunch,Free Meal Eligible,0.0004557584480225481,0.7516725698543882,0.0005362124852843942,0.6946107784431144,0.0005724672749377368,0.6867073743541567,Jun-22,2022-07-22,0,Medium Risk
1130011,Portland School District,Free/Reduced Lunch,Reduced Price Meal Eligible,5.59703357220673e-05,0.8150334513970878,7.458594720121273e-05,0.7840984697272124,6.491896932283613e-05,0.7233442930953498,Jun-22,2022-07-22,0,Medium Risk
1130011,Portland School District,Free/Reduced Lunch,Free/Reduced Price Meal Eligible,0.0005517075949746634,0.7622983077528533,0.0006511151607024786,0.7095808383233537,0.0006767310741532008,0.6918741193048383,Jun-22,2022-07-22,0,Medium Risk
1130011,Portland School District,English Learners,English Learners,4.797457347605768e-05,0.8543880362062182,4.0316728216871744e-05,0.7581503659347972,4.7213795871153543e-05,0.7350868952559892,Jun-22,2022-07-22,0,Medium Risk
1130011,Portland School District,Race/Ethnicity,All other races,0.00012393431481314904,0.8815426997245179,0.00014110854875905112,0.7990685296074522,0.00014557587060272343,0.758102395490841,Jun-22,2022-07-22,1,Low Risk
1130011,Portland School District,Race/Ethnicity,Black or African American,4.1977751791550476e-05,0.725304998032271,3.830089180602815e-05,0.6813040585495678,4.327931288189075e-05,0.6806012212306252,Jun-22,2022-07-22,0,Medium Risk
1130011,Portland School District,Race/Ethnicity,Hispanic/Latino of any race,0.0003817976472469591,0.7957497048406137,0.00033261300778919187,0.777112441783101,0.00032066036362491784,0.7224048849224989,Jun-22,2022-07-22,0,Medium Risk
1130011,Portland School District,Race/Ethnicity,White,0.001709094180084555,0.9063360881542697,0.0018444903159218825,0.8802395209580842,0.001859043212426671,0.7999060591827147,Jun-22,2022-07-22,1,Low Risk
1130011,Portland School District,High Needs,Students Without High Needs,0.0015271905889878363,0.9240456513183783,0.0015804157461013725,0.918829008649368,0.0016092035426084836,0.8229215594175674,Jun-22,2022-07-22,1,Low Risk
1130011,Portland School District,High Needs,Students With High Needs,0.0007855836406704447,0.7937819756001572,0.0008285087648567144,0.7355289421157689,0.0008380448767129754,0.7036167214654769,Jun-22,2022-07-22,0,Medium Risk
1140011,Preston School District,Unknown,All Students,0.0007256154238253726,0.7807949626131445,0.0007841603638181554,0.8752495009980041,0.0007731259073901393,0.7811178957256928,Jun-22,2022-07-22,1,Low Risk
1140011,Preston School District,Students With Disabilities,Students With Disabilities,5.996821684507211e-05,0.7634789452971269,9.272847489880502e-05,0.8246839654025284,8.06569012798873e-05,0.8041333959605446,Jun-22,2022-07-22,0,Medium Risk
1140011,Preston School District,Free/Reduced Lunch,Free Meal Eligible,7.396080077558894e-05,0.7378984651711922,0.000126997693883146,0.8003992015968064,0.00014951035359198625,0.7153593236261155,Jun-22,2022-07-22,0,Medium Risk
1140011,Preston School District,Free/Reduced Lunch,Reduced Price Meal Eligible,9.994702807512016e-06,0.7985045257772532,2.0158364108435872e-05,0.8622754491017965,3.1475863914102365e-05,0.7186472522310945,Jun-22,2022-07-22,1,Low Risk
1140011,Preston School District,Free/Reduced Lunch,Free/Reduced Price Meal Eligible,0.00012393431481314904,0.7560015741833923,0.00018747278620845362,0.8170326014637395,0.00022033104739871656,0.7162987317989664,Jun-22,2022-07-22,0,Medium Risk
1140011,Preston School District,Race/Ethnicity,Hispanic/Latino of any race,2.598622729953124e-05,0.7638724911452188,0.0006692576884000709,0.8356620093147042,0.0006767310741532008,0.7595115077501173,Jun-22,2022-07-22,0,Medium Risk
1140011,Preston School District,Race/Ethnicity,White,0.0005836906439587019,0.7768595041322315,0.0006490993242916351,0.8772455089820363,0.0006413207272498357,0.78252700798497,Jun-22,2022-07-22,1,Low Risk
1140011,Preston School District,High Needs,Students Without High Needs,0.0004857425564450841,0.7918142463597007,0.00046162653808318145,0.9051896207584833,0.00043869485330280173,0.8125880695162051,Jun-22,2022-07-22,1,Low Risk
1140011,Preston School District,High Needs,Students With High Needs,0.00019389723446573318,0.7571822117276663,0.0002701220790530407,0.830006653359947,0.0002950862241947097,0.7355565993424147,Jun-22,2022-07-22,0,Medium Risk
1160011,Putnam School District,Unknown,All Students,0.0020848950056470074,0.7256985438803616,0.0020581689754713027,0.7089155023286762,0.0020636363278683364,0.7172381399718182,Jun-22,2022-07-22,0,Medium Risk
1160011,Putnam School District,Students With Disabilities,Students With Disabilities,0.0003777997661239543,0.609602518693428,0.0003850247544711252,0.6077844311377252,0.0003737758839799656,0.632691404415219,Jun-22,2022-07-22,2,High Risk
1160011,Putnam School District,Free/Reduced Lunch,Free Meal Eligible,0.0008095709274084735,0.6324281778827237,0.0010522666064603527,0.6487025948103793,0.0010819828220472688,0.6768435885392208,Jun-22,2022-07-22,0,Medium Risk
1160011,Putnam School District,Free/Reduced Lunch,Reduced Price Meal Eligible,0.00012193537425164663,0.7300275482093661,0.00015521940363495622,0.6214238190286099,0.00012393621416177807,0.6857679661813059,Jun-22,2022-07-22,0,Medium Risk
1160011,Putnam School District,Free/Reduced Lunch,Free/Reduced Price Meal Eligible,0.0009714851128901683,0.6485635576544668,0.0012478027383121806,0.6443779108449772,0.001245263866101675,0.6782527007984971,Jun-22,2022-07-22,0,Medium Risk
1160011,Putnam School District,English Learners,English Learners,3.997881123004808e-05,0.6595828414010234,3.426921898434099e-05,0.5662009314703931,4.7213795871153543e-05,0.6946923438233918,Jun-22,2022-07-22,2,High Risk
1160011,Putnam School District,Race/Ethnicity,All other races,0.0001059438497596274,0.6304604486422671,0.0006692576884000709,0.8356620093147042,0.0006767310741532008,0.7595115077501173,Jun-22,2022-07-22,0,Medium Risk
1160011,Putnam School District,Race/Ethnicity,Black or African American,0.0,0.8402203856749311,0.0006692576884000709,0.8356620093147042,0.0006767310741532008,0.7595115077501173,Jun-22,2022-07-22,1,Low Risk
1160011,Putnam School District,Race/Ethnicity,Hispanic/Latino of any race,0.0002758537974873317,0.668240850059032,0.00026205873340966635,0.626081170991351,0.00023803622085039912,0.684828558008455,Jun-22,2022-07-22,0,Medium Risk
1160011,Putnam School District,Race/Ethnicity,White,0.0015831609247099036,0.7434081070444707,0.0015864632553339033,0.727544910179641,0.0016052690596192207,0.7209957726632226,Jun-22,2022-07-22,0,Medium Risk
1160011,Putnam School District,High Needs,Students Without High Needs,0.0007715910567399278,0.8307752853207395,0.0005523391765711429,0.83433133732535,0.0006570586592068869,0.78252700798497,Jun-22,2022-07-22,1,Low Risk
1160011,Putnam School District,High Needs,Students With High Needs,0.0011813738718479206,0.6548602912239274,0.0013828637778387008,0.6543579507651365,0.0013672328387688215,0.684828558008455,Jun-22,2022-07-22,0,Medium Risk
1170011,Redding School District,Unknown,All Students,0.0015371852917953485,0.9260133805588349,0.0015360673450628135,0.9387890884896879,0.0014970707774144938,0.8022545796148428,Jun-22,2022-07-22,1,Low Risk
1170011,Redding School District,Students With Disabilities,Students With Disabilities,0.00018790041278122593,0.8949232585596221,0.00017940944056507927,0.9224883566200934,0.00020459311544166538,0.8060122123062472,Jun-22,2022-07-22,1,Low Risk
1170011,Redding School District,Free/Reduced Lunch,Free/Reduced Price Meal Eligible,0.00011793749312864181,0.9232585596221958,0.00012296602106145883,0.9337990685296078,0.00011213276519398969,0.78252700798497,Jun-22,2022-07-22,1,Low Risk
1170011,Redding School District,Race/Ethnicity,Hispanic/Latino of any race,0.00013193007705915863,0.9216843762298303,0.00014312438516989468,0.9165003326679977,0.00011606724818325249,0.8093001409112262,Jun-22,2022-07-22,1,Low Risk
1170011,Redding School District,Race/Ethnicity,White,0.001257333613185012,0.9260133805588349,0.0012276443742037448,0.9401197604790421,0.0012137880021875725,0.8003757632691411,Jun-22,2022-07-22,1,Low Risk
1170011,Redding School District,High Needs,Students Without High Needs,0.0011473918823023796,0.9338842975206609,0.001118789208018191,0.9461077844311383,0.001121327651939897,0.8013151714419919,Jun-22,2022-07-22,1,Low Risk
1170011,Redding School District,High Needs,Students With High Needs,0.0003198304898403846,0.9024006296733571,0.0003245496621458175,0.9284763805721896,0.000336398295581969,0.8050728041333963,Jun-22,2022-07-22,1,Low Risk
1180011,Ridgefield School District,Unknown,All Students,0.009021218754060348,0.9027941755214477,0.009117628086245545,0.9574184963406522,0.009129967776584317,0.7853452325035235,Jun-22,2022-07-22,1,Low Risk
1180011,Ridgefield School District,Students With Disabilities,Students With Disabilities,0.0013073071272225718,0.8473042109405742,0.0012175651921495266,0.9071856287425155,0.0012078862777036782,0.7167684358853927,Jun-22,2022-07-22,1,Low Risk
1180011,Ridgefield School District,Free/Reduced Lunch,Free Meal Eligible,0.0005157266648676201,0.8469106650924836,0.00034672386266509697,0.9055222887558223,0.00040131726490480517,0.714889619539691,Jun-22,2022-07-22,1,Low Risk
1180011,Ridgefield School District,Free/Reduced Lunch,Reduced Price Meal Eligible,0.00010794279032112979,0.8532073986619442,6.450676514699479e-05,0.9101796407185634,6.885345231209892e-05,0.7538750587130112,Jun-22,2022-07-22,1,Low Risk
1180011,Ridgefield School District,Free/Reduced Lunch,Free/Reduced Price Meal Eligible,0.000663648266418798,0.8480913026367567,0.00045154735602896353,0.906520292747838,0.0005095155471095319,0.7228745890089243,Jun-22,2022-07-22,1,Low Risk
1180011,Ridgefield School District,English Learners,English Learners,7.795868189859374e-05,0.8791814246359699,5.8459255914464035e-05,0.9417831004657353,8.06569012798873e-05,0.742602160638798,Jun-22,2022-07-22,1,Low Risk
1180011,Ridgefield School District,Race/Ethnicity,All other races,0.0009894755779436897,0.9279811097992914,0.0009635698043832347,0.9813705921490352,0.0009560793663908593,0.8008454673555665,Jun-22,2022-07-22,1,Low Risk
1180011,Ridgefield School District,Race/Ethnicity,Black or African American,2.598622729953124e-05,0.9323101141282955,1.8142527697592285e-05,0.9451097804391222,1.967241494631398e-05,0.7787693752935656,Jun-22,2022-07-22,1,Low Risk
1180011,Ridgefield School District,Race/Ethnicity,Hispanic/Latino of any race,0.0007516016511249038,0.8768201495474219,0.0007398119627795964,0.9364604125083171,0.0006649276251854124,0.7576326914044156,Jun-22,2022-07-22,1,Low Risk
1180011,Ridgefield School District,Race/Ethnicity,White,0.007134218864002079,0.9016135379771746,0.007275153606734506,0.9564204923486361,0.007371253880383848,0.7862846406763744,Jun-22,2022-07-22,1,Low Risk
1180011,Ridgefield School District,High Needs,Students Without High Needs,0.006990295143573906,0.9169618260527348,0.007257011079036914,0.9687292082501666,0.007373221121878479,0.8013151714419919,Jun-22,2022-07-22,1,Low Risk
1180011,Ridgefield School District,High Needs,Students With High Needs,0.0018989935334272835,0.8524203069657617,0.001675160057411021,0.9115103127079176,0.0017174018248132103,0.7191169563175199,Jun-22,2022-07-22,1,Low Risk
1190011,Rocky Hill School District,Unknown,All Students,0.0049233906029804205,0.9161747343565523,0.005114176974310181,0.9091816367265473,0.005104991678568477,0.8205730389854393,Jun-22,2022-07-22,1,Low Risk
1190011,Rocky Hill School District,Students With Disabilities,Students With Disabilities,0.0006016811090122236,0.8587170405352222,0.000566450031447048,0.8433133732534936,0.0005803362409162623,0.7524659464537349,Jun-22,2022-07-22,1,Low Risk
1190011,Rocky Hill School District,Free/Reduced Lunch,Free Meal Eligible,0.0008135688085314783,0.7906336088154271,0.000717637762260317,0.7754491017964074,0.0008380448767129754,0.736965711601691,Jun-22,2022-07-22,0,Medium Risk
1190011,Rocky Hill School District,Free/Reduced Lunch,Reduced Price Meal Eligible,0.00012793219593615384,0.8890200708382525,0.00011087100259639729,0.8702594810379245,0.00014164138761346064,0.8139971817754823,Jun-22,2022-07-22,1,Low Risk
1190011,Rocky Hill School District,Free/Reduced Lunch,Free/Reduced Price Meal Eligible,0.0009814798156976801,0.8063754427390792,0.000868825493073586,0.7910844976713243,0.001019031094219064,0.7501174260216068,Jun-22,2022-07-22,0,Medium Risk
1190011,Rocky Hill School District,English Learners,English Learners,0.00028584850029484375,0.8902007083825265,0.00033261300778919187,0.9667332002661344,0.00038164484995849117,0.837952090183185,Jun-22,2022-07-22,1,Low Risk
1190011,Rocky Hill School District,Race/Ethnicity,All other races,0.00155517575684887,0.9472648563557655,0.001665080875356803,0.9630738522954094,0.0016977294098668963,0.8431188351338657,Jun-22,2022-07-22,1,Low Risk
1190011,Rocky Hill School District,Race/Ethnicity,Black or African American,0.00013193007705915863,0.9067296340023612,0.00013506103952652034,0.8313373253493017,0.00011803448967788387,0.810239549084077,Jun-22,2022-07-22,1,Low Risk
1190011,Rocky Hill School District,Race/Ethnicity,Hispanic/Latino of any race,0.0005537065355361658,0.8166076347894529,0.0005019432663000532,0.7667997338656027,0.00047213795871153553,0.7238139971817761,Jun-22,2022-07-22,0,Medium Risk
1190011,Rocky Hill School District,Race/Ethnicity,White,0.0025626417998460818,0.9193231011412828,0.002691141608476189,0.9081836327345316,0.002699055330634278,0.8243306716768437,Jun-22,2022-07-22,1,Low Risk
1190011,Rocky Hill School District,High Needs,Students Without High Needs,0.003158326087173798,0.9527744982290436,0.003473286135883501,0.9374584165003332,0.0033757864047874787,0.844527947393142,Jun-22,2022-07-22,1,Low Risk
1190011,Rocky Hill School District,High Needs,Students With High Needs,0.001595154568078918,0.8461235733963002,0.0015138931445435341,0.8469727212242186,0.0016898604438883708,0.7717238139971823,Jun-22,2022-07-22,1,Low Risk
1210011,Salem School District,Unknown,All Students,0.0007296133049483774,0.8984651711924436,0.0007095744166169427,0.8925482368596147,0.0007750931488847706,0.7895725692813524,Jun-22,2022-07-22,1,Low Risk
1210011,Salem School District,Students With Disabilities,Students With Disabilities,6.596503852957932e-05,0.8803620621802439,5.8459255914464035e-05,0.849301397205589,8.262414277451872e-05,0.8294974166275253,Jun-22,2022-07-22,1,Low Risk
1210011,Salem School District,Free/Reduced Lunch,Free/Reduced Price Meal Eligible,9.794808751361778e-05,0.7882723337268791,0.00011893434823977164,0.8206919494344644,0.00012983793864567225,0.736965711601691,Jun-22,2022-07-22,0,Medium Risk
1210011,Salem School District,Race/Ethnicity,Hispanic/Latino of any race,2.1988346176526444e-05,0.8634395907123178,0.0006692576884000709,0.8356620093147042,2.3606897935576775e-05,0.7844058243306717,Jun-22,2022-07-22,1,Low Risk
1210011,Salem School District,Race/Ethnicity,White,0.0006016811090122236,0.9031877213695392,0.0005765292135012659,0.8912175648702596,0.000643287968744467,0.7909816815406296,Jun-22,2022-07-22,1,Low Risk
1210011,Salem School District,High Needs,Students Without High Needs,0.0005057319620601082,0.9248327430145609,0.00047170572013739936,0.9311377245508985,0.0005370569280343715,0.7970878346641621,Jun-22,2022-07-22,1,Low Risk
1210011,Salem School District,High Needs,Students With High Needs,0.0001659120666046995,0.8331365604092875,0.00018142527697592283,0.8216899534264805,0.00019869139095777117,0.7703147017379051,Jun-22,2022-07-22,1,Low Risk
1220011,Salisbury School District,Unknown,All Students,0.0005237224271136297,0.8827233372687919,0.0005523391765711429,0.9244843646041252,0.00048000692469006106,0.7782996712071402,Jun-22,2022-07-22,1,Low Risk
1220011,Salisbury School District,Students With Disabilities,Students With Disabilities,1.3992583930516825e-05,0.7902400629673352,2.620587334096664e-05,0.906520292747838,9.836207473156994e-06,0.6735556599342418,Jun-22,2022-07-22,1,Low Risk
1220011,Salisbury School District,Free/Reduced Lunch,Free/Reduced Price Meal Eligible,4.9973514037560094e-05,0.8154269972451789,6.450676514699479e-05,0.850299401197605,7.672241829062451e-05,0.6801315171441997,Jun-22,2022-07-22,1,Low Risk
1220011,Salisbury School District,Race/Ethnicity,Hispanic/Latino of any race,2.1988346176526444e-05,0.8720975993703268,1.8142527697592285e-05,0.8729208250166338,0.0006767310741532008,0.7595115077501173,Jun-22,2022-07-22,1,Low Risk
1220011,Salisbury School District,Race/Ethnicity,White,0.00040178705286198315,0.8862652499016135,0.0004273573190988405,0.9347970725216239,0.00037574312547459696,0.7740723344293094,Jun-22,2022-07-22,1,Low Risk
1220011,Salisbury School District,High Needs,Students Without High Needs,0.0003797987066854567,0.8984651711924436,0.00038704059088196874,0.9424484364604129,0.00032852932960344343,0.8046031000469709,Jun-22,2022-07-22,1,Low Risk
1220011,Salisbury School District,High Needs,Students With High Needs,9.994702807512017e-05,0.836284927194018,0.00011288683900724088,0.8735861610113109,0.00011213276519398969,0.7130108031939884,Jun-22,2022-07-22,1,Low Risk
1230011,Scotland School District,Unknown,All Students,0.00013193007705915863,0.777646595828414,0.00012498185747230242,0.8822355289421164,0.00013377242163493505,0.8384217942696104,Jun-22,2022-07-22,1,Low Risk
1230011,Scotland School District,Students With Disabilities,Students With Disabilities,1.998940561502398e-06,0.7678079496261314,0.0006692576884000709,0.8356620093147042,0.0006767310741532008,0.7595115077501173,Jun-22,2022-07-22,0,Medium Risk
1230011,Scotland School District,Free/Reduced Lunch,Free/Reduced Price Meal Eligible,2.398728673802884e-05,0.775285320739866,1.6126691286748698e-05,0.8522954091816368,2.9508622419470967e-05,0.8426491310474402,Jun-22,2022-07-22,1,Low Risk
1230011,Scotland School District,Race/Ethnicity,White,0.00011593855256713941,0.7870916961826051,0.0006692576884000709,0.8356620093147042,0.0006767310741532008,0.7595115077501173,Jun-22,2022-07-22,1,Low Risk
1230011,Scotland School District,High Needs,Students Without High Needs,3.7979870668545667e-05,0.8044077134986223,4.0316728216871744e-05,0.9101796407185634,4.5246554376522146e-05,0.8388914983560358,Jun-22,2022-07-22,1,Low Risk
1230011,Scotland School District,High Needs,Students With High Needs,5.197245459906249e-05,0.7591499409681228,4.0316728216871744e-05,0.8566200931470394,4.918103736578494e-05,0.8384217942696104,Jun-22,2022-07-22,1,Low Risk
1240011,Seymour School District,Unknown,All Students,0.004111820735010444,0.8437622983077526,0.004142543824283571,0.869926813040586,0.004239405420930663,0.7642085486143735,Jun-22,2022-07-22,1,Low Risk
1240011,Seymour School District,Students With Disabilities,Students With Disabilities,0.0005617022977821754,0.7591499409681228,0.0005382283216952378,0.75249500998004,0.0005862379654001565,0.6777829967120717,Jun-22,2022-07-22,0,Medium Risk
1240011,Seymour School District,Free/Reduced Lunch,Free Meal Eligible,0.0011314003578103604,0.774104683195592,0.0012417552290796498,0.7754491017964074,0.0012767397300157773,0.684828558008455,Jun-22,2022-07-22,0,Medium Risk
1240011,Seymour School District,Free/Reduced Lunch,Reduced Price Meal Eligible,0.000311834727594375,0.8543880362062182,0.0003608347175410021,0.874916833000666,0.0003226276051195492,0.7463597933302015,Jun-22,2022-07-22,1,Low Risk
1240011,Seymour School District,Free/Reduced Lunch,Free/Reduced Price Meal Eligible,0.0014832138966347835,0.7929948839039747,0.0016429066748375237,0.7994011976047908,0.0016387121650279545,0.6979802724283699,Jun-22,2022-07-22,0,Medium Risk
1240011,Seymour School District,English Learners,English Learners,0.00017790570997371395,0.8209366391184569,0.00013707687593736393,0.8383233532934136,0.00012787069715104087,0.749178017848755,Jun-22,2022-07-22,1,Low Risk
1240011,Seymour School District,Race/Ethnicity,All other races,0.00019389723446573318,0.8602912239275873,0.0002056153139060459,0.8047238855622094,0.00021049483992555959,0.749178017848755,Jun-22,2022-07-22,1,Low Risk
1240011,Seymour School District,Race/Ethnicity,Black or African American,0.0002458696890647957,0.8799685163321525,0.00019352029544098437,0.8845642049234868,0.0001809862175060886,0.7984969469234384,Jun-22,2022-07-22,1,Low Risk
1240011,Seymour School District,Race/Ethnicity,Hispanic/Latino of any race,0.0008275613924619952,0.7453758362849268,0.000707558580206099,0.8030605455755158,0.000692469006110252,0.7275716298731805,Jun-22,2022-07-22,0,Medium Risk
1240011,Seymour School District,Race/Ethnicity,White,0.0027245559853277764,0.8685556867375048,0.002914899450079827,0.890884896872921,0.0030374208677108783,0.7712541099107559,Jun-22,2022-07-22,1,Low Risk
1240011,Seymour School District,High Needs,Students Without High Needs,0.002138866400807572,0.887445887445887,0.002114612394974923,0.9294743845642053,0.002224950130428111,0.8154062940347577,Jun-22,2022-07-22,1,Low Risk
1240011,Seymour School District,High Needs,Students With High Needs,0.0018550168410742306,0.7953561589925227,0.001963424664161654,0.8060545575515636,0.0019751104606099234,0.7059652418976041,Jun-22,2022-07-22,0,Medium Risk
1250011,Sharon School District,Unknown,All Students,0.00015791630435868991,0.8378591105863831,0.00016731442210001773,0.9061876247504994,0.00014951035359198625,0.8017848755284174,Jun-22,2022-07-22,1,Low Risk
1250011,Sharon School District,Students With Disabilities,Students With Disabilities,3.997881123004802e-06,0.8083431719795358,6.047509232530762e-06,0.9005322687957422,1.3770690462419788e-05,0.7844058243306717,Jun-22,2022-07-22,1,Low Risk
1250011,Sharon School District,Free/Reduced Lunch,Free/Reduced Price Meal Eligible,3.7979870668545667e-05,0.8394332939787481,3.628505539518457e-05,0.8882235528942117,3.737758839799656e-05,0.8017848755284174,Jun-22,2022-07-22,1,Low Risk
1250011,Sharon School District,Race/Ethnicity,White,0.00012993113649765624,0.8457300275482096,0.000126997693883146,0.9071856287425155,0.00012590345565640946,0.7956787224048858,Jun-22,2022-07-22,1,Low Risk
1250011,Sharon School District,High Needs,Students Without High Needs,4.5975632914555285e-05,0.8736717827626919,6.450676514699479e-05,0.9331337325349307,5.3115520355047736e-05,0.8248003757632691,Jun-22,2022-07-22,1,Low Risk
1250011,Sharon School District,High Needs,Students With High Needs,5.996821684507211e-05,0.7985045257772532,6.0475092325307616e-05,0.8772455089820363,5.7050003344310544e-05,0.7797087834664165,Jun-22,2022-07-22,1,Low Risk
1260011,Shelton School District,Unknown,All Students,0.008763355421626538,0.8724911452184179,0.008702365785611765,0.8562874251497012,0.009011933286906432,0.7815875998121182,Jun-22,2022-07-22,1,Low Risk
1260011,Shelton School District,Students With Disabilities,Students With Disabilities,0.0012353452670084853,0.7902400629673352,0.0011933751552194037,0.7897538256819696,0.0012649362810479888,0.7346171911695629,Jun-22,2022-07-22,0,Medium Risk
1260011,Shelton School District,Free/Reduced Lunch,Free Meal Eligible,0.0020169310265559254,0.7961432506887052,0.0020682481575255204,0.7521623419827019,0.0022721639262992645,0.7299201503053077,Jun-22,2022-07-22,0,Medium Risk
1260011,Shelton School District,Free/Reduced Lunch,Reduced Price Meal Eligible,0.0004897404375680889,0.8622589531680442,0.000590640068377171,0.8033932135728548,0.00043279312881890753,0.7548144668858621,Jun-22,2022-07-22,1,Low Risk
1260011,Shelton School District,Free/Reduced Lunch,Free/Reduced Price Meal Eligible,0.0025466502753540626,0.8099173553719003,0.0026992049541195635,0.7641383898868934,0.0027443018850108,0.7341474870831384,Jun-22,2022-07-22,0,Medium Risk
1260011,Shelton School District,English Learners,English Learners,0.000549708654413161,0.8953168044077131,0.00048581657501330447,0.8200266134397873,0.00047213795871153553,0.8017848755284174,Jun-22,2022-07-22,1,Low Risk
1260011,Shelton School District,Race/Ethnicity,All other races,0.0008095709274084735,0.9181424635970088,0.0007720653453530938,0.9021956087824354,0.0007691914244008764,0.8266791921089718,Jun-22,2022-07-22,1,Low Risk
1260011,Shelton School District,Race/Ethnicity,Black or African American,0.00062366945518875,0.9059425423061787,0.0005785450499121095,0.833998669328011,0.0005960741728733135,0.7956787224048858,Jun-22,2022-07-22,1,Low Risk
1260011,Shelton School District,Race/Ethnicity,Hispanic/Latino of any race,0.0019049903551117907,0.8264462809917354,0.001616700801496557,0.7910844976713243,0.0015147759508661763,0.7599812118365437,Jun-22,2022-07-22,0,Medium Risk
1260011,Shelton School District,Race/Ethnicity,White,0.005305188250227379,0.8776072412436045,0.00561410440419939,0.8709248170326016,0.006013857249088183,0.7797087834664165,Jun-22,2022-07-22,1,Low Risk
1260011,Shelton School District,High Needs,Students Without High Needs,0.005085304788462116,0.9110586383313657,0.00497306842555113,0.9071856287425155,0.005352864106892033,0.8055425082198218,Jun-22,2022-07-22,1,Low Risk
1260011,Shelton School District,High Needs,Students With High Needs,0.0035021438637522113,0.8177882723337269,0.0035680304471931495,0.7867598137059217,0.003619724350121772,0.745890089243777,Jun-22,2022-07-22,0,Medium Risk
1270011,Sherman School District,Unknown,All Students,0.0004537595074610457,0.884691066509248,0.000463642374494025,0.9015302727877583,0.0004544327852598529,0.785814936589948,Jun-22,2022-07-22,1,Low Risk
1270011,Sherman School District,Students With Disabilities,Students With Disabilities,2.9984108422536048e-05,0.8354978354978355,3.830089180602815e-05,0.8413173652694614,4.7213795871153543e-05,0.7642085486143735,Jun-22,2022-07-22,1,Low Risk
1270011,Sherman School District,Race/Ethnicity,Hispanic/Latino of any race,1.998940561502398e-06,0.939000393545848,0.0006692576884000709,0.8356620093147042,0.0006767310741532008,0.7595115077501173,Jun-22,2022-07-22,1,Low Risk
1270011,Sherman School District,Race/Ethnicity,White,0.0003738018850009495,0.8799685163321525,0.0003890564272928123,0.8955422488356621,0.00039148105743164814,0.7787693752935656,Jun-22,2022-07-22,1,Low Risk
1270011,Sherman School District,High Needs,Students Without High Needs,0.0003598093010704327,0.8937426210153485,0.00035478720830847135,0.9141716566866269,0.00034820174454975743,0.7891028651949279,Jun-22,2022-07-22,1,Low Risk
1270011,Sherman School District,High Needs,Students With High Needs,4.3976692353052873e-05,0.835104289649744,5.442758309277685e-05,0.8463073852295415,6.688621081746754e-05,0.7736026303428849,Jun-22,2022-07-22,1,Low Risk
1280011,Simsbury School District,Unknown,All Students,0.00809171139296173,0.8902007083825265,0.00803109226080085,0.9500998003992018,0.007898474600945062,0.7984969469234384,Jun-22,2022-07-22,1,Low Risk
1280011,Simsbury School District,Students With Disabilities,Students With Disabilities,0.0011913685746554326,0.7941755214482487,0.0011026625167314423,0.8895542248835668,0.0011232948934345281,0.7543447627994366,Jun-22,2022-07-22,1,Low Risk
1280011,Simsbury School District,Free/Reduced Lunch,Free Meal Eligible,0.0008635423225690384,0.7768595041322315,0.0009333322582205808,0.8589487691284101,0.0007927983223364533,0.7397839361202445,Jun-22,2022-07-22,1,Low Risk
1280011,Simsbury School District,Free/Reduced Lunch,Reduced Price Meal Eligible,0.00012193537425164663,0.8591105863833133,0.0002459320421229176,0.9291417165668667,0.0002754138092483957,0.7975575387505875,Jun-22,2022-07-22,1,Low Risk
1280011,Simsbury School District,Free/Reduced Lunch,Free/Reduced Price Meal Eligible,0.001025456508050733,0.7894529712711531,0.0012195810285603704,0.874916833000666,0.001107556961477477,0.7557538750587129,Jun-22,2022-07-22,1,Low Risk
1280011,Simsbury School District,English Learners,English Learners,9.994702807512017e-05,0.8410074773711136,8.466512925543065e-05,0.8702594810379245,0.00011803448967788387,0.785814936589948,Jun-22,2022-07-22,1,Low Risk
1280011,Simsbury School District,Race/Ethnicity,All other races,0.0009055200743605889,0.9252262888626523,0.0008869680207711783,0.9737192282102467,0.0008734552236163406,0.8130577736026305,Jun-22,2022-07-22,1,Low Risk
1280011,Simsbury School District,Race/Ethnicity,Black or African American,0.0004397669235305288,0.8170011806375443,0.0004233256462771533,0.8602794411177652,0.00041508795536722497,0.7942696101456086,Jun-22,2022-07-22,1,Low Risk
1280011,Simsbury School District,Race/Ethnicity,Hispanic/Latino of any race,0.0008675402036920432,0.8465171192443921,0.0008426196197326195,0.9118429807052566,0.0007101741795619346,0.7689055894786287,Jun-22,2022-07-22,1,Low Risk
1280011,Simsbury School District,Race/Ethnicity,White,0.005758947757688425,0.8976780794962611,0.005757228789369285,0.959414504324684,0.005781722752721678,0.8003757632691411,Jun-22,2022-07-22,1,Low Risk
1280011,Simsbury School District,High Needs,Students Without High Needs,0.00591286618092411,0.9197166469893743,0.005767307971423503,0.9717232202262145,0.005791558960194836,0.8116486613433533,Jun-22,2022-07-22,1,Low Risk
1280011,Simsbury School District,High Needs,Students With High Needs,0.002038919372732452,0.8087367178276264,0.00211864406779661,0.8932135728542918,0.0020675708108575993,0.7623297322686708,Jun-22,2022-07-22,1,Low Risk
1290011,Somers School District,Unknown,All Students,0.0025966237893916225,0.9153876426603698,0.002570191423825574,0.8888888888888893,0.0025534794600315545,0.7886331611085016,Jun-22,2022-07-22,1,Low Risk
1290011,Somers School District,Students With Disabilities,Students With Disabilities,0.0003638071821934375,0.8496654860291222,0.0003608347175410021,0.8243512974051899,0.000356070710528283,0.7275716298731805,Jun-22,2022-07-22,1,Low Risk
1290011,Somers School District,Free/Reduced Lunch,Free/Reduced Price Meal Eligible,9.594914695211538e-05,0.8539944903581267,9.676014772049219e-05,0.788755821689954,0.0002616431187859759,0.6984499765147962,Jun-22,2022-07-22,0,Medium Risk
1290011,Somers School District,Race/Ethnicity,All other races,4.3976692353052873e-05,0.9059425423061787,4.434840103855892e-05,0.8829008649367935,3.9344829892627954e-05,0.7632691404415217,Jun-22,2022-07-22,1,Low Risk
1290011,Somers School District,Race/Ethnicity,Black or African American,1.9989405615024032e-05,0.8354978354978355,3.628505539518457e-05,0.7761144377910849,3.9344829892627954e-05,0.7534053546265858,Jun-22,2022-07-22,0,Medium Risk
1290011,Somers School District,Race/Ethnicity,Hispanic/Latino of any race,9.195126582911056e-05,0.8587170405352222,8.063345643374349e-05,0.8157019294743852,8.852586725841292e-05,0.7689055894786287,Jun-22,2022-07-22,1,Low Risk
1290011,Somers School District,Race/Ethnicity,White,0.0023207699919042908,0.9212908303817398,0.0022879743263074714,0.8965402528276782,0.0022682294433100016,0.7919210897134805,Jun-22,2022-07-22,1,Low Risk
1290011,Somers School District,High Needs,Students Without High Needs,0.0020729013622779926,0.9315230224321129,0.0020440581205953975,0.9035262807717901,0.001961339770147504,0.8074213245655244,Jun-22,2022-07-22,1,Low Risk
1290011,Somers School District,High Needs,Students With High Needs,0.0004597563291455529,0.8559622195985828,0.0004454998467964328,0.829008649367931,0.0005527948599914227,0.7256928135274778,Jun-22,2022-07-22,1,Low Risk
1310011,Southington School District,Unknown,All Students,0.012295483393801286,0.88823297914207,0.012282491251269977,0.8759148369926817,0.012226405889134137,0.7778299671207138,Jun-22,2022-07-22,1,Low Risk
1310011,Southington School District,Students With Disabilities,Students With Disabilities,0.0017990465053521632,0.778827233372688,0.0017215242948604235,0.7707917498336663,0.001770517345168258,0.6716768435885401,Jun-22,2022-07-22,0,Medium Risk
1310011,Southington School District,Free/Reduced Lunch,Free Meal Eligible,0.0021908388554066345,0.7662337662337659,0.002237578416036382,0.756487025948104,0.0022564259943422134,0.6707374354156883,Jun-22,2022-07-22,0,Medium Risk
1310011,Southington School District,Free/Reduced Lunch,Reduced Price Meal Eligible,0.0005537065355361658,0.8591105863833133,0.0006067667596639197,0.8572854291417169,0.0004918103736578494,0.7477689055894787,Jun-22,2022-07-22,1,Low Risk
1310011,Southington School District,Free/Reduced Lunch,Free/Reduced Price Meal Eligible,0.0027845242021728484,0.7859110586383311,0.0028846619039171735,0.7791084497671328,0.002787581197892691,0.6852982620948804,Jun-22,2022-07-22,0,Medium Risk
1310011,Southington School District,English Learners,English Learners,0.0002518665107493029,0.8410074773711136,0.0002459320421229176,0.8223552894211581,0.00022623277188261076,0.7637388445279472,Jun-22,2022-07-22,1,Low Risk
1310011,Southington School District,Race/Ethnicity,All other races,0.001085424724895805,0.9008264462809916,0.0009978390233675758,0.8819028609447774,0.0009718172983479105,0.7829967120713954,Jun-22,2022-07-22,1,Low Risk
1310011,Southington School District,Race/Ethnicity,Black or African American,0.0002538654513108053,0.8465171192443921,0.00027616958828557145,0.845642049234864,0.00025574139430208174,0.822451855331142,Jun-22,2022-07-22,1,Low Risk
1310011,Southington School District,Race/Ethnicity,Hispanic/Latino of any race,0.00134728593845262,0.8048012593467138,0.0012780402844748343,0.7701264138389892,0.0011803448967788387,0.7162987317989664,Jun-22,2022-07-22,0,Medium Risk
1310011,Southington School District,Race/Ethnicity,White,0.009488970845451911,0.9000393545848091,0.009609492170491379,0.8905522288755825,0.009700467810027421,0.7834664161578209,Jun-22,2022-07-22,1,Low Risk
1310011,Southington School District,High Needs,Students Without High Needs,0.008189659480475349,0.9330972058244784,0.008125836572110499,0.9161676646706591,0.008195528066634402,0.8154062940347577,Jun-22,2022-07-22,1,Low Risk
1310011,Southington School District,High Needs,Students With High Needs,0.0039918843013203005,0.7981109799291617,0.0040336886580980185,0.7954091816367272,0.003991532992607106,0.6993893846876471,Jun-22,2022-07-22,0,Medium Risk
1320011,South Windsor School District,Unknown,All Students,0.009383026995692283,0.9146005509641872,0.009170039832927477,0.9580838323353298,0.008832914310894975,0.8111789572569288,Jun-22,2022-07-22,1,Low Risk
1320011,South Windsor School District,Students With Disabilities,Students With Disabilities,0.0011174077738798436,0.8162140889413618,0.0011470109177700012,0.8589487691284101,0.0011055897199828456,0.7463597933302015,Jun-22,2022-07-22,1,Low Risk
1320011,South Windsor School District,Free/Reduced Lunch,Free Meal Eligible,0.0011254035361258532,0.8083431719795358,0.0012074860100953087,0.8536260811709919,0.0012236242096607295,0.7205260685767971,Jun-22,2022-07-22,1,Low Risk
1320011,South Windsor School District,Free/Reduced Lunch,Reduced Price Meal Eligible,0.0003538124793859255,0.9075167256985437,0.0003487396990759406,0.9244843646041252,0.0002577086357967131,0.8013151714419919,Jun-22,2022-07-22,1,Low Risk
1320011,South Windsor School District,Free/Reduced Lunch,Free/Reduced Price Meal Eligible,0.0015191948267418267,0.833530106257379,0.0015965424373881212,0.870592149035263,0.0015206776753500706,0.7360263034288401,Jun-22,2022-07-22,1,Low Risk
1320011,South Windsor School District,English Learners,English Learners,0.0006596503852957932,0.8799685163321525,0.0006087825960747633,0.9544244843646048,0.0005980414143679449,0.7773602630342893,Jun-22,2022-07-22,1,Low Risk
1320011,South Windsor School District,Race/Ethnicity,All other races,0.003228289006826382,0.9334907516725695,0.0029471528326533245,0.9836992681304064,0.0026892191231611207,0.8271488961953972,Jun-22,2022-07-22,1,Low Risk
1320011,South Windsor School District,Race/Ethnicity,Black or African American,0.0005117287837446154,0.8492719401810307,0.0005160541211759583,0.8815701929474384,0.0005075483056149006,0.7637388445279472,Jun-22,2022-07-22,1,Low Risk
1320011,South Windsor School District,Race/Ethnicity,Hispanic/Latino of any race,0.0008835317281840624,0.8638331365604093,0.0008385879469109323,0.915169660678643,0.0007672241829062451,0.7759511507750121,Jun-22,2022-07-22,1,Low Risk
1320011,South Windsor School District,Race/Ethnicity,White,0.004639541043247079,0.9185360094451003,0.004747294747536648,0.9587491683300069,0.004750888209534826,0.8130577736026305,Jun-22,2022-07-22,1,Low Risk
1320011,South Windsor School District,High Needs,Students Without High Needs,0.00642859284579173,0.942935852026761,0.0062329661823283715,0.9850299401197611,0.006108284840830491,0.8332550493189297,Jun-22,2022-07-22,1,Low Risk
1320011,South Windsor School District,High Needs,Students With High Needs,0.0027765284399268388,0.8500590318772137,0.0028262026480027095,0.8978709248170329,0.0026852846401718583,0.7599812118365437,Jun-22,2022-07-22,1,Low Risk
1330011,Sprague School District,Unknown,All Students,0.0004557584480225481,0.7709563164108619,0.0004555790288506507,0.7608117099135066,0.0004662362342276413,0.7397839361202445,Jun-22,2022-07-22,0,Medium Risk
1330011,Sprague School District,Students With Disabilities,Students With Disabilities,3.398198954554086e-05,0.7312081857536401,4.233256462771534e-05,0.7009314703925487,5.7050003344310544e-05,0.6209488022545804,Jun-22,2022-07-22,0,Medium Risk
1330011,Sprague School District,Free/Reduced Lunch,Free Meal Eligible,0.0002218824023267668,0.7516725698543882,0.000219726168781951,0.6643379906852966,0.00021442932291482235,0.7036167214654769,Jun-22,2022-07-22,0,Medium Risk
1330011,Sprague School District,Free/Reduced Lunch,Free/Reduced Price Meal Eligible,0.0002458696890647957,0.7540338449429362,0.000288264606750633,0.7005988023952097,0.0002813155337322899,0.7238139971817761,Jun-22,2022-07-22,0,Medium Risk
1330011,Sprague School District,Race/Ethnicity,All other races,4.1977751791550476e-05,0.8213301849665484,3.628505539518457e-05,0.7877578176979378,0.0006767310741532008,0.7595115077501173,Jun-22,2022-07-22,0,Medium Risk
1330011,Sprague School District,Race/Ethnicity,White,0.00028784744085634615,0.7607241243604879,0.0002822170975181022,0.793413173652695,0.0003088569146571295,0.7275716298731805,Jun-22,2022-07-22,0,Medium Risk
1330011,Sprague School District,High Needs,Students Without High Needs,0.00011194067144413462,0.8118850846123573,8.466512925543065e-05,0.9068529607451765,0.00010623104071009548,0.8229215594175674,Jun-22,2022-07-22,1,Low Risk
1330011,Sprague School District,High Needs,Students With High Needs,0.0002758537974873317,0.7540338449429362,0.00031245464368075604,0.7099135063206923,0.00032066036362491784,0.7045561296383278,Jun-22,2022-07-22,0,Medium Risk
1340011,Stafford School District,Unknown,All Students,0.0025826312054611058,0.8232979142070049,0.0026992049541195635,0.8729208250166338,0.0026577432592470186,0.7566932832315638,Jun-22,2022-07-22,1,Low Risk
1340011,Stafford School District,Students With Disabilities,Students With Disabilities,0.0003857955283699639,0.717040535222353,0.0003769614088277508,0.768130405854957,0.00038951381593701676,0.712541099107562,Jun-22,2022-07-22,0,Medium Risk
1340011,Stafford School District,Free/Reduced Lunch,Free Meal Eligible,0.0006176726335042428,0.7493112947658402,0.0008023028915157477,0.7814371257485035,0.0008773897066056034,0.693752935650541,Jun-22,2022-07-22,0,Medium Risk
1340011,Stafford School District,Free/Reduced Lunch,Reduced Price Meal Eligible,9.395020639061298e-05,0.7186147186147185,0.0002378686964795433,0.8576180971390555,0.00019869139095777117,0.7778299671207138,Jun-22,2022-07-22,0,Medium Risk
1340011,Stafford School District,Free/Reduced Lunch,Free/Reduced Price Meal Eligible,0.0007516016511249038,0.7441951987406537,0.001080488316212163,0.8003992015968064,0.0011154259274560026,0.7111319868482857,Jun-22,2022-07-22,0,Medium Risk
1340011,Stafford School District,Race/Ethnicity,Hispanic/Latino of any race,0.000217884521203762,0.7953561589925227,0.00017739360415423567,0.8333333333333339,0.0001750844930221944,0.7069046500704559,Jun-22,2022-07-22,0,Medium Risk
1340011,Stafford School District,Race/Ethnicity,White,0.0021708494497916105,0.8276269185360094,0.002330306890935187,0.8752495009980041,0.0022879018582563156,0.7627994363550963,Jun-22,2022-07-22,1,Low Risk
1340011,Stafford School District,High Needs,Students Without High Needs,0.0014832138966347835,0.8713105076741439,0.0013465787224435162,0.9328010645375917,0.0013219862843922995,0.7928604978863323,Jun-22,2022-07-22,1,Low Risk
1340011,Stafford School District,High Needs,Students With High Needs,0.0010134628646817185,0.7567886658795748,0.0012619135931880856,0.8093812375249505,0.0012964121449620912,0.7186472522310945,Jun-22,2022-07-22,0,Medium Risk
1350011,Stamford School District,Unknown,All Students,0.03191508500494737,0.7682014954742229,0.03185223112773952,0.8330006653359949,0.032048331189040095,0.7505871301080322,Jun-22,2022-07-22,0,Medium Risk
1350011,Stamford School District,Homelessness,Students Experiencing Homelessness,7.396080077558894e-05,0.45415190869736355,1.411085487590511e-05,0.5016633399866937,0.0001081982822047269,0.3649600751526547,Jun-22,2022-07-22,2,High Risk
1350011,Stamford School District,Students With Disabilities,Students With Disabilities,0.004471630036080877,0.6674537583628495,0.004281636536631779,0.7365269461077846,0.004571869233523368,0.6679192108971357,Jun-22,2022-07-22,0,Medium Risk
1350011,Stamford School District,Free/Reduced Lunch,Free Meal Eligible,0.014092530958591946,0.7162534435261705,0.015046202970536535,0.772787757817698,0.015714325059115606,0.7186472522310945,Jun-22,2022-07-22,0,Medium Risk
1350011,Stamford School District,Free/Reduced Lunch,Reduced Price Meal Eligible,0.0027285538664507812,0.8138528138528138,0.0030539921624280347,0.8409846972721224,0.0031475863914102366,0.7665570690465007,Jun-22,2022-07-22,1,Low Risk
1350011,Stamford School District,Free/Reduced Lunch,Free/Reduced Price Meal Eligible,0.016861063636272777,0.7323888232979141,0.018140511861181444,0.7844311377245514,0.01890125628041847,0.7266322217003296,Jun-22,2022-07-22,0,Medium Risk
1350011,Stamford School District,English Learners,English Learners,0.00404985357760387,0.6509248327430148,0.003985308584237772,0.6769793745841652,0.004768593382986509,0.6899953029591366,Jun-22,2022-07-22,0,Medium Risk
1350011,Stamford School District,Race/Ethnicity,All other races,0.0031803144333503244,0.8122786304604483,0.0033382250963569803,0.8938789088489689,0.0033757864047874787,0.7449506810709252,Jun-22,2022-07-22,1,Low Risk
1350011,Stamford School District,Race/Ethnicity,Black or African American,0.004381677710813269,0.6957890594254232,0.00450136270541373,0.7761144377910849,0.004611214063415996,0.7242837012682006,Jun-22,2022-07-22,0,Medium Risk
1350011,Stamford School District,Race/Ethnicity,Hispanic/Latino of any race,0.015523772400627668,0.7378984651711922,0.014626908997081068,0.7874251497005988,0.014352993944830677,0.7383748238609682,Jun-22,2022-07-22,0,Medium Risk
1350011,Stamford School District,Race/Ethnicity,White,0.008709384026465972,0.8410074773711136,0.009264784144237126,0.9091816367265473,0.009590302286328064,0.7829967120713954,Jun-22,2022-07-22,1,Low Risk
1350011,Stamford School District,High Needs,Students Without High Needs,0.010934204871418149,0.8626524990161353,0.011089116096050572,0.9361277445109781,0.010975240298548567,0.8046031000469709,Jun-22,2022-07-22,1,Low Risk
1350011,Stamford School District,High Needs,Students With High Needs,0.019677570887429663,0.721763085399449,0.02004547726942863,0.7794411177644713,0.021033746060598907,0.7224048849224989,Jun-22,2022-07-22,0,Medium Risk
1360011,Sterling School District,Unknown,All Students,0.0005876885250817067,0.717040535222353,0.0005543550129819864,0.7265469061876249,0.0006000086558625762,0.7050258337247532,Jun-22,2022-07-22,0,Medium Risk
1360011,Sterling School District,Students With Disabilities,Students With Disabilities,6.196715740657451e-05,0.6544667453758364,5.644341950362044e-05,0.6892880904856957,6.885345231209892e-05,0.5988727101925786,Jun-22,2022-07-22,0,Medium Risk
1360011,Sterling School District,Free/Reduced Lunch,Free/Reduced Price Meal Eligible,0.0001719088882892067,0.6678473042109405,0.00016126691286748698,0.6164337990685298,0.00022229828889334794,0.6618130577736023,Jun-22,2022-07-22,0,Medium Risk
1360011,Sterling School District,Race/Ethnicity,Hispanic/Latino of any race,1.7990465053521628e-05,0.6080283353010625,8.063345643374349e-06,0.7880904856952768,0.0006767310741532008,0.7595115077501173,Jun-22,2022-07-22,0,Medium Risk
1360011,Sterling School District,Race/Ethnicity,White,0.0004657531508300601,0.7284533648170011,0.0004495315196181199,0.748170326014638,0.000489843132163218,0.7101925786754348,Jun-22,2022-07-22,0,Medium Risk
1360011,Sterling School District,High Needs,Students Without High Needs,0.0003058379059098678,0.7560015741833923,0.000278185424696415,0.7801064537591484,0.0002852500167215527,0.7411930483795208,Jun-22,2022-07-22,0,Medium Risk
1360011,Sterling School District,High Needs,Students With High Needs,0.0002238813428882692,0.6702085792994881,0.00021166282313857664,0.6566866267465072,0.0002754138092483957,0.6683889149835602,Jun-22,2022-07-22,0,Medium Risk
1370011,Stonington School District,Unknown,All Students,0.003568108902281791,0.8504525777253047,0.003690996468254608,0.7844311377245514,0.0037593984962406013,0.764678252700798,Jun-22,2022-07-22,1,Low Risk
1370011,Stonington School District,Students With Disabilities,Students With Disabilities,0.0004517605668995432,0.7402597402597402,0.0004938799206566788,0.671656686626747,0.0005331224450451088,0.7177078440582436,Jun-22,2022-07-22,0,Medium Risk
1370011,Stonington School District,Free/Reduced Lunch,Free Meal Eligible,0.0006396609796807692,0.7477371113734748,0.0007498911448338145,0.6743180306054564,0.0008400121182076068,0.7172381399718182,Jun-22,2022-07-22,0,Medium Risk
1370011,Stonington School District,Free/Reduced Lunch,Reduced Price Meal Eligible,9.994702807512017e-05,0.8193624557260923,0.00016529858568917414,0.7398536260811714,0.00012787069715104087,0.7543447627994366,Jun-22,2022-07-22,0,Medium Risk
1370011,Stonington School District,Free/Reduced Lunch,Free/Reduced Price Meal Eligible,0.0007795868189859374,0.7603305785123968,0.0009555064587398603,0.6879574184963411,0.0010072276452512757,0.7233442930953498,Jun-22,2022-07-22,0,Medium Risk
1370011,Stonington School District,Race/Ethnicity,All other races,0.0002558643918723077,0.8453364817001181,0.0002640745698205099,0.7674650698602798,0.00022623277188261076,0.7970878346641621,Jun-22,2022-07-22,1,Low Risk
1370011,Stonington School District,Race/Ethnicity,White,0.003000409782815108,0.8567493112947662,0.003100356399877437,0.8007318695941454,0.0032066036362491785,0.7637388445279472,Jun-22,2022-07-22,1,Low Risk
1370011,Stonington School District,High Needs,Students Without High Needs,0.0023707435059418507,0.8902007083825265,0.002330306890935187,0.829008649367931,0.002358722552063046,0.785814936589948,Jun-22,2022-07-22,1,Low Risk
1370011,Stonington School District,High Needs,Students With High Needs,0.0011074130710723316,0.7701692247146794,0.0012780402844748343,0.7065868263473059,0.0013613311142849274,0.7285110380460313,Jun-22,2022-07-22,0,Medium Risk
1380011,Stratford School District,Unknown,All Students,0.013400897524312115,0.7953561589925227,0.013550452353690592,0.7714570858283438,0.013129369735169948,0.7317989666510103,Jun-22,2022-07-22,0,Medium Risk
1380011,Stratford School District,Homelessness,Students Experiencing Homelessness,7.995762246009612e-06,0.7296340023612751,0.0006692576884000709,0.8356620093147042,2.1639656440945378e-05,0.5364020666979803,Jun-22,2022-07-22,0,Medium Risk
1380011,Stratford School District,Students With Disabilities,Students With Disabilities,0.002038919372732452,0.7020857929948838,0.0020823590124014256,0.6500332667997344,0.0019278966647387698,0.644903710662283,Jun-22,2022-07-22,0,Medium Risk
1380011,Stratford School District,Free/Reduced Lunch,Free Meal Eligible,0.005487091841324098,0.7469500196772922,0.005039591027108968,0.6683300066533602,0.005453193423118234,0.6782527007984971,Jun-22,2022-07-22,0,Medium Risk
1380011,Stratford School District,Free/Reduced Lunch,Reduced Price Meal Eligible,0.001025456508050733,0.8240850059031875,0.001080488316212163,0.7950765136393882,0.0011980500702305213,0.7501174260216068,Jun-22,2022-07-22,0,Medium Risk
1380011,Stratford School District,Free/Reduced Lunch,Free/Reduced Price Meal Eligible,0.00655252716060488,0.7595434868162139,0.006160396071538002,0.6912840984697275,0.006690588323241384,0.6914044152184129,Jun-22,2022-07-22,0,Medium Risk
1380011,Stratford School District,English Learners,English Learners,0.0009335052422216226,0.8232979142070049,0.0008023028915157477,0.7165668662674656,0.0008911603970680231,0.7374354156881164,Jun-22,2022-07-22,0,Medium Risk
1380011,Stratford School District,Race/Ethnicity,All other races,0.0008595444414460337,0.8441558441558441,0.0008950313664145527,0.793745841650034,0.0008301759107344498,0.7543447627994366,Jun-22,2022-07-22,1,Low Risk
1380011,Stratford School District,Race/Ethnicity,Black or African American,0.003372212727254555,0.8048012593467138,0.0032979083681401087,0.7205588822355296,0.0030256174187430897,0.758102395490841,Jun-22,2022-07-22,0,Medium Risk
1380011,Stratford School District,Race/Ethnicity,Hispanic/Latino of any race,0.005131280421376671,0.7748917748917745,0.004967020916318599,0.74018629407851,0.004760724417007983,0.7064349459840304,Jun-22,2022-07-22,0,Medium Risk
1380011,Stratford School District,Race/Ethnicity,White,0.003917923500544712,0.8032270759543487,0.004269541518166718,0.8406520292747843,0.004394817499006542,0.7364960075152656,Jun-22,2022-07-22,1,Low Risk
1380011,Stratford School District,High Needs,Students Without High Needs,0.005385145872687476,0.8461235733963002,0.005868099791965682,0.8616101131071194,0.0054059796272470815,0.7801784875528419,Jun-22,2022-07-22,1,Low Risk
1380011,Stratford School District,High Needs,Students With High Needs,0.007655942350554206,0.7626918536009448,0.007349739553935719,0.7002661343978716,0.00768404527803024,0.697040864255519,Jun-22,2022-07-22,0,Medium Risk
1390011,Suffield School District,Unknown,All Students,0.003989885360758798,0.8673750491932308,0.004108274605299231,0.8885562208915507,0.004028910581005103,0.7609206200093945,Jun-22,2022-07-22,1,Low Risk
1390011,Suffield School District,Students With Disabilities,Students With Disabilities,0.0005177256054291225,0.7929948839039747,0.0005241174668193326,0.7741184298070531,0.0005134500300987948,0.6016909347111321,Jun-22,2022-07-22,0,Medium Risk
1390011,Suffield School District,Free/Reduced Lunch,Free Meal Eligible,0.0004097828151079928,0.7245179063360885,0.0005059749391217404,0.727544910179641,0.0005567293429806856,0.6491310474401129,Jun-22,2022-07-22,0,Medium Risk
1390011,Suffield School District,Free/Reduced Lunch,Reduced Price Meal Eligible,0.00011393961200563701,0.8496654860291222,0.00010683932977471013,0.8030605455755158,6.688621081746754e-05,0.675904180366369,Jun-22,2022-07-22,0,Medium Risk
1390011,Suffield School District,Free/Reduced Lunch,Free/Reduced Price Meal Eligible,0.0005637012383436779,0.7563951200314833,0.0006531309971133222,0.7438456420492354,0.0006629603836907811,0.6533583842179436,Jun-22,2022-07-22,0,Medium Risk
1390011,Suffield School District,English Learners,English Learners,4.1977751791550476e-05,0.9039748130657217,5.241174668193327e-05,0.8030605455755158,4.7213795871153543e-05,0.7040864255519024,Jun-22,2022-07-22,1,Low Risk
1390011,Suffield School District,Race/Ethnicity,All other races,0.0001699099477277043,0.9043683589138132,0.0001733619313325485,0.9201596806387231,0.00016328104405440602,0.8210427430718648,Jun-22,2022-07-22,1,Low Risk
1390011,Suffield School District,Race/Ethnicity,Black or African American,0.00011793749312864181,0.7654466745375834,0.00013707687593736393,0.8120425815036598,0.00010623104071009548,0.7515265382808831,Jun-22,2022-07-22,0,Medium Risk
1390011,Suffield School District,Race/Ethnicity,Hispanic/Latino of any race,0.0002738548569258293,0.7953561589925227,0.0002640745698205099,0.7677977378576188,0.00024983966981818753,0.6735556599342418,Jun-22,2022-07-22,0,Medium Risk
1390011,Suffield School District,Race/Ethnicity,White,0.0033082466292864783,0.8768201495474219,0.003412811043558193,0.9011976047904193,0.0033915243367445298,0.764678252700798,Jun-22,2022-07-22,1,Low Risk
1390011,Suffield School District,High Needs,Students Without High Needs,0.002856486062386935,0.8964974419519871,0.002920946959312358,0.9251497005988027,0.0028997139630866802,0.8022545796148428,Jun-22,2022-07-22,1,Low Risk
1390011,Suffield School District,High Needs,Students With High Needs,0.0010234575674892307,0.7949626131444312,0.0010925833346772244,0.7904191616766472,0.0010898517880257943,0.6519492719586664,Jun-22,2022-07-22,0,Medium Risk
1400011,Thomaston School District,Unknown,All Students,0.0015491789351643628,0.8937426210153485,0.0015743682368688416,0.79707252162342,0.001577727678694381,0.7956787224048858,Jun-22,2022-07-22,1,Low Risk
1400011,Thomaston School District,Students With Disabilities,Students With Disabilities,0.00018590147221972354,0.8295946477764655,0.00019956780467351513,0.7398536260811714,0.00021049483992555959,0.7172381399718182,Jun-22,2022-07-22,0,Medium Risk
1400011,Thomaston School District,Free/Reduced Lunch,Free Meal Eligible,0.00039778917173897835,0.8118850846123573,0.0003769614088277508,0.6660013306719899,0.00040525174789406794,0.7162987317989664,Jun-22,2022-07-22,0,Medium Risk
1400011,Thomaston School District,Free/Reduced Lunch,Reduced Price Meal Eligible,6.596503852957932e-05,0.8225108225108224,0.00011087100259639729,0.7551563539587494,6.491896932283613e-05,0.7642085486143735,Jun-22,2022-07-22,0,Medium Risk
1400011,Thomaston School District,Free/Reduced Lunch,Free/Reduced Price Meal Eligible,0.0005037330214986058,0.8138528138528138,0.0005281491396410198,0.6899534264803728,0.0005095155471095319,0.7252231094410524,Jun-22,2022-07-22,0,Medium Risk
1400011,Thomaston School District,Race/Ethnicity,Hispanic/Latino of any race,0.00012193537425164663,0.7898465171192446,8.063345643374349e-05,0.6167664670658688,7.082069380673033e-05,0.6965711601690936,Jun-22,2022-07-22,0,Medium Risk
1400011,Thomaston School District,Race/Ethnicity,White,0.001283319840484543,0.9059425423061787,0.0013707687593736393,0.8113772455089823,0.0013967414611882926,0.7984969469234384,Jun-22,2022-07-22,1,Low Risk
1400011,Thomaston School District,High Needs,Students Without High Needs,0.0008575455008845313,0.9409681227863049,0.000868825493073586,0.8602794411177652,0.0008970621215519173,0.8374823860967595,Jun-22,2022-07-22,1,Low Risk
1400011,Thomaston School District,High Needs,Students With High Needs,0.0006416599202422716,0.83392365210547,0.0006551468335241658,0.7149035262807724,0.0006413207272498357,0.7364960075152656,Jun-22,2022-07-22,0,Medium Risk
1410011,Thompson School District,Unknown,All Students,0.0017430761696300959,0.6973632428177878,0.0018263477882242902,0.7175648702594812,0.0018177311410394117,0.6693283231564111,Jun-22,2022-07-22,0,Medium Risk
1410011,Thompson School District,Students With Disabilities,Students With Disabilities,0.0003138336681558774,0.561589925226289,0.0003023754616265381,0.5681969394544248,0.0002852500167215527,0.6242367308595584,Jun-22,2022-07-22,2,High Risk
1410011,Thompson School District,Free/Reduced Lunch,Free Meal Eligible,0.0005517075949746634,0.5765446674537587,0.0006531309971133222,0.5698602794411181,0.0006944362476048834,0.6049788633161111,Jun-22,2022-07-22,2,High Risk
1410011,Thompson School District,Free/Reduced Lunch,Reduced Price Meal Eligible,9.195126582911056e-05,0.6965761511216058,0.00012498185747230242,0.6882900864936801,0.00012590345565640946,0.6876467825270076,Jun-22,2022-07-22,0,Medium Risk
1410011,Thompson School District,Free/Reduced Lunch,Free/Reduced Price Meal Eligible,0.0006836376720338221,0.5977961432506884,0.0008184295828024963,0.5928143712574854,0.0008596845331539207,0.6200093940817286,Jun-22,2022-07-22,2,High Risk
1410011,Thompson School District,Race/Ethnicity,Hispanic/Latino of any race,9.794808751361778e-05,0.6316410861865402,0.00010683932977471013,0.5232867598137063,7.082069380673033e-05,0.6049788633161111,Jun-22,2022-07-22,2,High Risk
1410011,Thompson School District,Race/Ethnicity,White,0.0015251916484263339,0.7012987012987013,0.0015844474189230595,0.7411842980705257,0.0016288759575547975,0.6721465476749646,Jun-22,2022-07-22,0,Medium Risk
1410011,Thompson School District,High Needs,Students Without High Needs,0.0008035741057239663,0.7902400629673352,0.0008023028915157477,0.8429807052561546,0.0008046017713042417,0.7167684358853927,Jun-22,2022-07-22,0,Medium Risk
1410011,Thompson School District,High Needs,Students With High Needs,0.0008555465603230287,0.6143250688705231,0.0009393797674531115,0.6081170991350633,0.0009737845398425418,0.6289337717238137,Jun-22,2022-07-22,2,High Risk
1420011,Tolland School District,Unknown,All Students,0.00435769042407524,0.8654073199527748,0.004507410214646261,0.9487691284098476,0.004522688196157584,0.8257397839361209,Jun-22,2022-07-22,1,Low Risk
1420011,Tolland School District,Students With Disabilities,Students With Disabilities,0.0005736959411511899,0.7918142463597007,0.000566450031447048,0.878576180971391,0.0005744345164323681,0.76139032409582,Jun-22,2022-07-22,1,Low Risk
1420011,Tolland School District,Free/Reduced Lunch,Free Meal Eligible,0.0004497616263380408,0.7563951200314833,0.0003668822267735329,0.8522954091816368,0.00039541554042091096,0.7585720995772665,Jun-22,2022-07-22,0,Medium Risk
1420011,Tolland School District,Free/Reduced Lunch,Reduced Price Meal Eligible,0.00012393431481314904,0.8272333726879184,0.00018545694979761002,0.8702594810379245,0.00015147759508661764,0.7430718647252235,Jun-22,2022-07-22,1,Low Risk
1420011,Tolland School District,Free/Reduced Lunch,Free/Reduced Price Meal Eligible,0.000613674752381238,0.774104683195592,0.0005926559047880146,0.8589487691284101,0.0005862379654001565,0.7538750587130112,Jun-22,2022-07-22,1,Low Risk
1420011,Tolland School District,English Learners,English Learners,7.995762246009612e-06,0.9027941755214477,0.0006692576884000709,0.8356620093147042,0.0006767310741532008,0.7595115077501173,Jun-22,2022-07-22,1,Low Risk
1420011,Tolland School District,Race/Ethnicity,All other races,0.00022588028344977166,0.884691066509248,0.00023182118724701252,0.9534264803725887,0.00020852759843092815,0.8309065288868016,Jun-22,2022-07-22,1,Low Risk
1420011,Tolland School District,Race/Ethnicity,Black or African American,8.995232526760816e-05,0.8591105863833133,8.264929284458708e-05,0.8958749168330011,8.06569012798873e-05,0.8431188351338657,Jun-22,2022-07-22,1,Low Risk
1420011,Tolland School District,Race/Ethnicity,Hispanic/Latino of any race,0.0003578103605089303,0.8170011806375443,0.0002963279523940073,0.9201596806387231,0.0002596758772913445,0.8210427430718648,Jun-22,2022-07-22,1,Low Risk
1420011,Tolland School District,Race/Ethnicity,White,0.003564111021158786,0.8693427784336873,0.003775661597510039,0.9524284763805726,0.0038557933294775396,0.8248003757632691,Jun-22,2022-07-22,1,Low Risk
1420011,Tolland School District,High Needs,Students Without High Needs,0.0031903091361578364,0.890987800078709,0.0033382250963569803,0.9727212242182306,0.0034092295101962123,0.8440582433067174,Jun-22,2022-07-22,1,Low Risk
1420011,Tolland School District,High Needs,Students With High Needs,0.0011014162493878244,0.7961432506887052,0.0010784724798013191,0.878243512974052,0.0010741138560687433,0.767026773132927,Jun-22,2022-07-22,1,Low Risk
1430011,Torrington School District,Unknown,All Students,0.007581981549778617,0.8012593467138918,0.007398119627795965,0.7099135063206923,0.0074558452646529974,0.7449506810709252,Jun-22,2022-07-22,0,Medium Risk
1430011,Torrington School District,Students With Disabilities,Students With Disabilities,0.0012413420886929927,0.7146792601338059,0.0012780402844748343,0.5944777112441786,0.0013514949068117704,0.6589948332550497,Jun-22,2022-07-22,0,Medium Risk
1430011,Torrington School District,Free/Reduced Lunch,Free Meal Eligible,0.0036860463954104324,0.7560015741833923,0.003961118547307649,0.6320691949434467,0.0043476037031353896,0.7087834664161576,Jun-22,2022-07-22,0,Medium Risk
1430011,Torrington School District,Free/Reduced Lunch,Reduced Price Meal Eligible,0.0008895285498685696,0.8138528138528138,0.000888983857182022,0.7531603459747176,0.0006413207272498357,0.8083607327383753,Jun-22,2022-07-22,0,Medium Risk
1430011,Torrington School District,Free/Reduced Lunch,Free/Reduced Price Meal Eligible,0.00461555375650905,0.7678079496261314,0.004890419132706543,0.6553559547571526,0.005028269260277853,0.7224048849224989,Jun-22,2022-07-22,0,Medium Risk
1430011,Torrington School District,English Learners,English Learners,0.0008275613924619952,0.8925619834710745,0.0007115902530277862,0.7485029940119761,0.0007573879754330881,0.8003757632691411,Jun-22,2022-07-22,1,Low Risk
1430011,Torrington School District,Race/Ethnicity,All other races,0.0005157266648676201,0.8240850059031875,0.0005462916673386121,0.6862940785096479,0.0005429586525182657,0.7693752935650542,Jun-22,2022-07-22,0,Medium Risk
1430011,Torrington School District,Race/Ethnicity,Black or African American,0.00039978811230048075,0.7449822904368357,0.00033261300778919187,0.6170991350632073,0.0002931189827000783,0.718177548144669,Jun-22,2022-07-22,0,Medium Risk
1430011,Torrington School District,Race/Ethnicity,Hispanic/Latino of any race,0.002788522083295853,0.8110979929161743,0.0024996371494460483,0.6783100465735199,0.002258393235836845,0.7642085486143735,Jun-22,2022-07-22,0,Medium Risk
1430011,Torrington School District,Race/Ethnicity,White,0.003758008255624519,0.7973238882329792,0.003898627618571498,0.7415169660678647,0.0042433399039199255,0.7341474870831384,Jun-22,2022-07-22,0,Medium Risk
1430011,Torrington School District,High Needs,Students Without High Needs,0.0021108812329465386,0.8661944116489568,0.0018807753713170668,0.8512974051896212,0.0020360949469434967,0.8050728041333963,Jun-22,2022-07-22,1,Low Risk
1430011,Torrington School District,High Needs,Students With High Needs,0.005181253935414231,0.7748917748917745,0.005281491396410198,0.6620093147039259,0.005380405487816873,0.721465476749648,Jun-22,2022-07-22,0,Medium Risk
1440011,Trumbull School District,Unknown,All Students,0.013358919772520563,0.9260133805588349,0.013219855182312244,0.9321357285429146,0.012942481793179965,0.8233912635039928,Jun-22,2022-07-22,1,Low Risk
1440011,Trumbull School District,Students With Disabilities,Students With Disabilities,0.0016351333793089662,0.8701298701298699,0.0015542098727604058,0.8586161011310716,0.001512808709371545,0.7811178957256928,Jun-22,2022-07-22,1,Low Risk
1440011,Trumbull School District,Free/Reduced Lunch,Free Meal Eligible,0.0016051492708864302,0.8736717827626919,0.0017416826589688593,0.8459747172322025,0.0006767310741532008,0.7595115077501173,Jun-22,2022-07-22,1,Low Risk
1440011,Trumbull School District,Free/Reduced Lunch,Reduced Price Meal Eligible,0.0005976832278892187,0.8992522628886266,0.0005462916673386121,0.8838988689288096,0.0006767310741532008,0.7595115077501173,Jun-22,2022-07-22,1,Low Risk
1440011,Trumbull School District,Free/Reduced Lunch,Free/Reduced Price Meal Eligible,0.0022428113100056973,0.8807556080283354,0.0023282910545243435,0.8552894211576851,0.0017292052737809987,0.7707844058243314,Jun-22,2022-07-22,1,Low Risk
1440011,Trumbull School District,English Learners,English Learners,0.000529719248798137,0.9090909090909092,0.0005100066119434275,0.8905522288755825,0.0004465638192813273,0.7815875998121182,Jun-22,2022-07-22,1,Low Risk
1440011,Trumbull School District,Race/Ethnicity,All other races,0.0017010984178385455,0.9508067689885871,0.0015703365640471546,0.9624085163007323,0.0014754311209735484,0.8492249882573981,Jun-22,2022-07-22,1,Low Risk
1440011,Trumbull School District,Race/Ethnicity,Black or African American,0.0007915804623549519,0.9319165682802044,0.0007539228176555015,0.9088489687292087,0.0007121414210565659,0.8567402536402069,Jun-22,2022-07-22,1,Low Risk
1440011,Trumbull School District,Race/Ethnicity,Hispanic/Latino of any race,0.002300780586289267,0.8984651711924436,0.0020884065216339566,0.9005322687957422,0.0018295345900072,0.8003757632691411,Jun-22,2022-07-22,1,Low Risk
1440011,Trumbull School District,Race/Ethnicity,White,0.008445523872347656,0.9279811097992914,0.008686239094325017,0.9364604125083171,0.008807340171464766,0.8210427430718648,Jun-22,2022-07-22,1,Low Risk
1440011,Trumbull School District,High Needs,Students Without High Needs,0.009385025936253786,0.9437229437229435,0.009248657452950377,0.9584165003326683,0.009690631602554265,0.837952090183185,Jun-22,2022-07-22,1,Low Risk
1440011,Trumbull School District,High Needs,Students With High Needs,0.0037660040178705287,0.8842975206611565,0.003725265687238949,0.8702594810379245,0.003212505360733073,0.7801784875528419,Jun-22,2022-07-22,1,Low Risk
1450011,Union School District,Unknown,All Students,4.797457347605768e-05,0.9287682014954743,4.63642374494025e-05,0.9604125083167001,4.7213795871153543e-05,0.8205730389854393,Jun-22,2022-07-22,1,Low Risk
1460011,Vernon School District,Unknown,All Students,0.005994822743945709,0.8677685950413219,0.005916479865825929,0.837658017298736,0.005913527932861982,0.7707844058243314,Jun-22,2022-07-22,1,Low Risk
1460011,Vernon School District,Students With Disabilities,Students With Disabilities,0.0010494437947887619,0.7378984651711922,0.0009857440049025141,0.7055888223552897,0.0009600138493801221,0.6467825270079857,Jun-22,2022-07-22,0,Medium Risk
1460011,Vernon School District,Free/Reduced Lunch,Free Meal Eligible,0.002564640740407584,0.7949626131444312,0.0026266348433291943,0.7634730538922159,0.0027659415414517455,0.724753405354627,Jun-22,2022-07-22,0,Medium Risk
1460011,Vernon School District,Free/Reduced Lunch,Reduced Price Meal Eligible,0.0004577573885840505,0.8610783156237702,0.0005019432663000532,0.793413173652695,0.0003619724350121772,0.7754814466885867,Jun-22,2022-07-22,1,Low Risk
1460011,Vernon School District,Free/Reduced Lunch,Free/Reduced Price Meal Eligible,0.0030623769402216825,0.8055883510428963,0.003168894837846119,0.768463073852296,0.0031672588063565506,0.7313292625645849,Jun-22,2022-07-22,0,Medium Risk
1460011,Vernon School District,English Learners,English Learners,0.00017590676941221155,0.7642660369933094,0.0001894886226192972,0.8323353293413178,0.00020459311544166538,0.7966181305777367,Jun-22,2022-07-22,0,Medium Risk
1460011,Vernon School District,Race/Ethnicity,All other races,0.0008995232526760817,0.8461235733963002,0.0008043187279265912,0.8473053892215576,0.000796732805325716,0.7721935180836077,Jun-22,2022-07-22,1,Low Risk
1460011,Vernon School District,Race/Ethnicity,Black or African American,0.0005916864062047115,0.8567493112947662,0.0005926559047880146,0.7697937458416502,0.0005921396898840507,0.7806481916392674,Jun-22,2022-07-22,1,Low Risk
1460011,Vernon School District,Race/Ethnicity,Hispanic/Latino of any race,0.0012853187810460455,0.7953561589925227,0.0011893434823977164,0.7711244178310048,0.0011626397233271562,0.7393142320338191,Jun-22,2022-07-22,0,Medium Risk
1460011,Vernon School District,Race/Ethnicity,White,0.0030983578703287257,0.9071231798504522,0.0032092115660629908,0.8729208250166338,0.003243981224647175,0.7797087834664165,Jun-22,2022-07-22,1,Low Risk
1460011,Vernon School District,High Needs,Students Without High Needs,0.0023547519814498315,0.9527744982290436,0.0022133883791062587,0.9367930805056557,0.0023528208275791517,0.8318459370596525,Jun-22,2022-07-22,1,Low Risk
1460011,Vernon School District,High Needs,Students With High Needs,0.003460166111960661,0.8126721763085398,0.0035418245738521826,0.7757817697937464,0.003521362275390202,0.7289807421324568,Jun-22,2022-07-22,0,Medium Risk
1470011,Voluntown School District,Unknown,All Students,0.0003857955283699639,0.9020070838252656,0.00040518311857956103,0.8526280771789758,0.00039541554042091096,0.7693752935650542,Jun-22,2022-07-22,1,Low Risk
1470011,Voluntown School District,Students With Disabilities,Students With Disabilities,2.598622729953124e-05,0.8595041322314048,2.620587334096664e-05,0.8449767132401864,3.9344829892627954e-05,0.7454203851573507,Jun-22,2022-07-22,1,Low Risk
1470011,Voluntown School District,Free/Reduced Lunch,Free Meal Eligible,7.196186021408652e-05,0.8354978354978355,0.0006692576884000709,0.8356620093147042,0.0006767310741532008,0.7595115077501173,Jun-22,2022-07-22,1,Low Risk
1470011,Voluntown School District,Free/Reduced Lunch,Reduced Price Meal Eligible,1.998940561502398e-06,0.9362455726092089,0.0006692576884000709,0.8356620093147042,0.0006767310741532008,0.7595115077501173,Jun-22,2022-07-22,1,Low Risk
1470011,Voluntown School District,Free/Reduced Lunch,Free/Reduced Price Meal Eligible,0.00011393961200563701,0.8630460448642268,8.668096566627424e-05,0.8409846972721224,8.852586725841292e-05,0.7623297322686708,Jun-22,2022-07-22,1,Low Risk
1470011,Voluntown School District,Race/Ethnicity,White,0.00033981989545540866,0.9004329004329006,0.00035075553548678416,0.8526280771789758,0.0003304965710980748,0.7740723344293094,Jun-22,2022-07-22,1,Low Risk
1470011,Voluntown School District,High Needs,Students Without High Needs,0.00019789511558873798,0.9256198347107438,0.00022980535083616893,0.854291417165669,0.00022623277188261076,0.779239079379991,Jun-22,2022-07-22,1,Low Risk
1470011,Voluntown School District,High Needs,Students With High Needs,0.00013992583930516828,0.8685556867375048,0.00012498185747230242,0.849301397205589,0.00012983793864567225,0.7529356505401594,Jun-22,2022-07-22,1,Low Risk
1480011,Wallingford School District,Unknown,All Students,0.01022058309096179,0.8189689098780004,0.010524681901014368,0.8875582168995346,0.010729335111719644,0.7872240488492253,Jun-22,2022-07-22,1,Low Risk
1480011,Wallingford School District,Students With Disabilities,Students With Disabilities,0.0016811090122235215,0.7174340810704445,0.0016287958199616185,0.7917498336660018,0.0016977294098668963,0.6857679661813059,Jun-22,2022-07-22,0,Medium Risk
1480011,Wallingford School District,Free/Reduced Lunch,Free Meal Eligible,0.0024766873557014782,0.7052341597796143,0.0027314583366930606,0.8043912175648704,0.002819057061806793,0.7130108031939884,Jun-22,2022-07-22,0,Medium Risk
1480011,Wallingford School District,Free/Reduced Lunch,Reduced Price Meal Eligible,0.0006296662768732571,0.7981109799291617,0.0005402441581060813,0.8812375249501003,0.0005685327919484739,0.7886331611085016,Jun-22,2022-07-22,1,Low Risk
1480011,Wallingford School District,Free/Reduced Lunch,Free/Reduced Price Meal Eligible,0.0031463324438047837,0.7249114521841795,0.003312019223016014,0.817697937458417,0.003426934683647895,0.7261625176139033,Jun-22,2022-07-22,0,Medium Risk
1480011,Wallingford School District,English Learners,English Learners,0.0006176726335042428,0.7906336088154271,0.0005644341950362044,0.8592814371257491,0.0006236155537981531,0.776890558947863,Jun-22,2022-07-22,1,Low Risk
1480011,Wallingford School District,Race/Ethnicity,All other races,0.0008575455008845313,0.8421881149153876,0.0008930155300037091,0.9025282767797744,0.0007160759040458288,0.8417097228745893,Jun-22,2022-07-22,1,Low Risk
1480011,Wallingford School District,Race/Ethnicity,Black or African American,0.00013193007705915863,0.8079496261314443,0.00013909271234820752,0.849301397205589,0.0001967241494631398,0.7801784875528419,Jun-22,2022-07-22,1,Low Risk
1480011,Wallingford School District,Race/Ethnicity,Hispanic/Latino of any race,0.002060907718908978,0.7591499409681228,0.0020622006482929897,0.8416500332668004,0.0019121587327817187,0.749178017848755,Jun-22,2022-07-22,0,Medium Risk
1480011,Wallingford School District,Race/Ethnicity,White,0.007050263360418978,0.833530106257379,0.007309422825718847,0.8995342648037261,0.007786341835751072,0.7914513856270551,Jun-22,2022-07-22,1,Low Risk
1480011,Wallingford School District,High Needs,Students Without High Needs,0.00581291915284899,0.8752459661550573,0.006017271686368108,0.9304723885562214,0.006242057262465425,0.8266791921089718,Jun-22,2022-07-22,1,Low Risk
1480011,Wallingford School District,High Needs,Students With High Needs,0.00425774339600012,0.7445887445887442,0.00431590575561612,0.82934131736527,0.004447933019361591,0.7308595584781585,Jun-22,2022-07-22,0,Medium Risk
1510011,Waterbury School District,Unknown,All Students,0.035553156826881746,0.6804407713498621,0.035936315696108626,0.7222222222222228,0.035337558968063794,0.6914044152184129,Jun-22,2022-07-22,0,Medium Risk
1510011,Waterbury School District,Homelessness,Students Experiencing Homelessness,0.0004497616263380408,0.5367965367965368,0.0005684658678578915,0.4920159680638725,0.001087884546531163,0.4781587599812118,Jun-22,2022-07-22,2,High Risk
1510011,Waterbury School District,Students With Disabilities,Students With Disabilities,0.00644458437028375,0.5785123966942147,0.006583721717815156,0.6284098469727213,0.0067830486734890595,0.5955847815876005,Jun-22,2022-07-22,2,High Risk
1510011,Waterbury School District,Free/Reduced Lunch,Free Meal Eligible,0.024361088623029794,0.6442345533254623,0.0262320792143076,0.691949434464405,0.028306637866251184,0.6712071395021137,Jun-22,2022-07-22,0,Medium Risk
1510011,Waterbury School District,Free/Reduced Lunch,Reduced Price Meal Eligible,0.0006816387314723197,0.8382526564344741,0.0009111580577013013,0.8915502328675986,0.001038703509165378,0.8022545796148428,Jun-22,2022-07-22,1,Low Risk
1510011,Waterbury School District,Free/Reduced Lunch,Free/Reduced Price Meal Eligible,0.02508270616573216,0.6493506493506493,0.027183554000225773,0.6989354624085165,0.02938468620530919,0.6763738844527953,Jun-22,2022-07-22,0,Medium Risk
1510011,Waterbury School District,English Learners,English Learners,0.005972834397769183,0.6883116883116887,0.005638294441129513,0.6806387225548907,0.005954840004249241,0.6777829967120717,Jun-22,2022-07-22,0,Medium Risk
1510011,Waterbury School District,Race/Ethnicity,All other races,0.002044916194416959,0.7225501770956315,0.0020863906852231127,0.7628077178975388,0.0019515035626743466,0.7205260685767971,Jun-22,2022-07-22,0,Medium Risk
1510011,Waterbury School District,Race/Ethnicity,Black or African American,0.0077079148051532684,0.6780794962613146,0.007821445274073118,0.707252162341983,0.007648634931126875,0.6951620479098173,Jun-22,2022-07-22,0,Medium Risk
1510011,Waterbury School District,Race/Ethnicity,Hispanic/Latino of any race,0.021410652354252248,0.661944116489571,0.02104936380202874,0.6989354624085165,0.020396359816338333,0.6777829967120717,Jun-22,2022-07-22,0,Medium Risk
1510011,Waterbury School District,Race/Ethnicity,White,0.004269737039369135,0.7540338449429362,0.004858165750133045,0.8263473053892216,0.005223026168246361,0.7256928135274778,Jun-22,2022-07-22,0,Medium Risk
1510011,Waterbury School District,High Needs,Students Without High Needs,0.006326646877155108,0.7815820543093266,0.005668531987292167,0.8359946773120432,0.004325964046694444,0.7839361202442463,Jun-22,2022-07-22,1,Low Risk
1510011,Waterbury School District,High Needs,Students With High Needs,0.027797267448252425,0.6599763872491149,0.029195358738247676,0.7022621423819033,0.03097225009147673,0.6787224048849225,Jun-22,2022-07-22,0,Medium Risk
1520011,Waterford School District,Unknown,All Students,0.00453159825292595,0.9004329004329006,0.004614249544420971,0.8759148369926817,0.0047390847605670375,0.7848755284170972,Jun-22,2022-07-22,1,Low Risk
1520011,Waterford School District,Students With Disabilities,Students With Disabilities,0.0006796397909108173,0.8303817394726485,0.0006853843796868197,0.8007318695941454,0.0007436172849706683,0.7144199154532647,Jun-22,2022-07-22,0,Medium Risk
1520011,Waterford School District,Free/Reduced Lunch,Free Meal Eligible,0.0008955253715530769,0.8142463597009049,0.0009172055669338322,0.7840984697272124,0.0011449345498754735,0.714889619539691,Jun-22,2022-07-22,0,Medium Risk
1520011,Waterford School District,Free/Reduced Lunch,Reduced Price Meal Eligible,0.0002458696890647957,0.8807556080283354,0.00027213791546388426,0.7944111776447111,0.0002852500167215527,0.7797087834664165,Jun-22,2022-07-22,1,Low Risk
1520011,Waterford School District,Free/Reduced Lunch,Free/Reduced Price Meal Eligible,0.0011813738718479206,0.8295946477764655,0.0012296602106145883,0.7867598137059217,0.0014695293964896543,0.7294504462188822,Jun-22,2022-07-22,0,Medium Risk
1520011,Waterford School District,English Learners,English Learners,0.00012393431481314904,0.8292011019283745,9.474431130964859e-05,0.8303393213572856,0.00011410000668862107,0.7665570690465007,Jun-22,2022-07-22,1,Low Risk
1520011,Waterford School District,Race/Ethnicity,All other races,0.0004717499725145673,0.9142070051160958,0.00046162653808318145,0.8772455089820363,0.0004485310607759587,0.8163457022076095,Jun-22,2022-07-22,1,Low Risk
1520011,Waterford School District,Race/Ethnicity,Black or African American,6.996291965258413e-05,0.9323101141282955,9.071263848796143e-05,0.7914171656686628,9.44275917423071e-05,0.8182245185533112,Jun-22,2022-07-22,1,Low Risk
1520011,Waterford School District,Race/Ethnicity,Hispanic/Latino of any race,0.0005377150110441466,0.8067689885871703,0.0004958957570675224,0.7957418496340654,0.0005173845130880576,0.7524659464537349,Jun-22,2022-07-22,0,Medium Risk
1520011,Waterford School District,Race/Ethnicity,White,0.003332233916024507,0.9138134592680043,0.0034450644261316905,0.890884896872921,0.00356070710528283,0.7844058243306717,Jun-22,2022-07-22,1,Low Risk
1520011,Waterford School District,High Needs,Students Without High Needs,0.0027505422126273076,0.9409681227863049,0.0028382976664677708,0.9234863606121095,0.002767908782946377,0.8177548144668867,Jun-22,2022-07-22,1,Low Risk
1520011,Waterford School District,High Needs,Students With High Needs,0.001669115368854507,0.8354978354978355,0.0016993500943411441,0.7967398536260815,0.0019318311477280327,0.7374354156881164,Jun-22,2022-07-22,0,Medium Risk
1530011,Watertown School District,Unknown,All Students,0.004999350344317512,0.890594254230618,0.005126271992775242,0.8905522288755825,0.0051600744404181565,0.7773602630342893,Jun-22,2022-07-22,1,Low Risk
1530011,Watertown School District,Students With Disabilities,Students With Disabilities,0.0007116228398948558,0.780401416765053,0.0007035269073844119,0.7707917498336663,0.0007278793530136171,0.6862376702677313,Jun-22,2022-07-22,0,Medium Risk
1530011,Watertown School District,Free/Reduced Lunch,Free Meal Eligible,0.0013013103055380647,0.8229043683589139,0.0013808479414278573,0.8060545575515636,0.0014557587060272344,0.718177548144669,Jun-22,2022-07-22,0,Medium Risk
1530011,Watertown School District,Free/Reduced Lunch,Reduced Price Meal Eligible,0.0003738018850009495,0.9153876426603698,0.00045759486526149426,0.8875582168995346,0.0003639396765068086,0.7839361202442463,Jun-22,2022-07-22,1,Low Risk
1530011,Watertown School District,Free/Reduced Lunch,Free/Reduced Price Meal Eligible,0.0017150910017690623,0.8445493900039356,0.0018787595349062233,0.8273453093812377,0.001859043212426671,0.7322686707374357,Jun-22,2022-07-22,1,Low Risk
1530011,Watertown School District,English Learners,English Learners,0.00019789511558873798,0.8764266036993309,0.00017537776774339208,0.8446440452428479,0.0002163965644094538,0.8107092531705025,Jun-22,2022-07-22,1,Low Risk
1530011,Watertown School District,Race/Ethnicity,All other races,0.00022987816457277645,0.8961038961038961,0.0002358528600686997,0.8522954091816368,0.0002163965644094538,0.7801784875528419,Jun-22,2022-07-22,1,Low Risk
1530011,Watertown School District,Race/Ethnicity,Black or African American,0.00012793219593615384,0.944116489571035,0.00011288683900724088,0.8629407850964741,0.00011016552369935828,0.7886331611085016,Jun-22,2022-07-22,1,Low Risk
1530011,Watertown School District,Race/Ethnicity,Hispanic/Latino of any race,0.00044576374521503606,0.8457300275482096,0.0003890564272928123,0.8163672654690624,0.00039935002341017373,0.7585720995772665,Jun-22,2022-07-22,1,Low Risk
1530011,Watertown School District,Race/Ethnicity,White,0.004075839804903401,0.8929555293191651,0.004267525681755874,0.9011976047904193,0.0043161278392212865,0.7787693752935656,Jun-22,2022-07-22,1,Low Risk
1530011,Watertown School District,High Needs,Students Without High Needs,0.002736549628696791,0.9307359307359309,0.0027112999725846247,0.939121756487026,0.0028013518883551105,0.8116486613433533,Jun-22,2022-07-22,1,Low Risk
1530011,Watertown School District,High Needs,Students With High Needs,0.0021948367365296393,0.8425816607634791,0.0023182118724701254,0.8359946773120432,0.002319377722170418,0.7355565993424147,Jun-22,2022-07-22,1,Low Risk
1540011,Westbrook School District,Unknown,All Students,0.00113939612005637,0.8276269185360094,0.0011691851182892806,0.9397870924817036,0.0011862466212627328,0.7665570690465007,Jun-22,2022-07-22,1,Low Risk
1540011,Westbrook School District,Students With Disabilities,Students With Disabilities,0.00013392901762066103,0.8087367178276264,0.00014110854875905112,0.8968729208250172,0.00014754311209735484,0.7191169563175199,Jun-22,2022-07-22,1,Low Risk
1540011,Westbrook School District,Free/Reduced Lunch,Free Meal Eligible,0.0002678580352413221,0.7851239669421486,0.00031850215291328676,0.8858948769128414,0.00034033277857123184,0.736965711601691,Jun-22,2022-07-22,1,Low Risk
1540011,Westbrook School District,Free/Reduced Lunch,Reduced Price Meal Eligible,6.196715740657451e-05,0.8130657221566313,5.8459255914464035e-05,0.9208250166334002,3.9344829892627954e-05,0.7820573038985437,Jun-22,2022-07-22,1,Low Risk
1540011,Westbrook School District,Free/Reduced Lunch,Free/Reduced Price Meal Eligible,0.0003698040038779447,0.7918142463597007,0.0004172781370446226,0.8935462408516308,0.00041902243835648773,0.7449506810709252,Jun-22,2022-07-22,1,Low Risk
1540011,Westbrook School District,English Learners,English Learners,0.0001019459686366226,0.8953168044077131,0.00010079182054217935,0.9005322687957422,0.00012196897266714666,0.7853452325035235,Jun-22,2022-07-22,1,Low Risk
1540011,Westbrook School District,Race/Ethnicity,Hispanic/Latino of any race,0.00023387604569578125,0.8595041322314048,0.00021166282313857664,0.9118429807052566,0.00020459311544166538,0.7717238139971823,Jun-22,2022-07-22,1,Low Risk
1540011,Westbrook School District,Race/Ethnicity,White,0.0008095709274084735,0.8217237308146399,0.0008587463110193681,0.9477711244178315,0.0008714879821217092,0.7745420385157358,Jun-22,2022-07-22,1,Low Risk
1540011,Westbrook School District,High Needs,Students Without High Needs,0.0005577044166591706,0.8473042109405742,0.0005825767227337967,0.9717232202262145,0.0005921396898840507,0.7867543447627989,Jun-22,2022-07-22,1,Low Risk
1540011,Westbrook School District,High Needs,Students With High Needs,0.0005037330214986058,0.8055883510428963,0.000532180812462707,0.9048569527611448,0.0005547621014860541,0.7449506810709252,Jun-22,2022-07-22,1,Low Risk
1550011,West Hartford School District,Unknown,All Students,0.01798646717239863,0.8528138528138527,0.018374348884839298,0.9178310046573523,0.01813009761452296,0.7862846406763744,Jun-22,2022-07-22,1,Low Risk
1550011,West Hartford School District,Students With Disabilities,Students With Disabilities,0.0026425994223061777,0.7477371113734748,0.0025722072602364175,0.8396540252827682,0.0025239708376120834,0.679192108971348,Jun-22,2022-07-22,0,Medium Risk
1550011,West Hartford School District,Free/Reduced Lunch,Free Meal Eligible,0.003466162933645168,0.7434081070444707,0.003783724943153413,0.8296739853626085,0.004019074373531946,0.7111319868482857,Jun-22,2022-07-22,0,Medium Risk
1550011,West Hartford School District,Free/Reduced Lunch,Reduced Price Meal Eligible,0.0008155677490929807,0.8016528925619832,0.0009333322582205808,0.8865602129075185,0.0006806655571424636,0.785814936589948,Jun-22,2022-07-22,1,Low Risk
1550011,West Hartford School District,Free/Reduced Lunch,Free/Reduced Price Meal Eligible,0.004321709493968197,0.7548209366391183,0.004757373929590866,0.8413173652694614,0.0047390847605670375,0.7228745890089243,Jun-22,2022-07-22,0,Medium Risk
1550011,West Hartford School District,English Learners,English Learners,0.0011274024766873556,0.7902400629673352,0.0011006466803205987,0.8453093812375254,0.001235427658628518,0.7261625176139033,Jun-22,2022-07-22,0,Medium Risk
1550011,West Hartford School District,Race/Ethnicity,All other races,0.0029224511009165142,0.8957103502558046,0.0027919334290183685,0.943446440452429,0.0028603691331940523,0.8088304368248007,Jun-22,2022-07-22,1,Low Risk
1550011,West Hartford School District,Race/Ethnicity,Black or African American,0.0015171958861803243,0.8016528925619832,0.0016630650389459596,0.8592814371257491,0.00154821905627491,0.7750117426021603,Jun-22,2022-07-22,1,Low Risk
1550011,West Hartford School District,Race/Ethnicity,Hispanic/Latino of any race,0.0034061947168000963,0.7500983864620228,0.00338862100662807,0.8426480372588161,0.003362015714325059,0.7195866604039454,Jun-22,2022-07-22,0,Medium Risk
1550011,West Hartford School District,Race/Ethnicity,White,0.01002068903481155,0.8827233372687919,0.010409779225596284,0.9444444444444446,0.010241459221051056,0.8036636918741191,Jun-22,2022-07-22,1,Low Risk
1550011,West Hartford School District,High Needs,Students Without High Needs,0.011363977092141165,0.8992522628886266,0.011578964343885565,0.955755156353959,0.011589019644873563,0.8219821512447156,Jun-22,2022-07-22,1,Low Risk
1550011,West Hartford School District,High Needs,Students With High Needs,0.006226699849079987,0.7685950413223139,0.006541389153187441,0.8536260811709919,0.0065017331397567695,0.721465476749648,Jun-22,2022-07-22,0,Medium Risk
1560011,West Haven School District,Unknown,All Students,0.011679809700858546,0.775285320739866,0.0115205050879711,0.7664670658682637,0.011394262736905055,0.728041333959605,Jun-22,2022-07-22,0,Medium Risk
1560011,West Haven School District,Students With Disabilities,Students With Disabilities,0.0019409712852188341,0.7020857929948838,0.001870696189262849,0.6999334664005326,0.001855108729437408,0.642555190230155,Jun-22,2022-07-22,0,Medium Risk
1560011,West Haven School District,Free/Reduced Lunch,Free Meal Eligible,0.005365156467072451,0.7162534435261705,0.005888258156074118,0.7005988023952097,0.006153531395207012,0.693752935650541,Jun-22,2022-07-22,0,Medium Risk
1560011,West Haven School District,Free/Reduced Lunch,Reduced Price Meal Eligible,0.0008755359659380528,0.8134592680047223,0.0009333322582205808,0.8316699933466403,0.0006944362476048834,0.7782996712071402,Jun-22,2022-07-22,1,Low Risk
1560011,West Haven School District,Free/Reduced Lunch,Free/Reduced Price Meal Eligible,0.006280671244240553,0.7300275482093661,0.006861907142511571,0.7192282102461744,0.0068873124727045236,0.7026773132926261,Jun-22,2022-07-22,0,Medium Risk
1560011,West Haven School District,English Learners,English Learners,0.0018790041278122593,0.835891381345927,0.001650970020480898,0.7777777777777781,0.0017429759642434185,0.7862846406763744,Jun-22,2022-07-22,1,Low Risk
1560011,West Haven School District,Race/Ethnicity,All other races,0.0010814268437728002,0.7988980716253442,0.0010381557515844475,0.7747837658017303,0.0009521448834015964,0.7430718647252235,Jun-22,2022-07-22,0,Medium Risk
1560011,West Haven School District,Race/Ethnicity,Black or African American,0.0027805263210498436,0.7859110586383311,0.0026064764792207585,0.7488356620093151,0.0025751191164725,0.728041333959605,Jun-22,2022-07-22,0,Medium Risk
1560011,West Haven School District,Race/Ethnicity,Hispanic/Latino of any race,0.0045555855396639785,0.7622983077528533,0.004537647760808915,0.7355289421157689,0.004434162328899171,0.7233442930953498,Jun-22,2022-07-22,0,Medium Risk
1560011,West Haven School District,Race/Ethnicity,White,0.003142334562681779,0.7760724124360485,0.0032172749117063654,0.8210246174318034,0.0033148019184539054,0.7294504462188822,Jun-22,2022-07-22,0,Medium Risk
1560011,West Haven School District,High Needs,Students Without High Needs,0.003604089832388834,0.8449429358520266,0.0033220984050702316,0.8669328010645376,0.003413163993185475,0.776890558947863,Jun-22,2022-07-22,1,Low Risk
1560011,West Haven School District,High Needs,Students With High Needs,0.007619961420447163,0.7430145611963797,0.007857730329468302,0.7262142381902867,0.007941753913826953,0.7059652418976041,Jun-22,2022-07-22,0,Medium Risk
1570011,Weston School District,Unknown,All Students,0.00436568618632125,0.9228650137741043,0.004477172668483608,0.9318030605455756,0.004416457155447488,0.7937999060591832,Jun-22,2022-07-22,1,Low Risk
1570011,Weston School District,Students With Disabilities,Students With Disabilities,0.00042777328016151443,0.8602912239275873,0.00045759486526149426,0.8775781769793749,0.00046230175123837845,0.7454203851573507,Jun-22,2022-07-22,1,Low Risk
1570011,Weston School District,Free/Reduced Lunch,Free/Reduced Price Meal Eligible,2.598622729953124e-05,0.828807556080283,3.02375461626538e-05,0.8230206254158356,5.114827886041634e-05,0.736965711601691,Jun-22,2022-07-22,1,Low Risk
1570011,Weston School District,Race/Ethnicity,All other races,0.0005157266648676201,0.9319165682802044,0.0004898482478349917,0.9437791084497675,0.0004367276118081703,0.8304368248003762,Jun-22,2022-07-22,1,Low Risk
1570011,Weston School District,Race/Ethnicity,Black or African American,1.7990465053521628e-05,0.8622589531680442,2.620587334096664e-05,0.833998669328011,4.327931288189075e-05,0.7543447627994366,Jun-22,2022-07-22,1,Low Risk
1570011,Weston School District,Race/Ethnicity,Hispanic/Latino of any race,0.000331824133209399,0.9409681227863049,0.00031245464368075604,0.935462408516301,0.0002655776017752387,0.792390793799906,Jun-22,2022-07-22,1,Low Risk
1570011,Weston School District,Race/Ethnicity,White,0.0033802084895005646,0.9205037386855568,0.003527713718976278,0.931470392548237,0.0035528381393043046,0.7900422733677788,Jun-22,2022-07-22,1,Low Risk
1570011,Weston School District,High Needs,Students Without High Needs,0.0037759987206780407,0.9311294765840223,0.0038200099985485976,0.939454424484365,0.0038243174655634374,0.8003757632691411,Jun-22,2022-07-22,1,Low Risk
1570011,Weston School District,High Needs,Students With High Needs,0.0004957372592525962,0.8642266824085008,0.0005301649760518634,0.878243512974052,0.0005527948599914227,0.7515265382808831,Jun-22,2022-07-22,1,Low Risk
1580011,Westport School District,Unknown,All Students,0.010492439007326118,0.8842975206611565,0.010637568740021608,0.918829008649368,0.01035949371072894,0.7919210897134805,Jun-22,2022-07-22,1,Low Risk
1580011,Westport School District,Students With Disabilities,Students With Disabilities,0.0013512838195756248,0.8012593467138918,0.0012921511393507396,0.8619427811044584,0.001310182835424511,0.7360263034288401,Jun-22,2022-07-22,1,Low Risk
1580011,Westport School District,Free/Reduced Lunch,Free Meal Eligible,0.00018590147221972354,0.7347500983864617,0.00018142527697592283,0.7807717897538264,0.00023016725487187353,0.7139502113668392,Jun-22,2022-07-22,0,Medium Risk
1580011,Westport School District,Free/Reduced Lunch,Reduced Price Meal Eligible,2.798516786103365e-05,0.8850846123573395,8.063345643374349e-06,0.8386560212907521,5.114827886041634e-05,0.7538750587130112,Jun-22,2022-07-22,1,Low Risk
1580011,Westport School District,Free/Reduced Lunch,Free/Reduced Price Meal Eligible,0.0002538654513108053,0.7693821330184965,0.00022980535083616893,0.7910844976713243,0.00032066036362491784,0.7242837012682006,Jun-22,2022-07-22,0,Medium Risk
1580011,Westport School District,English Learners,English Learners,7.995762246009614e-05,0.8500590318772137,7.257011079036914e-05,0.8606121091151033,0.00010623104071009548,0.7745420385157358,Jun-22,2022-07-22,1,Low Risk
1580011,Westport School District,Race/Ethnicity,All other races,0.0013612785223831368,0.9165682802046438,0.0013465787224435162,0.9461077844311383,0.001205919036209047,0.8318459370596525,Jun-22,2022-07-22,1,Low Risk
1580011,Westport School District,Race/Ethnicity,Black or African American,0.00019389723446573318,0.8890200708382525,0.0002076311503168895,0.8775781769793749,0.00019082242497924558,0.8097698449976516,Jun-22,2022-07-22,1,Low Risk
1580011,Westport School District,Race/Ethnicity,Hispanic/Latino of any race,0.000717619661579363,0.8469106650924836,0.0007035269073844119,0.8795741849634071,0.0006747638326585694,0.7543447627994366,Jun-22,2022-07-22,1,Low Risk
1580011,Westport School District,Race/Ethnicity,White,0.00809970715520774,0.8819362455726094,0.008258881775226176,0.918829008649368,0.008169953927204194,0.7886331611085016,Jun-22,2022-07-22,1,Low Risk
1580011,Westport School District,High Needs,Students Without High Needs,0.008753360718819027,0.8980716253443526,0.008926123627215404,0.9284763805721896,0.008703076372249303,0.8017848755284174,Jun-22,2022-07-22,1,Low Risk
1580011,Westport School District,High Needs,Students With High Needs,0.0015971535086404204,0.8103109012199918,0.0015159089809543777,0.8632734530938126,0.001617072508587009,0.7411930483795208,Jun-22,2022-07-22,1,Low Risk
1590011,Wethersfield School District,Unknown,All Students,0.007112230517825552,0.8587170405352222,0.00704131658307665,0.9258150365934803,0.006964034890995148,0.8111789572569288,Jun-22,2022-07-22,1,Low Risk
1590011,Wethersfield School District,Students With Disabilities,Students With Disabilities,0.0009115168960450961,0.7611176702085793,0.0009051105484687706,0.8333333333333339,0.0009265707439713883,0.7242837012682006,Jun-22,2022-07-22,0,Medium Risk
1590011,Wethersfield School District,Free/Reduced Lunch,Free Meal Eligible,0.0015811619841484012,0.7693821330184965,0.0014171329968230418,0.849634065202928,0.001522644916844702,0.7472992015030533,Jun-22,2022-07-22,0,Medium Risk
1590011,Wethersfield School District,Free/Reduced Lunch,Reduced Price Meal Eligible,0.00039778917173897835,0.8315623770169225,0.0002499637149446048,0.9121756487025952,0.0002950862241947097,0.8219821512447156,Jun-22,2022-07-22,1,Low Risk
1590011,Wethersfield School District,Free/Reduced Lunch,Free/Reduced Price Meal Eligible,0.002018929967117428,0.78236914600551,0.0017074134399845185,0.8602794411177652,0.0018570759709320395,0.7604509159229691,Jun-22,2022-07-22,1,Low Risk
1590011,Wethersfield School District,English Learners,English Learners,0.0006256683957502524,0.8142463597009049,0.0006087825960747633,0.8822355289421164,0.0006688621081746752,0.7839361202442463,Jun-22,2022-07-22,1,Low Risk
1590011,Wethersfield School District,Race/Ethnicity,All other races,0.000663648266418798,0.8583234946871308,0.0005684658678578915,0.9377910844976718,0.0005586965844753169,0.8304368248003762,Jun-22,2022-07-22,1,Low Risk
1590011,Wethersfield School District,Race/Ethnicity,Black or African American,0.0002618612135568149,0.781188508461236,0.0002459320421229176,0.8223552894211581,0.00022623277188261076,0.7886331611085016,Jun-22,2022-07-22,0,Medium Risk
1590011,Wethersfield School District,Race/Ethnicity,Hispanic/Latino of any race,0.0014072541552976922,0.7929948839039747,0.0013768162686061702,0.8672654690618766,0.0012787069715104087,0.7721935180836077,Jun-22,2022-07-22,1,Low Risk
1590011,Wethersfield School District,Race/Ethnicity,White,0.004659530448862103,0.8839039748130659,0.004729152219839055,0.9477711244178315,0.004782364073448928,0.8205730389854393,Jun-22,2022-07-22,1,Low Risk
1590011,Wethersfield School District,High Needs,Students Without High Needs,0.004211767763085565,0.9016135379771746,0.004388475866406489,0.9634065202927484,0.00429252094128571,0.8403006106153121,Jun-22,2022-07-22,1,Low Risk
1590011,Wethersfield School District,High Needs,Students With High Needs,0.0027645347965578244,0.7973238882329792,0.0025460013868954506,0.8632734530938126,0.0026321691198168103,0.7627994363550963,Jun-22,2022-07-22,1,Low Risk
1600011,Willington School District,Unknown,All Students,0.0007116228398948558,0.7851239669421486,0.000751906981244658,0.75249500998004,0.0007849293563579277,0.7684358853922024,Jun-22,2022-07-22,0,Medium Risk
1600011,Willington School District,Students With Disabilities,Students With Disabilities,8.395550358310096e-05,0.665879574970484,9.676014772049219e-05,0.7022621423819033,0.00011016552369935828,0.6782527007984971,Jun-22,2022-07-22,0,Medium Risk
1600011,Willington School District,Free/Reduced Lunch,Free/Reduced Price Meal Eligible,8.195656302159855e-05,0.7075954348681619,0.0002560112241771356,0.69560878243513,0.0002773810507430271,0.7167684358853927,Jun-22,2022-07-22,0,Medium Risk
1600011,Willington School District,Race/Ethnicity,Hispanic/Latino of any race,1.199364336901442e-05,0.6804407713498621,2.822170975181022e-05,0.6300731869594149,3.344310540873376e-05,0.6430248943165813,Jun-22,2022-07-22,0,Medium Risk
1600011,Willington School District,Race/Ethnicity,White,0.000613674752381238,0.7843368752459661,0.0006511151607024786,0.7594810379241523,0.000672796591163938,0.7806481916392674,Jun-22,2022-07-22,0,Medium Risk
1600011,Willington School District,High Needs,Students Without High Needs,0.0004677520913915625,0.828807556080283,0.0003668822267735329,0.793413173652695,0.00039541554042091096,0.8050728041333963,Jun-22,2022-07-22,1,Low Risk
1600011,Willington School District,High Needs,Students With High Needs,0.00018790041278122593,0.6883116883116887,0.0003245496621458175,0.7055888223552897,0.0003501689860443888,0.7271019257867541,Jun-22,2022-07-22,0,Medium Risk
1610011,Wilton School District,Unknown,All Students,0.007424065245419928,0.9618260527351432,0.007416262155493557,0.9401197604790421,0.007493222853050994,0.8384217942696104,Jun-22,2022-07-22,1,Low Risk
1610011,Wilton School District,Students With Disabilities,Students With Disabilities,0.0011034151899493268,0.9362455726092089,0.0011006466803205987,0.9105123087159019,0.0011232948934345281,0.7942696101456086,Jun-22,2022-07-22,1,Low Risk
1610011,Wilton School District,Free/Reduced Lunch,Free Meal Eligible,0.00020988875895775242,0.8964974419519871,0.0002459320421229176,0.9105123087159019,0.00029705346568934107,0.8027242837012682,Jun-22,2022-07-22,1,Low Risk
1610011,Wilton School District,Free/Reduced Lunch,Reduced Price Meal Eligible,1.3992583930516825e-05,0.9523809523809521,1.6126691286748698e-05,0.9268130405854964,2.754138092483957e-05,0.7891028651949279,Jun-22,2022-07-22,1,Low Risk
1610011,Wilton School District,Free/Reduced Lunch,Free/Reduced Price Meal Eligible,0.0002638601541183173,0.9067296340023612,0.0003023754616265381,0.9131736526946108,0.0003639396765068086,0.8003757632691411,Jun-22,2022-07-22,1,Low Risk
1610011,Wilton School District,English Learners,English Learners,1.3992583930516825e-05,0.8756395120031479,1.0079182054217936e-05,0.8815701929474384,2.754138092483957e-05,0.7219351808360734,Jun-22,2022-07-22,1,Low Risk
1610011,Wilton School District,Race/Ethnicity,All other races,0.0012653293754310215,0.9767807949626133,0.0012195810285603704,0.9467731204258154,0.0011842793797681016,0.850164396430249,Jun-22,2022-07-22,1,Low Risk
1610011,Wilton School District,Race/Ethnicity,Black or African American,3.398198954554086e-05,0.9732388823297913,3.426921898434099e-05,0.9700598802395213,3.9344829892627954e-05,0.8543917332080797,Jun-22,2022-07-22,1,Low Risk
1610011,Wilton School District,Race/Ethnicity,Hispanic/Latino of any race,0.000499735140375601,0.9244391971664698,0.0005019432663000532,0.8765801729873592,0.0004878758906685867,0.8074213245655244,Jun-22,2022-07-22,1,Low Risk
1610011,Wilton School District,Race/Ethnicity,White,0.00550508230637762,0.9618260527351432,0.005539518456998177,0.9441117764471061,0.005663688263043794,0.8384217942696104,Jun-22,2022-07-22,1,Low Risk
1610011,Wilton School District,High Needs,Students Without High Needs,0.00591286618092411,0.9696969696969693,0.0058580206099114645,0.9457751164337993,0.005986315868163343,0.8478158759981218,Jun-22,2022-07-22,1,Low Risk
1610011,Wilton School District,High Needs,Students With High Needs,0.0013512838195756248,0.9338842975206609,0.001386895450660388,0.9161676646706591,0.0014675621549950228,0.7999060591827147,Jun-22,2022-07-22,1,Low Risk
1620011,Winchester School District,Unknown,All Students,0.0010234575674892307,0.8004722550177092,0.0010321082423519166,0.829008649367931,0.001009194886745907,0.714889619539691,Jun-22,2022-07-22,0,Medium Risk
1620011,Winchester School District,Students With Disabilities,Students With Disabilities,0.00017590676941221155,0.6839826839826841,0.0001894886226192972,0.7312042581503664,0.00019869139095777117,0.5396899953029592,Jun-22,2022-07-22,0,Medium Risk
1620011,Winchester School District,Free/Reduced Lunch,Free Meal Eligible,0.0004677520913915625,0.7855175127902401,0.00046162653808318145,0.817365269461078,0.0004701707172169041,0.6613433536871778,Jun-22,2022-07-22,0,Medium Risk
1620011,Winchester School District,Free/Reduced Lunch,Reduced Price Meal Eligible,7.396080077558894e-05,0.831168831168831,6.0475092325307616e-05,0.8110445775116437,7.475517679599313e-05,0.7416627524659463,Jun-22,2022-07-22,1,Low Risk
1620011,Winchester School District,Free/Reduced Lunch,Free/Reduced Price Meal Eligible,0.0005816917033971995,0.7937819756001572,0.0005624183586253608,0.8163672654690624,0.0005842707239055251,0.6763738844527953,Jun-22,2022-07-22,0,Medium Risk
1620011,Winchester School District,Race/Ethnicity,Hispanic/Latino of any race,8.395550358310096e-05,0.7575757575757573,8.869680207711784e-05,0.7717897538256824,7.868965978525592e-05,0.7693752935650542,Jun-22,2022-07-22,0,Medium Risk
1620011,Winchester School District,Race/Ethnicity,White,0.0008255624519004928,0.8138528138528138,0.0008244770920350272,0.8416500332668004,0.0007927983223364533,0.7130108031939884,Jun-22,2022-07-22,1,Low Risk
1620011,Winchester School District,High Needs,Students Without High Needs,0.0002998410842253606,0.8720975993703268,0.0003205179893241304,0.8725881570192948,0.0002872172582161841,0.7900422733677788,Jun-22,2022-07-22,1,Low Risk
1620011,Winchester School District,High Needs,Students With High Needs,0.000653653563611286,0.7705627705627704,0.0006571626699350094,0.8080505655355958,0.000682632798637095,0.6801315171441997,Jun-22,2022-07-22,0,Medium Risk
1630011,Windham School District,Unknown,All Students,0.005876885250817067,0.6186540731995276,0.005976954958151236,0.6094477711244184,0.005980414143679449,0.7036167214654769,Jun-22,2022-07-22,2,High Risk
1630011,Windham School District,Students With Disabilities,Students With Disabilities,0.001065435319280781,0.5336481700118063,0.0010825041526230064,0.4740518962075848,0.001117393168950634,0.5800845467355566,Jun-22,2022-07-22,2,High Risk
1630011,Windham School District,Free/Reduced Lunch,Free Meal Eligible,0.0036520644058648916,0.5430932703659974,0.0036547114128594235,0.5172987358616106,0.004070222652392362,0.666040394551433,Jun-22,2022-07-22,2,High Risk
1630011,Windham School District,Free/Reduced Lunch,Reduced Price Meal Eligible,0.0004317711612845192,0.7154663518299884,0.00040518311857956103,0.6889554224883572,0.00032852932960344343,0.7487083137623305,Jun-22,2022-07-22,0,Medium Risk
1630011,Windham School District,Free/Reduced Lunch,Free/Reduced Price Meal Eligible,0.004123814378379459,0.5623770169224716,0.004100211259655856,0.5359281437125754,0.004438096811888433,0.6730859558478164,Jun-22,2022-07-22,2,High Risk
1630011,Windham School District,English Learners,English Learners,0.0018630126033202402,0.5808736717827627,0.0017699043687206695,0.5049900199600801,0.0018157638995447802,0.6782527007984971,Jun-22,2022-07-22,2,High Risk
1630011,Windham School District,Race/Ethnicity,All other races,0.0001659120666046995,0.6296733569460842,0.00016126691286748698,0.6536926147704594,0.00015344483658124905,0.758102395490841,Jun-22,2022-07-22,0,Medium Risk
1630011,Windham School District,Race/Ethnicity,Black or African American,0.00013792689874366583,0.5985832349468714,0.00016328274927833057,0.5695276114437795,0.0001790189760114572,0.6298731798966655,Jun-22,2022-07-22,2,High Risk
1630011,Windham School District,Race/Ethnicity,Hispanic/Latino of any race,0.004189779416909038,0.5891381345926798,0.004235272299182377,0.5635395874916838,0.004266946801855502,0.6951620479098173,Jun-22,2022-07-22,2,High Risk
1630011,Windham School District,Race/Ethnicity,White,0.001263330434869519,0.7166469893742624,0.0012961828121724266,0.7548236859614113,0.0012629690395533574,0.7341474870831384,Jun-22,2022-07-22,0,Medium Risk
1630011,Windham School District,High Needs,Students Without High Needs,0.0010674342598422835,0.8040141676505312,0.001211517682916996,0.8363273453093814,0.0010701793730794804,0.8097698449976516,Jun-22,2022-07-22,1,Low Risk
1630011,Windham School District,High Needs,Students With High Needs,0.004633544221562572,0.5753640299094847,0.004628360399296877,0.5489021956087825,0.004870889940707341,0.679192108971348,Jun-22,2022-07-22,2,High Risk
1640011,Windsor School District,Unknown,All Students,0.00639461085624619,0.7461629279811097,0.006440597332645261,0.7844311377245514,0.0063620589936379405,0.7632691404415217,Jun-22,2022-07-22,0,Medium Risk
1640011,Windsor School District,Students With Disabilities,Students With Disabilities,0.0012213526830779685,0.6158992522628886,0.001215549355738683,0.6340652029274785,0.0012669035225426203,0.6627524659464541,Jun-22,2022-07-22,2,High Risk
1640011,Windsor School District,Free/Reduced Lunch,Free Meal Eligible,0.001988945858694892,0.6383313656040928,0.0022597526165556614,0.6526946107784433,0.002374460484020097,0.709253170502584,Jun-22,2022-07-22,0,Medium Risk
1640011,Windsor School District,Free/Reduced Lunch,Reduced Price Meal Eligible,0.0004737489130760697,0.7512790240062968,0.0005341966488735506,0.7754491017964074,0.00046820347572227265,0.7444809769844998,Jun-22,2022-07-22,0,Medium Risk
1640011,Windsor School District,Free/Reduced Lunch,Free/Reduced Price Meal Eligible,0.0025026735830010094,0.661157024793388,0.0028342659936460837,0.6773120425815042,0.0028820087896349977,0.7153593236261155,Jun-22,2022-07-22,0,Medium Risk
1640011,Windsor School District,English Learners,English Learners,0.00018190359109671874,0.6367571822117277,0.00021367865954942023,0.715901530272788,0.00021246208142019097,0.7228745890089243,Jun-22,2022-07-22,0,Medium Risk
1640011,Windsor School District,Race/Ethnicity,All other races,0.000777587878424435,0.7697756788665879,0.0007539228176555015,0.8433133732534936,0.0006786983156478322,0.7651479567872244,Jun-22,2022-07-22,0,Medium Risk
1640011,Windsor School District,Race/Ethnicity,Black or African American,0.002578633324338101,0.7591499409681228,0.002632682352561725,0.7711244178310048,0.0027167605040859604,0.7782996712071402,Jun-22,2022-07-22,0,Medium Risk
1640011,Windsor School District,Race/Ethnicity,Hispanic/Latino of any race,0.0015092001239343147,0.6772924045651321,0.001441323033753165,0.6939454424484373,0.001329855250370825,0.7205260685767971,Jun-22,2022-07-22,0,Medium Risk
1640011,Windsor School District,Race/Ethnicity,White,0.0014092530958591946,0.7827626918536006,0.0014917189440242546,0.8636061210911516,0.0015187104338554391,0.7736026303428849,Jun-22,2022-07-22,1,Low Risk
1640011,Windsor School District,High Needs,Students Without High Needs,0.003050383296852668,0.833530106257379,0.00286047186698705,0.8962075848303397,0.002852500167215527,0.819163926726163,Jun-22,2022-07-22,1,Low Risk
1640011,Windsor School District,High Needs,Students With High Needs,0.003182313373911827,0.665879574970484,0.00343901691689916,0.69560878243513,0.0034702139965297855,0.7162987317989664,Jun-22,2022-07-22,0,Medium Risk
1650011,Windsor Locks School District,Unknown,All Students,0.0028145083105953848,0.7796143250688705,0.0029713428695834474,0.8356620093147042,0.0029331570684954142,0.7313292625645849,Jun-22,2022-07-22,0,Medium Risk
1650011,Windsor Locks School District,Students With Disabilities,Students With Disabilities,0.0004317711612845192,0.6883116883116887,0.0004596107016723378,0.7085828343313381,0.0004583672682491157,0.6345702207609207,Jun-22,2022-07-22,0,Medium Risk
1650011,Windsor Locks School District,Free/Reduced Lunch,Free Meal Eligible,0.0010234575674892307,0.6772924045651321,0.0010079182054217937,0.7548236859614113,0.0013121500769191425,0.6824800375763269,Jun-22,2022-07-22,0,Medium Risk
1650011,Windsor Locks School District,Free/Reduced Lunch,Reduced Price Meal Eligible,0.0001679110071662019,0.7957497048406137,0.00013909271234820752,0.712242182302063,0.00016721552704366882,0.7167684358853927,Jun-22,2022-07-22,0,Medium Risk
1650011,Windsor Locks School District,Free/Reduced Lunch,Free/Reduced Price Meal Eligible,0.0012313473858854805,0.6965761511216058,0.001187327645986873,0.7485029940119761,0.0015187104338554391,0.6871770784405831,Jun-22,2022-07-22,0,Medium Risk
1650011,Windsor Locks School District,English Learners,English Learners,0.0001639131260431971,0.8386462022825656,0.00014917189440242544,0.8626081170991355,0.00013770690462419784,0.7186472522310945,Jun-22,2022-07-22,1,Low Risk
1650011,Windsor Locks School District,Race/Ethnicity,All other races,0.00034381777657841345,0.7886658795749706,0.00037292973600606364,0.8689288090485698,0.0003501689860443888,0.758102395490841,Jun-22,2022-07-22,1,Low Risk
1650011,Windsor Locks School District,Race/Ethnicity,Black or African American,0.0003198304898403846,0.6092089728453365,0.0003426921898434098,0.6779773785761813,0.000356070710528283,0.6740253640206673,Jun-22,2022-07-22,0,Medium Risk
1650011,Windsor Locks School District,Race/Ethnicity,Hispanic/Latino of any race,0.00044776268577653846,0.7552144824872093,0.0004596107016723378,0.8107119095143052,0.00046230175123837845,0.6716768435885401,Jun-22,2022-07-22,0,Medium Risk
1650011,Windsor Locks School District,Race/Ethnicity,White,0.0015831609247099036,0.8236914600550964,0.001675160057411021,0.8715901530272792,0.00164658113100648,0.7552841709722884,Jun-22,2022-07-22,1,Low Risk
1650011,Windsor Locks School District,High Needs,Students Without High Needs,0.0012353452670084853,0.8638331365604093,0.0014030221419471369,0.9161676646706591,0.0011764104137895759,0.7970878346641621,Jun-22,2022-07-22,1,Low Risk
1650011,Windsor Locks School District,High Needs,Students With High Needs,0.001501204361688305,0.7123179850452579,0.0014836555983808802,0.7604790419161684,0.0017174018248132103,0.6843588539220296,Jun-22,2022-07-22,0,Medium Risk
1660011,Wolcott School District,Unknown,All Students,0.00419977411971655,0.891774891774892,0.004263494008934187,0.8825681969394545,0.004231536454952137,0.7754814466885867,Jun-22,2022-07-22,1,Low Risk
1660011,Wolcott School District,Students With Disabilities,Students With Disabilities,0.0005856895845202043,0.8354978354978355,0.0005462916673386121,0.7997338656021293,0.0005488603770021599,0.714889619539691,Jun-22,2022-07-22,0,Medium Risk
1660011,Wolcott School District,Free/Reduced Lunch,Free Meal Eligible,0.000861543382007536,0.8476977567886657,0.0009393797674531115,0.8030605455755158,0.0009383741929391767,0.7294504462188822,Jun-22,2022-07-22,1,Low Risk
1660011,Wolcott School District,Free/Reduced Lunch,Reduced Price Meal Eligible,0.00024187180794179084,0.8803620621802439,0.0003144704800915996,0.8419827012641385,0.00024197070383966194,0.764678252700798,Jun-22,2022-07-22,1,Low Risk
1660011,Wolcott School District,Free/Reduced Lunch,Free/Reduced Price Meal Eligible,0.0011433940011793748,0.8551751279024007,0.001294166975761583,0.813705921490353,0.0012196897266714666,0.7374354156881164,Jun-22,2022-07-22,1,Low Risk
1660011,Wolcott School District,English Learners,English Learners,0.00013193007705915863,0.9063360881542697,0.00012095018465061523,0.906520292747838,0.00010623104071009548,0.7952090183184595,Jun-22,2022-07-22,1,Low Risk
1660011,Wolcott School District,Race/Ethnicity,All other races,0.000217884521203762,0.9153876426603698,0.00024794787853376125,0.8732534930139724,0.0001967241494631398,0.8041333959605446,Jun-22,2022-07-22,1,Low Risk
1660011,Wolcott School District,Race/Ethnicity,Black or African American,0.00011393961200563701,0.943329397874852,0.00010280765695302294,0.8872255489021956,0.00012196897266714666,0.8233912635039928,Jun-22,2022-07-22,1,Low Risk
1660011,Wolcott School District,Race/Ethnicity,Hispanic/Latino of any race,0.0005437118327286538,0.8551751279024007,0.0004817849021916173,0.8629407850964741,8.655862576378151e-05,0.6571160169093471,Jun-22,2022-07-22,1,Low Risk
1660011,Wolcott School District,Race/Ethnicity,White,0.003204301720088353,0.8941361668634391,0.0033100033866051704,0.8858948769128414,0.0037082502173801848,0.7754814466885867,Jun-22,2022-07-22,1,Low Risk
1660011,Wolcott School District,High Needs,Students Without High Needs,0.002518665107493029,0.9153876426603698,0.0025117321679111095,0.9168330006653362,0.002614463946365128,0.7942696101456086,Jun-22,2022-07-22,1,Low Risk
1660011,Wolcott School District,High Needs,Students With High Needs,0.0015991524492019228,0.8563557654466742,0.0016529858568917416,0.830006653359947,0.001577727678694381,0.7440112728980743,Jun-22,2022-07-22,1,Low Risk
1670011,Woodbridge School District,Unknown,All Students,0.0016271376170629566,0.9122392758756397,0.0016368591656049929,0.935462408516301,0.0016092035426084836,0.7970878346641621,Jun-22,2022-07-22,1,Low Risk
1670011,Woodbridge School District,Students With Disabilities,Students With Disabilities,0.00014792160155117787,0.8614718614718613,0.00013909271234820752,0.8882235528942117,0.00014951035359198625,0.7797087834664165,Jun-22,2022-07-22,1,Low Risk
1670011,Woodbridge School District,Free/Reduced Lunch,Free/Reduced Price Meal Eligible,0.0001599152449201923,0.8795749704840614,0.00019755196826267153,0.9045242847638062,0.00019869139095777117,0.798027242837013,Jun-22,2022-07-22,1,Low Risk
1670011,Woodbridge School District,English Learners,English Learners,1.9989405615024032e-05,0.9102715466351832,1.0079182054217936e-05,0.9041916167664676,1.1803448967788391e-05,0.8022545796148428,Jun-22,2022-07-22,1,Low Risk
1670011,Woodbridge School District,Race/Ethnicity,All other races,0.0003638071821934375,0.944116489571035,0.0003386605170217226,0.9461077844311383,0.00031279139764639225,0.8013151714419919,Jun-22,2022-07-22,1,Low Risk
1670011,Woodbridge School District,Race/Ethnicity,Black or African American,7.995762246009612e-06,0.9126328217237303,2.620587334096664e-05,0.9427811044577514,2.5574139430208172e-05,0.8374823860967595,Jun-22,2022-07-22,1,Low Risk
1670011,Woodbridge School District,Race/Ethnicity,Hispanic/Latino of any race,8.795338470610576e-05,0.8772136953955134,9.071263848796143e-05,0.9268130405854964,9.44275917423071e-05,0.7867543447627989,Jun-22,2022-07-22,1,Low Risk
1670011,Woodbridge School District,Race/Ethnicity,White,0.0010474448542272595,0.9047619047619047,0.0010603299521037269,0.9324683965402532,0.001058375924111692,0.794739314232034,Jun-22,2022-07-22,1,Low Risk
1670011,Woodbridge School District,High Needs,Students Without High Needs,0.001223351623639471,0.9216843762298303,0.0011913593188085602,0.9484364604125086,0.0012078862777036782,0.798027242837013,Jun-22,2022-07-22,1,Low Risk
1670011,Woodbridge School District,High Needs,Students With High Needs,0.00034181883601691105,0.8839039748130659,0.0003668822267735329,0.9008649367930812,0.0003619724350121772,0.7937999060591832,Jun-22,2022-07-22,1,Low Risk
1690011,Woodstock School District,Unknown,All Students,0.001521193767303329,0.8929555293191651,0.0015582415455820929,0.9364604125083171,0.001532481124317859,0.7660873649600752,Jun-22,2022-07-22,1,Low Risk
1690011,Woodstock School District,Students With Disabilities,Students With Disabilities,0.00013792689874366583,0.8697363242817788,0.00012296602106145883,0.8769128409846978,0.00013573966312956646,0.700328792860498,Jun-22,2022-07-22,1,Low Risk
1690011,Woodstock School District,Free/Reduced Lunch,Free Meal Eligible,0.00019989405615024038,0.8252656434474614,0.00016126691286748698,0.8622754491017965,0.00020262587394703397,0.6655706904650067,Jun-22,2022-07-22,1,Low Risk
1690011,Woodstock School District,Free/Reduced Lunch,Reduced Price Meal Eligible,2.398728673802884e-05,0.8473042109405742,3.426921898434099e-05,0.9520958083832336,3.1475863914102365e-05,0.7177078440582436,Jun-22,2022-07-22,1,Low Risk
1690011,Woodstock School District,Free/Reduced Lunch,Free/Reduced Price Meal Eligible,0.0002638601541183173,0.829988193624557,0.0002358528600686997,0.88622754491018,0.0002734465677537643,0.6773132926256462,Jun-22,2022-07-22,1,Low Risk
1690011,Woodstock School District,Race/Ethnicity,All other races,6.196715740657451e-05,0.8878394332939785,5.8459255914464035e-05,0.911177644710579,5.7050003344310544e-05,0.7040864255519024,Jun-22,2022-07-22,1,Low Risk
1690011,Woodstock School District,Race/Ethnicity,White,0.0013412891167681128,0.8976780794962611,0.0013848796142495446,0.9417831004657353,0.0013711673217580843,0.7707844058243314,Jun-22,2022-07-22,1,Low Risk
1690011,Woodstock School District,High Needs,Students Without High Needs,0.0010474448542272595,0.9165682802046438,0.0010966150074989114,0.9547571523619429,0.0010859173050365317,0.7956787224048858,Jun-22,2022-07-22,1,Low Risk
1690011,Woodstock School District,High Needs,Students With High Needs,0.0004097828151079928,0.8484848484848482,0.0003608347175410021,0.8895542248835668,0.0004072189893886994,0.6890558947862848,Jun-22,2022-07-22,1,Low Risk
2010012,Regional School District 01,Unknown,All Students,0.0006296662768732571,0.7926013380558832,0.0006007192504313889,0.6613439787092488,0.0006472224517337298,0.714889619539691,Jun-22,2022-07-22,0,Medium Risk
2010012,Regional School District 01,Students With Disabilities,Students With Disabilities,8.395550358310096e-05,0.7536402990948448,7.660178361205631e-05,0.5864936793080511,8.262414277451872e-05,0.6073273837482391,Jun-22,2022-07-22,0,Medium Risk
2010012,Regional School District 01,Free/Reduced Lunch,Free/Reduced Price Meal Eligible,0.00018590147221972354,0.7264856355765446,0.00019755196826267153,0.5685296074517634,0.0002655776017752387,0.6557069046500708,Jun-22,2022-07-22,0,Medium Risk
2010012,Regional School District 01,Race/Ethnicity,Hispanic/Latino of any race,5.197245459906249e-05,0.7630853994490354,3.830089180602815e-05,0.5881570192947443,5.901724483894194e-05,0.7984969469234384,Jun-22,2022-07-22,0,Medium Risk
2010012,Regional School District 01,Race/Ethnicity,White,0.0004857425564450841,0.7957497048406137,0.00047573739295908655,0.6743180306054564,0.0005016465811310064,0.6993893846876471,Jun-22,2022-07-22,0,Medium Risk
2010012,Regional School District 01,High Needs,Students Without High Needs,0.0003238283709633894,0.834710743801653,0.00029431211598316374,0.7288755821689961,0.00029902070718397245,0.7895725692813524,Jun-22,2022-07-22,0,Medium Risk
2010012,Regional School District 01,High Needs,Students With High Needs,0.0002518665107493029,0.7398661944116487,0.0002499637149446048,0.5888223552894214,0.0003088569146571295,0.6411460779708786,Jun-22,2022-07-22,0,Medium Risk
2040012,Regional School District 04,Unknown,All Students,0.0015871588058329084,0.8626524990161353,0.0016469383476592108,0.9184963406520299,0.0016485483725011115,0.7674964772193515,Jun-22,2022-07-22,1,Low Risk
2040012,Regional School District 04,Students With Disabilities,Students With Disabilities,0.0002698569758028245,0.7890594254230616,0.0003023754616265381,0.854291417165669,0.0002872172582161841,0.7022076092061997,Jun-22,2022-07-22,0,Medium Risk
2040012,Regional School District 04,Free/Reduced Lunch,Free Meal Eligible,0.00023987286738028844,0.7567886658795748,0.0002600428969988227,0.8157019294743852,0.0002616431187859759,0.6843588539220296,Jun-22,2022-07-22,0,Medium Risk
2040012,Regional School District 04,Free/Reduced Lunch,Reduced Price Meal Eligible,4.797457347605768e-05,0.8480913026367567,3.830089180602815e-05,0.9138389886892888,1.7705173451682583e-05,0.7717238139971823,Jun-22,2022-07-22,1,Low Risk
2040012,Regional School District 04,Free/Reduced Lunch,Free/Reduced Price Meal Eligible,0.0003278262520863942,0.7784336875245965,0.0003386605170217226,0.8363273453093814,0.00031869312213028645,0.6989196806012217,Jun-22,2022-07-22,0,Medium Risk
2040012,Regional School District 04,Race/Ethnicity,Hispanic/Latino of any race,7.196186021408652e-05,0.8949232585596221,4.838007386024609e-05,0.8702594810379245,0.0006767310741532008,0.7595115077501173,Jun-22,2022-07-22,1,Low Risk
2040012,Regional School District 04,Race/Ethnicity,White,0.0013632774629446392,0.8606847697756788,0.0014574497250399137,0.9221556886227549,0.0014714966379842857,0.7651479567872244,Jun-22,2022-07-22,1,Low Risk
2040012,Regional School District 04,High Needs,Students Without High Needs,0.0009974713401896993,0.8992522628886266,0.0010341240787627604,0.9504324683965408,0.0010760810975633747,0.7942696101456086,Jun-22,2022-07-22,1,Low Risk
2040012,Regional School District 04,High Needs,Students With High Needs,0.0005377150110441466,0.7973238882329792,0.0005624183586253608,0.8626081170991355,0.0005331224450451088,0.7144199154532647,Jun-22,2022-07-22,1,Low Risk
2050012,Regional School District 05,Unknown,All Students,0.004221762465893077,0.8591105863833133,0.00436630166588721,0.8609447771124423,0.0042807174923179215,0.8017848755284174,Jun-22,2022-07-22,1,Low Risk
2050012,Regional School District 05,Students With Disabilities,Students With Disabilities,0.0005017340809371034,0.7024793388429753,0.000522101630408489,0.732534930139721,0.0005114827886041634,0.7050258337247532,Jun-22,2022-07-22,0,Medium Risk
2050012,Regional School District 05,Free/Reduced Lunch,Free Meal Eligible,0.0004397669235305288,0.8036206218024398,0.00040115144575787385,0.768463073852296,0.00040525174789406794,0.7656176608736498,Jun-22,2022-07-22,0,Medium Risk
2050012,Regional School District 05,Free/Reduced Lunch,Reduced Price Meal Eligible,9.594914695211538e-05,0.8008658008658012,8.264929284458708e-05,0.833998669328011,8.262414277451872e-05,0.7440112728980743,Jun-22,2022-07-22,1,Low Risk
2050012,Regional School District 05,Free/Reduced Lunch,Free/Reduced Price Meal Eligible,0.0005756948817126923,0.8028335301062572,0.0005241174668193326,0.7827677977378578,0.0005272207205612145,0.76139032409582,Jun-22,2022-07-22,0,Medium Risk
2050012,Regional School District 05,Race/Ethnicity,All other races,0.000777587878424435,0.9311294765840223,0.0007720653453530938,0.9021956087824354,0.000786896597852559,0.8407703147017385,Jun-22,2022-07-22,1,Low Risk
2050012,Regional School District 05,Race/Ethnicity,Black or African American,0.00010794279032112979,0.8642266824085008,0.00011893434823977164,0.8213572854291424,0.00010623104071009548,0.8003757632691411,Jun-22,2022-07-22,1,Low Risk
2050012,Regional School District 05,Race/Ethnicity,Hispanic/Latino of any race,0.00028185061917183896,0.8421881149153876,0.0002459320421229176,0.8220226214238195,9.246035024767572e-05,0.7693752935650542,Jun-22,2022-07-22,1,Low Risk
2050012,Regional School District 05,Race/Ethnicity,White,0.0029344447442855286,0.8410074773711136,0.0031084197455208116,0.8556220891550237,0.0031770950138297074,0.7928604978863323,Jun-22,2022-07-22,1,Low Risk
2050012,Regional School District 05,High Needs,Students Without High Needs,0.0031443335032432813,0.890594254230618,0.0032979083681401087,0.8895542248835668,0.003247915707636438,0.8205730389854393,Jun-22,2022-07-22,1,Low Risk
2050012,Regional School District 05,High Needs,Students With High Needs,0.001015461805243221,0.7693821330184965,0.001001870696189263,0.7687957418496345,0.000993456954788856,0.7407233442930954,Jun-22,2022-07-22,0,Medium Risk
2060012,Regional School District 06,Unknown,All Students,0.001619141854816947,0.8232979142070049,0.001650970020480898,0.8715901530272792,0.001636744923533323,0.7566932832315638,Jun-22,2022-07-22,1,Low Risk
2060012,Regional School District 06,Students With Disabilities,Students With Disabilities,0.0002578633324338101,0.7402597402597402,0.0002560112241771356,0.8107119095143052,0.00023016725487187353,0.6829497416627524,Jun-22,2022-07-22,0,Medium Risk
2060012,Regional School District 06,Free/Reduced Lunch,Free Meal Eligible,0.0002738548569258293,0.7705627705627704,0.0002822170975181022,0.8413173652694614,0.0002734465677537643,0.7275716298731805,Jun-22,2022-07-22,0,Medium Risk
2060012,Regional School District 06,Free/Reduced Lunch,Reduced Price Meal Eligible,4.1977751791550476e-05,0.6867375049193232,5.241174668193327e-05,0.8120425815036598,6.098448633357334e-05,0.6899953029591366,Jun-22,2022-07-22,0,Medium Risk
2060012,Regional School District 06,Free/Reduced Lunch,Free/Reduced Price Meal Eligible,0.0003558114199474279,0.7532467532467528,0.0003749455724169072,0.8346640053226881,0.0003737758839799656,0.7186472522310945,Jun-22,2022-07-22,0,Medium Risk
2060012,Regional School District 06,Race/Ethnicity,Hispanic/Latino of any race,5.79692762835697e-05,0.7965367965367967,5.241174668193327e-05,0.8765801729873592,0.0006767310741532008,0.7595115077501173,Jun-22,2022-07-22,1,Low Risk
2060012,Regional School District 06,Race/Ethnicity,White,0.0014352393231587257,0.8244785517512789,0.0014634972342724443,0.8732534930139724,0.0014675621549950228,0.7566932832315638,Jun-22,2022-07-22,1,Low Risk
2060012,Regional School District 06,High Needs,Students Without High Needs,0.0010074660429972113,0.8567493112947662,0.000995823186956732,0.8995342648037261,0.0010269000601975896,0.7820573038985437,Jun-22,2022-07-22,1,Low Risk
2060012,Regional School District 06,High Needs,Students With High Needs,0.0005676991194666827,0.7705627705627704,0.0005946717411988582,0.82934131736527,0.0005705000334431053,0.7120713950211375,Jun-22,2022-07-22,0,Medium Risk
2070012,Regional School District 07,Unknown,All Students,0.0017710613374911297,0.8504525777253047,0.0019271396087664695,0.9208250166334002,0.0019869139095777116,0.758102395490841,Jun-22,2022-07-22,1,Low Risk
2070012,Regional School District 07,Students With Disabilities,Students With Disabilities,0.00033582201433240386,0.7894529712711531,0.00033664468061087905,0.8656021290751834,0.000336398295581969,0.7242837012682006,Jun-22,2022-07-22,1,Low Risk
2070012,Regional School District 07,Free/Reduced Lunch,Free Meal Eligible,0.0002478686296262981,0.7591499409681228,0.0002600428969988227,0.8739188290086499,0.0002577086357967131,0.6918741193048383,Jun-22,2022-07-22,0,Medium Risk
2070012,Regional School District 07,Free/Reduced Lunch,Reduced Price Meal Eligible,4.3976692353052873e-05,0.7607241243604879,6.24909287361512e-05,0.8848968729208253,6.885345231209892e-05,0.7294504462188822,Jun-22,2022-07-22,1,Low Risk
2070012,Regional School District 07,Free/Reduced Lunch,Free/Reduced Price Meal Eligible,0.000331824133209399,0.7595434868162139,0.0003628505539518457,0.8769128409846978,0.00036590691800144,0.7017379051197752,Jun-22,2022-07-22,0,Medium Risk
2070012,Regional School District 07,Race/Ethnicity,Hispanic/Latino of any race,2.9984108422536048e-05,0.8512396694214877,2.2174200519279452e-05,0.9284763805721896,0.0006767310741532008,0.7595115077501173,Jun-22,2022-07-22,1,Low Risk
2070012,Regional School District 07,Race/Ethnicity,White,0.0016411302009934734,0.8520267611176702,0.001802157751294167,0.9201596806387231,0.0018570759709320395,0.7557538750587129,Jun-22,2022-07-22,1,Low Risk
2070012,Regional School District 07,High Needs,Students Without High Needs,0.0011234045955643508,0.888626524990161,0.0012417552290796498,0.9424484364604129,0.001329855250370825,0.7750117426021603,Jun-22,2022-07-22,1,Low Risk
2070012,Regional School District 07,High Needs,Students With High Needs,0.0005936853467662139,0.7882723337268791,0.0006228934509506684,0.8792415169660681,0.0006177138293142589,0.7219351808360734,Jun-22,2022-07-22,1,Low Risk
2080012,Regional School District 08,Unknown,All Students,0.0023927318521183775,0.9067296340023612,0.0025762389330581045,0.8878908848968736,0.002724629470064486,0.8060122123062472,Jun-22,2022-07-22,1,Low Risk
2080012,Regional School District 08,Students With Disabilities,Students With Disabilities,0.000311834727594375,0.7689885871704054,0.00033664468061087905,0.7787757817697942,0.00033443105408733763,0.6881164866134339,Jun-22,2022-07-22,0,Medium Risk
2080012,Regional School District 08,Free/Reduced Lunch,Free Meal Eligible,0.00027985167861033656,0.7886658795749706,0.0002741537518747278,0.7252162341982706,0.0003226276051195492,0.7435415688116489,Jun-22,2022-07-22,0,Medium Risk
2080012,Regional School District 08,Free/Reduced Lunch,Reduced Price Meal Eligible,4.1977751791550476e-05,0.8740653286107833,4.838007386024609e-05,0.7461743180306057,2.5574139430208172e-05,0.7026773132926261,Jun-22,2022-07-22,0,Medium Risk
2080012,Regional School District 08,Free/Reduced Lunch,Free/Reduced Price Meal Eligible,0.0003618082416319351,0.8059818968909878,0.0003628505539518457,0.7298735861610117,0.0003875465744423854,0.7374354156881164,Jun-22,2022-07-22,0,Medium Risk
2080012,Regional School District 08,Race/Ethnicity,Hispanic/Latino of any race,0.00012993113649765624,0.9024006296733571,0.000126997693883146,0.8519627411842987,0.00011016552369935828,0.7721935180836077,Jun-22,2022-07-22,1,Low Risk
2080012,Regional School District 08,Race/Ethnicity,White,0.002098887589577524,0.9106650924832742,0.002292005999129159,0.8882235528942117,0.00246298635127851,0.8088304368248007,Jun-22,2022-07-22,1,Low Risk
2080012,Regional School District 08,High Needs,Students Without High Needs,0.001719088882892067,0.945297127115309,0.0018928703897821285,0.9291417165668667,0.0020478983959112853,0.8304368248003762,Jun-22,2022-07-22,1,Low Risk
2080012,Regional School District 08,High Needs,Students With High Needs,0.0006296662768732571,0.8059818968909878,0.0006329726330048863,0.7711244178310048,0.0006373862442605728,0.7294504462188822,Jun-22,2022-07-22,0,Medium Risk
2090012,Regional School District 09,Unknown,All Students,0.0015931556275174156,0.8461235733963002,0.0016287958199616185,0.878243512974052,0.0016603518214688999,0.7778299671207138,Jun-22,2022-07-22,1,Low Risk
2090012,Regional School District 09,Students With Disabilities,Students With Disabilities,0.00019789511558873798,0.668240850059032,0.0001894886226192972,0.7458416500332672,0.0001790189760114572,0.6256458431188356,Jun-22,2022-07-22,0,Medium Risk
2090012,Regional School District 09,Free/Reduced Lunch,Free/Reduced Price Meal Eligible,0.00012593325537465144,0.7300275482093661,0.000126997693883146,0.8077178975382568,0.00012787069715104087,0.7073743541568813,Jun-22,2022-07-22,0,Medium Risk
2090012,Regional School District 09,Race/Ethnicity,All other races,0.0001059438497596274,0.9067296340023612,0.00012498185747230242,0.8965402528276782,0.00011410000668862107,0.7942696101456086,Jun-22,2022-07-22,1,Low Risk
2090012,Regional School District 09,Race/Ethnicity,White,0.0013093060677840742,0.8421881149153876,0.0013284361947459241,0.8805721889554232,0.0013751018047473472,0.7787693752935656,Jun-22,2022-07-22,1,Low Risk
2090012,Regional School District 09,High Needs,Students Without High Needs,0.001203362218024447,0.8842975206611565,0.0012498185747230241,0.9088489687292087,0.001300346627951354,0.8036636918741191,Jun-22,2022-07-22,1,Low Risk
2090012,Regional School District 09,High Needs,Students With High Needs,0.00033981989545540866,0.724124360487997,0.0003305971713783483,0.7741184298070531,0.00032066036362491784,0.6796618130577743,Jun-22,2022-07-22,0,Medium Risk
2100012,Regional School District 10,Unknown,All Students,0.004193777298032043,0.9090909090909092,0.004360254156654679,0.8722554890219567,0.0042807174923179215,0.8003757632691411,Jun-22,2022-07-22,1,Low Risk
2100012,Regional School District 10,Students With Disabilities,Students With Disabilities,0.0004757478536375721,0.8516332152695787,0.00047170572013739936,0.8113772455089823,0.0004701707172169041,0.7275716298731805,Jun-22,2022-07-22,1,Low Risk
2100012,Regional School District 10,Free/Reduced Lunch,Free Meal Eligible,0.000435769042407524,0.8516332152695787,0.0004132464642229354,0.8003992015968064,0.00042295692134575055,0.7534053546265858,Jun-22,2022-07-22,1,Low Risk
2100012,Regional School District 10,Free/Reduced Lunch,Reduced Price Meal Eligible,6.996291965258413e-05,0.888626524990161,7.055427437952555e-05,0.8459747172322025,3.541034690336516e-05,0.8233912635039928,Jun-22,2022-07-22,1,Low Risk
2100012,Regional School District 10,Free/Reduced Lunch,Free/Reduced Price Meal Eligible,0.0005457107732901562,0.8583234946871308,0.0005241174668193326,0.8093812375249505,0.0004977120981417436,0.7632691404415217,Jun-22,2022-07-22,1,Low Risk
2100012,Regional School District 10,English Learners,English Learners,2.1988346176526444e-05,0.9712711530893348,2.822170975181022e-05,0.9308050565535599,2.9508622419470967e-05,0.815875998121184,Jun-22,2022-07-22,1,Low Risk
2100012,Regional School District 10,Race/Ethnicity,All other races,0.0009175137177296033,0.9130263675718218,0.0007660178361205631,0.8835662009314706,0.0007396828019814055,0.7999060591827147,Jun-22,2022-07-22,1,Low Risk
2100012,Regional School District 10,Race/Ethnicity,White,0.0029604309715850602,0.9098780007870917,0.0033180667322485445,0.8725881570192948,0.003289227779023697,0.8017848755284174,Jun-22,2022-07-22,1,Low Risk
2100012,Regional School District 10,High Needs,Students Without High Needs,0.0031763165522273196,0.9248327430145609,0.003336209259946137,0.8865602129075185,0.0033344743334002194,0.8130577736026305,Jun-22,2022-07-22,1,Low Risk
2100012,Regional School District 10,High Needs,Students With High Needs,0.0009494967667136419,0.8646202282565913,0.0009333322582205808,0.8213572854291424,0.0009068983290250744,0.7557538750587129,Jun-22,2022-07-22,1,Low Risk
2110012,Regional School District 11,Unknown,All Students,0.0003797987066854567,0.7682014954742229,0.00037091389959522,0.808715901530273,0.0003718086424853342,0.7656176608736498,Jun-22,2022-07-22,0,Medium Risk
2110012,Regional School District 11,Students With Disabilities,Students With Disabilities,3.7979870668545667e-05,0.6548602912239274,3.426921898434099e-05,0.7109115103127084,3.541034690336516e-05,0.6899953029591366,Jun-22,2022-07-22,0,Medium Risk
2110012,Regional School District 11,Free/Reduced Lunch,Free/Reduced Price Meal Eligible,0.0001599152449201923,0.7441951987406537,0.000126997693883146,0.7475049900199608,9.04931087530443e-05,0.6843588539220296,Jun-22,2022-07-22,0,Medium Risk
2110012,Regional School District 11,Race/Ethnicity,White,0.0003338230737709014,0.7713498622589534,0.0003144704800915996,0.829008649367931,0.00031475863914102363,0.7740723344293094,Jun-22,2022-07-22,0,Medium Risk
2110012,Regional School District 11,High Needs,Students Without High Needs,0.00013592795818216343,0.8197560015741829,0.00016126691286748698,0.8589487691284101,0.00019475690796850838,0.7966181305777367,Jun-22,2022-07-22,1,Low Risk
2110012,Regional School District 11,High Needs,Students With High Needs,0.00019789511558873798,0.7304210940574576,0.00016529858568917414,0.7608117099135066,0.00013770690462419784,0.7233442930953498,Jun-22,2022-07-22,0,Medium Risk
2120012,Regional School District 12,Unknown,All Students,0.0013952605119286778,0.8547815820543092,0.0013425470496218291,0.8366600133067204,0.0012551000735748319,0.7397839361202445,Jun-22,2022-07-22,1,Low Risk
2120012,Regional School District 12,Students With Disabilities,Students With Disabilities,0.00013992583930516828,0.8024399842581658,0.00015521940363495622,0.8093812375249505,0.00016131380255977464,0.7275716298731805,Jun-22,2022-07-22,0,Medium Risk
2120012,Regional School District 12,Free/Reduced Lunch,Free Meal Eligible,0.00019989405615024038,0.78236914600551,0.0001894886226192972,0.7129075182967402,0.00019869139095777117,0.6777829967120717,Jun-22,2022-07-22,0,Medium Risk
2120012,Regional School District 12,Free/Reduced Lunch,Reduced Price Meal Eligible,3.198304898403846e-05,0.8284140102321915,3.628505539518457e-05,0.8499667332002665,9.836207473156994e-06,0.7754814466885867,Jun-22,2022-07-22,1,Low Risk
2120012,Regional School District 12,Free/Reduced Lunch,Free/Reduced Price Meal Eligible,0.0002718559163643269,0.7933884297520661,0.00026609040623135354,0.7465069860279447,0.00024787242832355615,0.6951620479098173,Jun-22,2022-07-22,0,Medium Risk
2120012,Regional School District 12,Race/Ethnicity,Hispanic/Latino of any race,0.0001059438497596274,0.8016528925619832,8.668096566627424e-05,0.7052561543579512,5.901724483894194e-05,0.7228745890089243,Jun-22,2022-07-22,0,Medium Risk
2120012,Regional School District 12,Race/Ethnicity,White,0.0011693802284789062,0.8634395907123178,0.0011570900998242191,0.849301397205589,0.00109772075400432,0.742602160638798,Jun-22,2022-07-22,1,Low Risk
2120012,Regional School District 12,High Needs,Students Without High Needs,0.0009135158366065985,0.8795749704840614,0.0008567304746085246,0.8662674650698605,0.0008144379787773986,0.7599812118365437,Jun-22,2022-07-22,1,Low Risk
2120012,Regional School District 12,High Needs,Students With High Needs,0.0004137806962309976,0.8075560802833532,0.0004172781370446226,0.7761144377910849,0.00040131726490480517,0.700328792860498,Jun-22,2022-07-22,0,Medium Risk
2130012,Regional School District 13,Unknown,All Students,0.002648596243990685,0.8783943329397874,0.0028060442838942733,0.8975382568196943,0.0028544674087101585,0.7928604978863323,Jun-22,2022-07-22,1,Low Risk
2130012,Regional School District 13,Students With Disabilities,Students With Disabilities,0.0005257213676751321,0.8016528925619832,0.00048581657501330447,0.82934131736527,0.0004918103736578494,0.7472992015030533,Jun-22,2022-07-22,1,Low Risk
2130012,Regional School District 13,Free/Reduced Lunch,Free Meal Eligible,0.00028984638141784855,0.7434081070444707,0.0003104388072699124,0.7997338656021293,0.0002891844997108155,0.7463597933302015,Jun-22,2022-07-22,0,Medium Risk
2130012,Regional School District 13,Free/Reduced Lunch,Reduced Price Meal Eligible,5.996821684507211e-05,0.7929948839039747,7.458594720121273e-05,0.768463073852296,4.918103736578494e-05,0.697040864255519,Jun-22,2022-07-22,0,Medium Risk
2130012,Regional School District 13,Free/Reduced Lunch,Free/Reduced Price Meal Eligible,0.00038979340949296876,0.7552144824872093,0.00042534148268799686,0.7917498336660018,0.0003777103669692284,0.7360263034288401,Jun-22,2022-07-22,0,Medium Risk
2130012,Regional School District 13,Race/Ethnicity,Hispanic/Latino of any race,0.00015191948267418267,0.8083431719795358,0.00015118773081326903,0.8469727212242186,0.00015344483658124905,0.7707844058243314,Jun-22,2022-07-22,1,Low Risk
2130012,Regional School District 13,Race/Ethnicity,White,0.0023247678730272956,0.8819362455726094,0.002471415439694238,0.9011976047904193,0.002502331181171138,0.792390793799906,Jun-22,2022-07-22,1,Low Risk
2130012,Regional School District 13,High Needs,Students Without High Needs,0.0017890518025446512,0.9173553719008263,0.0019452821364640618,0.9298070525615438,0.0020203570149864456,0.8107092531705025,Jun-22,2022-07-22,1,Low Risk
2130012,Regional School District 13,High Needs,Students With High Needs,0.0007995762246009615,0.7953561589925227,0.0008143979099808093,0.8243512974051899,0.0007947655638310847,0.7482386096759042,Jun-22,2022-07-22,0,Medium Risk
2140012,Regional School District 14,Unknown,All Students,0.003074370583590697,0.9224714679260129,0.003080198035769001,0.9414504324683972,0.003041355350700141,0.7693752935650542,Jun-22,2022-07-22,1,Low Risk
2140012,Regional School District 14,Students With Disabilities,Students With Disabilities,0.0004617552697070553,0.8780007870916959,0.00041929397345546614,0.8995342648037261,0.00046230175123837845,0.7186472522310945,Jun-22,2022-07-22,1,Low Risk
2140012,Regional School District 14,Free/Reduced Lunch,Free Meal Eligible,0.000425774339600012,0.8374655647382916,0.00037091389959522,0.8662674650698605,0.00047410520020616686,0.6773132926256462,Jun-22,2022-07-22,1,Low Risk
2140012,Regional School District 14,Free/Reduced Lunch,Reduced Price Meal Eligible,0.00012593325537465144,0.8937426210153485,0.00010683932977471013,0.8968729208250172,9.83620747315699e-05,0.7515265382808831,Jun-22,2022-07-22,1,Low Risk
2140012,Regional School District 14,Free/Reduced Lunch,Free/Reduced Price Meal Eligible,0.0005916864062047115,0.8524203069657617,0.0005180699575868019,0.874251497005988,0.0006118121048303646,0.6928135274776892,Jun-22,2022-07-22,1,Low Risk
2140012,Regional School District 14,English Learners,English Learners,5.996821684507207e-06,0.8622589531680442,0.0006692576884000709,0.8356620093147042,0.0006767310741532008,0.7595115077501173,Jun-22,2022-07-22,1,Low Risk
2140012,Regional School District 14,Race/Ethnicity,Hispanic/Latino of any race,0.0002158855806422596,0.8968909878000786,0.00019150445903014078,0.8779108449767135,0.00014164138761346064,0.7416627524659463,Jun-22,2022-07-22,1,Low Risk
2140012,Regional School District 14,Race/Ethnicity,White,0.0026425994223061777,0.9252262888626523,0.0026729990807785966,0.9457751164337993,0.002706924296612803,0.7703147017379051,Jun-22,2022-07-22,1,Low Risk
2140012,Regional School District 14,High Needs,Students Without High Needs,0.0020209289076789302,0.948051948051948,0.00211864406779661,0.9627411842980709,0.002006586324524026,0.798027242837013,Jun-22,2022-07-22,1,Low Risk
2140012,Regional School District 14,High Needs,Students With High Needs,0.0009794808751361777,0.8748524203069654,0.0008930155300037091,0.8925482368596147,0.0009954241962834873,0.7116016909347112,Jun-22,2022-07-22,1,Low Risk
2150012,Regional School District 15,Unknown,All Students,0.00696031103515137,0.8437622983077526,0.006958667290232063,0.9447771124417832,0.007025019377328722,0.7942696101456086,Jun-22,2022-07-22,1,Low Risk
2150012,Regional School District 15,Students With Disabilities,Students With Disabilities,0.0012053611585859493,0.778827233372688,0.0011308842264832525,0.9011976047904193,0.0011941155872412586,0.7379051197745428,Jun-22,2022-07-22,1,Low Risk
2150012,Regional School District 15,Free/Reduced Lunch,Free Meal Eligible,0.0006216705146272476,0.7375049193231011,0.000717637762260317,0.8845642049234868,0.0006649276251854124,0.7158290277125419,Jun-22,2022-07-22,0,Medium Risk
2150012,Regional School District 15,Free/Reduced Lunch,Reduced Price Meal Eligible,0.00012193537425164663,0.7520661157024793,0.00015320356722411263,0.9234863606121095,0.00015934656106514323,0.6998590887740725,Jun-22,2022-07-22,1,Low Risk
2150012,Regional School District 15,Free/Reduced Lunch,Free/Reduced Price Meal Eligible,0.0007835847001089423,0.7402597402597402,0.0009111580577013013,0.8925482368596147,0.0008636190161431836,0.712541099107562,Jun-22,2022-07-22,0,Medium Risk
2150012,Regional School District 15,English Learners,English Learners,4.9973514037560094e-05,0.8236914600550964,5.442758309277685e-05,0.9238190286094481,4.5246554376522146e-05,0.7886331611085016,Jun-22,2022-07-22,1,Low Risk
2150012,Regional School District 15,Race/Ethnicity,All other races,0.0005577044166591706,0.8823297914207004,0.0005341966488735506,0.9687292082501666,0.000529187962055846,0.8435885392202911,Jun-22,2022-07-22,1,Low Risk
2150012,Regional School District 15,Race/Ethnicity,Black or African American,0.00013792689874366583,0.8831168831168825,0.00012095018465061523,0.9231536926147705,8.45913842691501e-05,0.8370126820103341,Jun-22,2022-07-22,1,Low Risk
2150012,Regional School District 15,Race/Ethnicity,Hispanic/Latino of any race,0.0005237224271136297,0.7985045257772532,0.0004172781370446226,0.9138389886892888,0.00038164484995849117,0.7909816815406296,Jun-22,2022-07-22,1,Low Risk
2150012,Regional School District 15,Race/Ethnicity,White,0.005621020858944759,0.8429752066115701,0.00576529213501266,0.9454424484364607,0.00591156069136735,0.7886331611085016,Jun-22,2022-07-22,1,Low Risk
2150012,Regional School District 15,High Needs,Students Without High Needs,0.005045325977232067,0.8654073199527748,0.00497306842555113,0.960079840319362,0.005114827886041634,0.813527477689056,Jun-22,2022-07-22,1,Low Risk
2150012,Regional School District 15,High Needs,Students With High Needs,0.0018190359109671872,0.7831562377016921,0.0018525536615652566,0.9081836327345316,0.0018708466613944594,0.7416627524659463,Jun-22,2022-07-22,1,Low Risk
2160012,Regional School District 16,Unknown,All Students,0.003827971175277103,0.9323101141282955,0.003983292747826928,0.9061876247504994,0.00396989333616616,0.8186942226397376,Jun-22,2022-07-22,1,Low Risk
2160012,Regional School District 16,Students With Disabilities,Students With Disabilities,0.0004717499725145673,0.8492719401810307,0.00047573739295908655,0.8233532934131738,0.0004583672682491157,0.7895725692813524,Jun-22,2022-07-22,1,Low Risk
2160012,Regional School District 16,Free/Reduced Lunch,Free Meal Eligible,0.0005337171299211418,0.8575364029909482,0.0006370043058265735,0.845642049234864,0.0006708293496693066,0.7472992015030533,Jun-22,2022-07-22,1,Low Risk
2160012,Regional School District 16,Free/Reduced Lunch,Reduced Price Meal Eligible,0.00018390253165822114,0.9098780007870917,0.00018545694979761002,0.8636061210911516,0.00013377242163493505,0.7919210897134805,Jun-22,2022-07-22,1,Low Risk
2160012,Regional School District 16,Free/Reduced Lunch,Free/Reduced Price Meal Eligible,0.000757598472809411,0.8724911452184179,0.0008627779838410553,0.850299401197605,0.0008439466011968696,0.7562235791451393,Jun-22,2022-07-22,1,Low Risk
2160012,Regional School District 16,English Learners,English Learners,4.5975632914555285e-05,0.8925619834710745,3.628505539518457e-05,0.9038589487691286,3.9344829892627954e-05,0.7576326914044156,Jun-22,2022-07-22,1,Low Risk
2160012,Regional School District 16,Race/Ethnicity,All other races,9.794808751361778e-05,0.9256198347107438,9.071263848796143e-05,0.8855622089155024,9.639483323693851e-05,0.8093001409112262,Jun-22,2022-07-22,1,Low Risk
2160012,Regional School District 16,Race/Ethnicity,Black or African American,0.00012193537425164663,0.9574970484061391,0.00013102936670483317,0.9311377245508985,0.0001081982822047269,0.855800845467356,Jun-22,2022-07-22,1,Low Risk
2160012,Regional School District 16,Race/Ethnicity,Hispanic/Latino of any race,0.0002778527380488341,0.9094844549390002,0.0002600428969988227,0.9145043246839659,0.0002163965644094538,0.7844058243306717,Jun-22,2022-07-22,1,Low Risk
2160012,Regional School District 16,Race/Ethnicity,White,0.0032102985417728604,0.9334907516725695,0.003380557660984696,0.9051896207584833,0.0034308691666371577,0.8201033348990139,Jun-22,2022-07-22,1,Low Risk
2160012,Regional School District 16,High Needs,Students Without High Needs,0.0026425994223061777,0.9551357733175916,0.0026548565530810043,0.9321357285429146,0.00273053119454838,0.8384217942696104,Jun-22,2022-07-22,1,Low Risk
2160012,Regional School District 16,High Needs,Students With High Needs,0.0011353982389333652,0.8795749704840614,0.0012437710654904933,0.8506320691949436,0.0012000173117251527,0.7740723344293094,Jun-22,2022-07-22,1,Low Risk
2170012,Regional School District 17,Unknown,All Students,0.003470160814768173,0.8913813459268005,0.003600283829766647,0.8666001330671995,0.0037259553908318673,0.8449976514795683,Jun-22,2022-07-22,1,Low Risk
2170012,Regional School District 17,Students With Disabilities,Students With Disabilities,0.0005057319620601082,0.8500590318772137,0.0005301649760518634,0.830006653359947,0.0005468931355075285,0.8276186002818227,Jun-22,2022-07-22,1,Low Risk
2170012,Regional School District 17,Free/Reduced Lunch,Free Meal Eligible,0.00028584850029484375,0.8142463597009049,0.00034470802625425343,0.78476380572189,0.0003698414009907028,0.7515265382808831,Jun-22,2022-07-22,0,Medium Risk
2170012,Regional School District 17,Free/Reduced Lunch,Reduced Price Meal Eligible,4.9973514037560094e-05,0.8988587170405351,8.264929284458708e-05,0.8589487691284101,5.5082761849679146e-05,0.8403006106153121,Jun-22,2022-07-22,1,Low Risk
2170012,Regional School District 17,Free/Reduced Lunch,Free/Reduced Price Meal Eligible,0.0003758008255624519,0.8327430145611965,0.0004676740473157122,0.8027278775781777,0.0004642689927330099,0.7684358853922024,Jun-22,2022-07-22,1,Low Risk
2170012,Regional School District 17,Race/Ethnicity,All other races,0.00013392901762066103,0.8591105863833133,0.000126997693883146,0.8529607451763144,0.00012590345565640946,0.8107092531705025,Jun-22,2022-07-22,1,Low Risk
2170012,Regional School District 17,Race/Ethnicity,White,0.0031063536325747357,0.8937426210153485,0.0032394491122256447,0.8679308050565537,0.0033915243367445298,0.8464067637388446,Jun-22,2022-07-22,1,Low Risk
2170012,Regional School District 17,High Needs,Students Without High Needs,0.0025606428592845794,0.9051554506099957,0.002604460642809915,0.8822355289421164,0.0027423346435161687,0.8586190699859086,Jun-22,2022-07-22,1,Low Risk
2170012,Regional School District 17,High Needs,Students With High Needs,0.000821564570777488,0.8504525777253047,0.0009192214033446757,0.8240186294078513,0.0009442759174230708,0.8074213245655244,Jun-22,2022-07-22,1,Low Risk
2180012,Regional School District 18,Unknown,All Students,0.002414720198294904,0.8768201495474219,0.002384734474027964,0.9071856287425155,0.0023646242765469404,0.7862846406763744,Jun-22,2022-07-22,1,Low Risk
2180012,Regional School District 18,Students With Disabilities,Students With Disabilities,0.0002678580352413221,0.8221172766627309,0.0002600428969988227,0.8689288090485698,0.0002714793262591329,0.7444809769844998,Jun-22,2022-07-22,1,Low Risk
2180012,Regional School District 18,Free/Reduced Lunch,Free Meal Eligible,0.00024187180794179084,0.7756788665879575,0.00033664468061087905,0.8453093812375254,0.0002891844997108155,0.7407233442930954,Jun-22,2022-07-22,0,Medium Risk
2180012,Regional School District 18,Free/Reduced Lunch,Reduced Price Meal Eligible,1.5991524492019223e-05,0.8354978354978355,5.241174668193327e-05,0.8825681969394545,5.114827886041634e-05,0.7440112728980743,Jun-22,2022-07-22,1,Low Risk
2180012,Regional School District 18,Free/Reduced Lunch,Free/Reduced Price Meal Eligible,0.00029784214366385814,0.7855175127902401,0.00042937315550968405,0.8526280771789758,0.0003796776084638598,0.7416627524659463,Jun-22,2022-07-22,1,Low Risk
2180012,Regional School District 18,English Learners,English Learners,1.199364336901442e-05,0.8595041322314048,1.0079182054217936e-05,0.9194943446440456,1.5737931957051186e-05,0.8478158759981218,Jun-22,2022-07-22,1,Low Risk
2180012,Regional School District 18,Race/Ethnicity,Hispanic/Latino of any race,0.00012193537425164663,0.8516332152695787,0.00010885516618555372,0.889886892880905,0.0006767310741532008,0.7595115077501173,Jun-22,2022-07-22,1,Low Risk
2180012,Regional School District 18,Race/Ethnicity,White,0.0020788981839624998,0.8756395120031479,0.002072279830347208,0.9068529607451765,0.0020557673618898107,0.7844058243306717,Jun-22,2022-07-22,1,Low Risk
2180012,Regional School District 18,High Needs,Students Without High Needs,0.0017510719318761055,0.8957103502558046,0.0016570175297134287,0.9238190286094481,0.0017075656173400533,0.7999060591827147,Jun-22,2022-07-22,1,Low Risk
2180012,Regional School District 18,High Needs,Students With High Needs,0.0005657001789051803,0.8209366391184569,0.0006511151607024786,0.8679308050565537,0.0006177138293142589,0.7496477219351814,Jun-22,2022-07-22,1,Low Risk
2190012,Regional School District 19,Unknown,All Students,0.0022068303798986537,0.8508461235733962,0.0021871825057652922,0.9387890884896879,0.002126588055696541,0.8219821512447156,Jun-22,2022-07-22,1,Low Risk
2190012,Regional School District 19,Students With Disabilities,Students With Disabilities,0.0003138336681558774,0.7426210153482882,0.00032253382573497395,0.8765801729873592,0.00029902070718397245,0.7984969469234384,Jun-22,2022-07-22,1,Low Risk
2190012,Regional School District 19,Free/Reduced Lunch,Free Meal Eligible,0.0004157796367925,0.6690279417552141,0.0004838007386024609,0.8632734530938126,0.0004268914043350133,0.7590418036636919,Jun-22,2022-07-22,0,Medium Risk
2190012,Regional School District 19,Free/Reduced Lunch,Reduced Price Meal Eligible,7.995762246009614e-05,0.7918142463597007,8.869680207711784e-05,0.9484364604125086,6.491896932283613e-05,0.8060122123062472,Jun-22,2022-07-22,1,Low Risk
2190012,Regional School District 19,Free/Reduced Lunch,Free/Reduced Price Meal Eligible,0.0005357160704826442,0.6942148760330578,0.0006128142688964505,0.8805721889554232,0.0005311552035504773,0.7679661813057779,Jun-22,2022-07-22,0,Medium Risk
2190012,Regional School District 19,Race/Ethnicity,All other races,0.00012993113649765624,0.9472648563557655,0.00024391620571207403,0.9624085163007323,0.0002891844997108155,0.8370126820103341,Jun-22,2022-07-22,1,Low Risk
2190012,Regional School District 19,Race/Ethnicity,Black or African American,5.996821684507211e-05,0.8020464384100747,0.0006692576884000709,0.8356620093147042,0.0006767310741532008,0.7595115077501173,Jun-22,2022-07-22,1,Low Risk
2190012,Regional School District 19,Race/Ethnicity,Hispanic/Latino of any race,0.00021388664008075721,0.7221566312475405,0.0006692576884000709,0.8356620093147042,0.0006767310741532008,0.7595115077501173,Jun-22,2022-07-22,0,Medium Risk
2190012,Regional School District 19,Race/Ethnicity,White,0.001683107952785024,0.8634395907123178,0.00164089083842668,0.9377910844976718,0.001558055263748067,0.8196336308125884,Jun-22,2022-07-22,1,Low Risk
2190012,Regional School District 19,High Needs,Students Without High Needs,0.0014092530958591946,0.9094844549390002,0.0013284361947459241,0.9710578842315374,0.001355429389801033,0.8440582433067174,Jun-22,2022-07-22,1,Low Risk
2190012,Regional School District 19,High Needs,Students With High Needs,0.0007356101266328846,0.7426210153482882,0.0008103662371591221,0.8868928809048575,0.00073181383600288,0.7815875998121182,Jun-22,2022-07-22,1,Low Risk
2310018,Goodwin University Educational Services (GUES),Unknown,All Students,0.0018250327326516946,0.6556473829201104,0.0006692576884000709,0.8356620093147042,0.0006767310741532008,0.7595115077501173,Jun-22,2022-07-22,0,Medium Risk
2310018,Goodwin University Educational Services (GUES),Students With Disabilities,Students With Disabilities,0.0002758537974873317,0.5352223534041718,0.0006692576884000709,0.8356620093147042,0.0006767310741532008,0.7595115077501173,Jun-22,2022-07-22,0,Medium Risk
2310018,Goodwin University Educational Services (GUES),Free/Reduced Lunch,Free Meal Eligible,0.0010274554486122355,0.5828414010232192,0.0006692576884000709,0.8356620093147042,0.0006767310741532008,0.7595115077501173,Jun-22,2022-07-22,0,Medium Risk
2310018,Goodwin University Educational Services (GUES),Free/Reduced Lunch,Reduced Price Meal Eligible,0.000217884521203762,0.7213695395513575,0.0006692576884000709,0.8356620093147042,0.0006767310741532008,0.7595115077501173,Jun-22,2022-07-22,0,Medium Risk
2310018,Goodwin University Educational Services (GUES),Free/Reduced Lunch,Free/Reduced Price Meal Eligible,0.0012853187810460455,0.609602518693428,0.0006692576884000709,0.8356620093147042,0.0006767310741532008,0.7595115077501173,Jun-22,2022-07-22,0,Medium Risk
2310018,Goodwin University Educational Services (GUES),English Learners,English Learners,0.00023787392681878604,0.5730027548209367,0.0006692576884000709,0.8356620093147042,0.0006767310741532008,0.7595115077501173,Jun-22,2022-07-22,0,Medium Risk
2310018,Goodwin University Educational Services (GUES),Race/Ethnicity,All other races,0.00011593855256713941,0.7615112160566708,0.0006692576884000709,0.8356620093147042,0.0006767310741532008,0.7595115077501173,Jun-22,2022-07-22,0,Medium Risk
2310018,Goodwin University Educational Services (GUES),Race/Ethnicity,Black or African American,0.00048774149700658647,0.6824085005903187,0.0006692576884000709,0.8356620093147042,0.0006767310741532008,0.7595115077501173,Jun-22,2022-07-22,0,Medium Risk
2310018,Goodwin University Educational Services (GUES),Race/Ethnicity,Hispanic/Latino of any race,0.0008795338470610576,0.5938606847697758,0.0006692576884000709,0.8356620093147042,0.0006767310741532008,0.7595115077501173,Jun-22,2022-07-22,0,Medium Risk
2310018,Goodwin University Educational Services (GUES),Race/Ethnicity,White,0.0002218824023267668,0.7599370326643053,0.0006692576884000709,0.8356620093147042,0.0006767310741532008,0.7595115077501173,Jun-22,2022-07-22,0,Medium Risk
2310018,Goodwin University Educational Services (GUES),High Needs,Students Without High Needs,0.0004237753990385096,0.7697756788665879,0.0006692576884000709,0.8356620093147042,0.0006767310741532008,0.7595115077501173,Jun-22,2022-07-22,0,Medium Risk
2310018,Goodwin University Educational Services (GUES),High Needs,Students With High Needs,0.001357280641260132,0.6182605273514366,0.0006692576884000709,0.8356620093147042,0.0006767310741532008,0.7595115077501173,Jun-22,2022-07-22,0,Medium Risk
2410014,Capitol Region Education Council,Unknown,All Students,0.019255794428952654,0.6926406926406927,0.015624748020448642,0.7332002661343981,0.014923493978273783,0.6735556599342418,Jun-22,2022-07-22,0,Medium Risk
2410014,Capitol Region Education Council,Homelessness,Students Experiencing Homelessness,6.196715740657451e-05,0.2365210547028731,4.63642374494025e-05,0.3483033932135733,8.06569012798873e-05,0.4246124941286995,Jun-22,2022-07-22,2,High Risk
2410014,Capitol Region Education Council,Students With Disabilities,Students With Disabilities,0.003919922441106214,0.6241637150728057,0.003058023835249722,0.6570192947438458,0.0029862725888504618,0.5819633630812584,Jun-22,2022-07-22,2,High Risk
2410014,Capitol Region Education Council,Free/Reduced Lunch,Free Meal Eligible,0.010850249367835048,0.6115702479338845,0.008522956345046686,0.6383898868928815,0.008136510821795461,0.6153123532174734,Jun-22,2022-07-22,2,High Risk
2410014,Capitol Region Education Council,Free/Reduced Lunch,Reduced Price Meal Eligible,0.0019829490370103847,0.7689885871704054,0.00171950845844958,0.7811044577511645,0.0012846086959943028,0.733677782996712,Jun-22,2022-07-22,0,Medium Risk
2410014,Capitol Region Education Council,Free/Reduced Lunch,Free/Reduced Price Meal Eligible,0.01287317721607548,0.6355765446674537,0.010282781531713138,0.663007318695942,0.009460464347682392,0.6317519962423672,Jun-22,2022-07-22,0,Medium Risk
2410014,Capitol Region Education Council,English Learners,English Learners,0.0015831609247099036,0.6591892955529319,0.0013062619942266446,0.6457085828343319,0.0012196897266714666,0.6557069046500708,Jun-22,2022-07-22,0,Medium Risk
2410014,Capitol Region Education Council,Race/Ethnicity,All other races,0.0019149850579193025,0.7682014954742229,0.0015985582737989648,0.8589487691284101,0.0015108414678769136,0.7200563644903717,Jun-22,2022-07-22,0,Medium Risk
2410014,Capitol Region Education Council,Race/Ethnicity,Black or African American,0.006304658530978582,0.7131050767414404,0.004757373929590866,0.7005988023952097,0.004445965777866959,0.6852982620948804,Jun-22,2022-07-22,0,Medium Risk
2410014,Capitol Region Education Council,Race/Ethnicity,Hispanic/Latino of any race,0.008101706095769242,0.6245572609208971,0.006363995549033205,0.6703260146373924,0.00578368999421631,0.6232973226867076,Jun-22,2022-07-22,0,Medium Risk
2410014,Capitol Region Education Council,Race/Ethnicity,White,0.0028145083105953848,0.78236914600551,0.002783870083374994,0.8592814371257491,0.003064962248635718,0.7271019257867541,Jun-22,2022-07-22,1,Low Risk
2410014,Capitol Region Education Council,High Needs,Students Without High Needs,0.005111291015761647,0.8229043683589139,0.004227208953539003,0.8832335329341321,0.004361374393597809,0.7632691404415217,Jun-22,2022-07-22,1,Low Risk
2410014,Capitol Region Education Council,High Needs,Students With High Needs,0.014076539434099927,0.6446280991735538,0.011355206502281926,0.6769793745841652,0.010522774754783346,0.6359793330201979,Jun-22,2022-07-22,0,Medium Risk
2420014,EdAdvance,Unknown,All Students,0.00020988875895775242,0.24911452184179428,0.00012095018465061523,0.2817697937458421,0.00014360862910809205,0.38750587130108016,Jun-22,2022-07-22,2,High Risk
2420014,EdAdvance,Students With Disabilities,Students With Disabilities,0.00015791630435868991,0.23337268791814259,0.0006692576884000709,0.8356620093147042,0.0006767310741532008,0.7595115077501173,Jun-22,2022-07-22,2,High Risk
2420014,EdAdvance,Free/Reduced Lunch,Free Meal Eligible,0.000103944909198125,0.03109012199921324,0.0006692576884000709,0.8356620093147042,0.0006767310741532008,0.7595115077501173,Jun-22,2022-07-22,2,High Risk
2420014,EdAdvance,Free/Reduced Lunch,Free/Reduced Price Meal Eligible,0.00011593855256713941,0.040141676505313306,3.628505539518457e-05,0.0,3.737758839799656e-05,0.15265382808830452,Jun-22,2022-07-22,2,High Risk
2420014,EdAdvance,Race/Ethnicity,Hispanic/Latino of any race,1.3992583930516825e-05,0.07162534435261758,0.0006692576884000709,0.8356620093147042,9.836207473156994e-06,0.0,Jun-22,2022-07-22,2,High Risk
2420014,EdAdvance,Race/Ethnicity,White,0.00011393961200563701,0.26524990161353834,6.0475092325307616e-05,0.3802395209580842,7.082069380673033e-05,0.5504931892907479,Jun-22,2022-07-22,2,High Risk
2430014,Cooperative Educational Services,Unknown,All Students,0.0013312944139606008,0.7288469106650926,0.001318357012691706,0.732202262142382,0.0013023138694459853,0.6744950681070927,Jun-22,2022-07-22,0,Medium Risk
2430014,Cooperative Educational Services,Students With Disabilities,Students With Disabilities,0.0006056789901352284,0.6056670602125145,0.0006188617781289812,0.6297405189620764,0.0006393534857552042,0.5636449037106619,Jun-22,2022-07-22,2,High Risk
2430014,Cooperative Educational Services,Free/Reduced Lunch,Free Meal Eligible,0.00029784214366385814,0.5753640299094847,0.0004213098098663097,0.6274118429807061,0.0004485310607759587,0.5598872710192575,Jun-22,2022-07-22,2,High Risk
2430014,Cooperative Educational Services,Free/Reduced Lunch,Reduced Price Meal Eligible,0.00012393431481314904,0.7827626918536006,7.055427437952555e-05,0.7371922821024621,9.04931087530443e-05,0.7162987317989664,Jun-22,2022-07-22,0,Medium Risk
2430014,Cooperative Educational Services,Free/Reduced Lunch,Free/Reduced Price Meal Eligible,0.0004617552697070553,0.6442345533254623,0.000532180812462707,0.6493679308050568,0.0005783689994216309,0.5937059652418979,Jun-22,2022-07-22,0,Medium Risk
2430014,Cooperative Educational Services,English Learners,English Learners,3.198304898403846e-05,0.8079496261314443,3.02375461626538e-05,0.7854291417165675,3.541034690336516e-05,0.6721465476749646,Jun-22,2022-07-22,0,Medium Risk
2430014,Cooperative Educational Services,Race/Ethnicity,All other races,0.00011793749312864181,0.6930342384887838,9.071263848796143e-05,0.7538256819693951,0.0001003293162262013,0.7679661813057779,Jun-22,2022-07-22,0,Medium Risk
2430014,Cooperative Educational Services,Race/Ethnicity,Black or African American,0.00025986227299531247,0.7465564738292008,0.0002600428969988227,0.7415169660678647,0.0002714793262591329,0.7054955378111796,Jun-22,2022-07-22,0,Medium Risk
2430014,Cooperative Educational Services,Race/Ethnicity,Hispanic/Latino of any race,0.0004657531508300601,0.7095631641086184,0.00045356319243980707,0.7411842980705257,0.00042492416284038194,0.6697980272428374,Jun-22,2022-07-22,0,Medium Risk
2430014,Cooperative Educational Services,Race/Ethnicity,White,0.0003678050633164423,0.7532467532467528,0.00039308810011449947,0.7089155023286762,0.0003875465744423854,0.6265852512916865,Jun-22,2022-07-22,0,Medium Risk
2430014,Cooperative Educational Services,High Needs,Students Without High Needs,0.0004237753990385096,0.8488783943329397,0.00036486639036268926,0.8725881570192948,0.0003009879486786039,0.8309065288868016,Jun-22,2022-07-22,1,Low Risk
2430014,Cooperative Educational Services,High Needs,Students With High Needs,0.0008555465603230287,0.6650924832743015,0.0009030947120579271,0.6706586826347309,0.0009619810908747536,0.620479098168154,Jun-22,2022-07-22,0,Medium Risk
2440014,Area Cooperative Educational Services,Unknown,All Students,0.00347615763645268,0.5304998032270758,0.0036123788482317083,0.37059214903526305,0.003521362275390202,0.6317519962423672,Jun-22,2022-07-22,2,High Risk
2440014,Area Cooperative Educational Services,Students With Disabilities,Students With Disabilities,0.0014552287287737497,0.3671782762691853,0.001499782289667629,0.21922821024617445,0.0014951035359198623,0.4687646782527013,Jun-22,2022-07-22,2,High Risk
2440014,Area Cooperative Educational Services,Free/Reduced Lunch,Free Meal Eligible,0.0017850539214216464,0.39551357733175907,0.0018807753713170668,0.24351297405189642,0.001859043212426671,0.5819633630812584,Jun-22,2022-07-22,2,High Risk
2440014,Area Cooperative Educational Services,Free/Reduced Lunch,Reduced Price Meal Eligible,0.00023787392681878604,0.6284927194018102,0.00019553613185182796,0.4870259481037924,0.00022229828889334794,0.7956787224048858,Jun-22,2022-07-22,2,High Risk
2440014,Area Cooperative Educational Services,Free/Reduced Lunch,Free/Reduced Price Meal Eligible,0.0020629066594704806,0.4266036993309723,0.0021166282313857666,0.2704590818363277,0.002120686331212647,0.60826679192109,Jun-22,2022-07-22,2,High Risk
2440014,Area Cooperative Educational Services,English Learners,English Learners,0.0001659120666046995,0.500196772924046,0.0002398845328903869,0.3389886892880911,0.00020262587394703397,0.6599342414279006,Jun-22,2022-07-22,2,High Risk
2440014,Area Cooperative Educational Services,Race/Ethnicity,All other races,0.0002538654513108053,0.5206611570247932,0.0002963279523940073,0.4524284763805726,0.00026361036028060733,0.6763738844527953,Jun-22,2022-07-22,2,High Risk
2440014,Area Cooperative Educational Services,Race/Ethnicity,Black or African American,0.0011473918823023796,0.5131837859110586,0.001088551661855537,0.357950765136394,0.0010996879954989515,0.5767966181305777,Jun-22,2022-07-22,2,High Risk
2440014,Area Cooperative Educational Services,Race/Ethnicity,Hispanic/Latino of any race,0.0011353982389333652,0.4718614718614722,0.0013324678675676112,0.32035928143712633,0.0012432966246070435,0.6369187411930488,Jun-22,2022-07-22,2,High Risk
2440014,Area Cooperative Educational Services,Race/Ethnicity,White,0.0008195656302159856,0.6367571822117277,0.0007740811817639375,0.439787092481704,0.000796732805325716,0.6810709253170506,Jun-22,2022-07-22,2,High Risk
2440014,Area Cooperative Educational Services,High Needs,Students Without High Needs,0.0008335582141465024,0.7312081857536401,0.0008143979099808093,0.6350632069194946,0.0006373862442605728,0.785814936589948,Jun-22,2022-07-22,0,Medium Risk
2440014,Area Cooperative Educational Services,High Needs,Students With High Needs,0.002588628027145613,0.46399055489964613,0.002739521682336435,0.28742514970059885,0.0028446312012370013,0.5951150775011742,Jun-22,2022-07-22,2,High Risk
2450014,Learn,Unknown,All Students,0.0019089882362347955,0.7607241243604879,0.004027641148865487,0.6846307385229546,0.0038833347104023797,0.7313292625645849,Jun-22,2022-07-22,0,Medium Risk
2450014,Learn,Students With Disabilities,Students With Disabilities,0.00033981989545540866,0.7068083431719798,0.0006753051976326016,0.5495675316034601,0.000692469006110252,0.660403945514326,Jun-22,2022-07-22,2,High Risk
2450014,Learn,Free/Reduced Lunch,Free Meal Eligible,0.0008435529169540144,0.6639118457300275,0.0020863906852231127,0.5548902195608787,0.0020498656374059163,0.672616251761391,Jun-22,2022-07-22,2,High Risk
2450014,Learn,Free/Reduced Lunch,Reduced Price Meal Eligible,0.00012393431481314904,0.7563951200314833,0.000473721556548243,0.7165668662674656,0.00032656208810881204,0.7989666510098639,Jun-22,2022-07-22,0,Medium Risk
2450014,Learn,Free/Reduced Lunch,Free/Reduced Price Meal Eligible,0.0010074660429972113,0.6784730421094061,0.0026004289699882274,0.5868263473053892,0.0024157725554073564,0.6914044152184129,Jun-22,2022-07-22,2,High Risk
2450014,Learn,English Learners,English Learners,0.00012593325537465144,0.6804407713498621,0.0003850247544711252,0.5079840319361284,0.00045049830227059015,0.6946923438233918,Jun-22,2022-07-22,2,High Risk
2450014,Learn,Race/Ethnicity,All other races,0.0002698569758028245,0.7465564738292008,0.0004313889919205277,0.7757817697937464,0.00041312071387259353,0.76139032409582,Jun-22,2022-07-22,0,Medium Risk
2450014,Learn,Race/Ethnicity,Black or African American,0.00015591736379718746,0.7575757575757573,0.0006712735248109145,0.5834996673320032,0.0005960741728733135,0.7609206200093945,Jun-22,2022-07-22,0,Medium Risk
2450014,Learn,Race/Ethnicity,Hispanic/Latino of any race,0.0006256683957502524,0.7209759937032665,0.001650970020480898,0.6024617431803065,0.0015737931957051183,0.6712071395021137,Jun-22,2022-07-22,0,Medium Risk
2450014,Learn,Race/Ethnicity,White,0.000737609067194387,0.8012593467138918,0.001153058427002532,0.8263473053892216,0.0011823121382734702,0.7848755284170972,Jun-22,2022-07-22,1,Low Risk
2450014,Learn,High Needs,Students Without High Needs,0.0007036270776488461,0.8661944116489568,0.001167169281878437,0.8752495009980041,0.0011882138627573643,0.807891028651949,Jun-22,2022-07-22,1,Low Risk
2450014,Learn,High Needs,Students With High Needs,0.0011633834067943988,0.6953955135773318,0.002818139302359335,0.6037924151696612,0.002655776017752387,0.6965711601690936,Jun-22,2022-07-22,0,Medium Risk
2530014,Eastern Connecticut Regional Educational Service Center (EASTCONN),Unknown,All Students,0.0007316122455098798,0.44116489571035045,0.0008224612556241835,0.39920159680638756,0.0009187017779928627,0.5688116486613435,Jun-22,2022-07-22,2,High Risk
2530014,Eastern Connecticut Regional Educational Service Center (EASTCONN),Students With Disabilities,Students With Disabilities,0.0002778527380488341,0.4576938213301851,0.00034470802625425343,0.4903526280771793,0.0003698414009907028,0.5725692813527488,Jun-22,2022-07-22,2,High Risk
2530014,Eastern Connecticut Regional Educational Service Center (EASTCONN),Free/Reduced Lunch,Free/Reduced Price Meal Eligible,0.0002698569758028245,0.32900432900432897,0.0004233256462771533,0.29607451763140435,0.0004583672682491157,0.49271958666040483,Jun-22,2022-07-22,2,High Risk
2530014,Eastern Connecticut Regional Educational Service Center (EASTCONN),Race/Ethnicity,Hispanic/Latino of any race,9.994702807512017e-05,0.39748130657221603,0.00013304520311567674,0.27744510978043957,0.00016721552704366882,0.47346171911695656,Jun-22,2022-07-22,2,High Risk
2530014,Eastern Connecticut Regional Educational Service Center (EASTCONN),Race/Ethnicity,White,0.0005057319620601082,0.46989374262101524,0.0005422599945169249,0.45043246839654083,0.0006019758973572077,0.6106153123532172,Jun-22,2022-07-22,2,High Risk
2530014,Eastern Connecticut Regional Educational Service Center (EASTCONN),High Needs,Students Without High Needs,0.0002678580352413221,0.49586776859504145,0.00019755196826267153,0.5049900199600801,0.00024197070383966194,0.6599342414279006,Jun-22,2022-07-22,2,High Risk
2530014,Eastern Connecticut Regional Educational Service Center (EASTCONN),High Needs,Students With High Needs,0.0004197775179155048,0.4136166863439592,0.0005825767227337967,0.357950765136394,0.0006373862442605728,0.5307656176608742,Jun-22,2022-07-22,2,High Risk
2610013,Jumoke Academy District,Unknown,All Students,0.0011513897634253844,0.7615112160566708,0.0012478027383121806,0.8243512974051899,0.0011901811042519957,0.7186472522310945,Jun-22,2022-07-22,0,Medium Risk
2610013,Jumoke Academy District,Students With Disabilities,Students With Disabilities,4.9973514037560094e-05,0.7508854781582053,5.442758309277685e-05,0.8599467731204262,3.737758839799656e-05,0.7557538750587129,Jun-22,2022-07-22,0,Medium Risk
2610013,Jumoke Academy District,Free/Reduced Lunch,Free/Reduced Price Meal Eligible,0.00017590676941221155,0.8134592680047223,0.00028020126110725864,0.8868928809048575,0.00039935002341017373,0.7651479567872244,Jun-22,2022-07-22,1,Low Risk
2610013,Jumoke Academy District,Race/Ethnicity,Black or African American,0.001075430022088293,0.7682014954742229,0.00116313760905675,0.8303393213572856,0.0011154259274560026,0.7233442930953498,Jun-22,2022-07-22,0,Medium Risk
2610013,Jumoke Academy District,Race/Ethnicity,Hispanic/Latino of any race,1.199364336901442e-05,0.6930342384887838,2.2174200519279452e-05,0.7717897538256824,1.1803448967788391e-05,0.7097228745890085,Jun-22,2022-07-22,0,Medium Risk
2610013,Jumoke Academy District,High Needs,Students Without High Needs,0.000841553976392512,0.7508854781582053,0.0008285087648567144,0.7990685296074522,0.0007003379720887775,0.6890558947862848,Jun-22,2022-07-22,0,Medium Risk
2610013,Jumoke Academy District,High Needs,Students With High Needs,0.0002558643918723077,0.8012593467138918,0.00035478720830847135,0.8779108449767135,0.00045049830227059015,0.7627994363550963,Jun-22,2022-07-22,1,Low Risk
2630013,Odyssey Community School District,Unknown,All Students,0.0005876885250817067,0.8661944116489568,0.0006047509232530761,0.9038589487691286,0.0005941069313786821,0.776890558947863,Jun-22,2022-07-22,1,Low Risk
2630013,Odyssey Community School District,Students With Disabilities,Students With Disabilities,1.199364336901442e-05,0.781188508461236,1.6126691286748698e-05,0.7831004657351968,1.5737931957051186e-05,0.8003757632691411,Jun-22,2022-07-22,0,Medium Risk
2630013,Odyssey Community School District,Free/Reduced Lunch,Free Meal Eligible,0.00017590676941221155,0.8968909878000786,0.00016126691286748698,0.8795741849634071,0.00017705173451682582,0.8139971817754823,Jun-22,2022-07-22,1,Low Risk
2630013,Odyssey Community School District,Free/Reduced Lunch,Reduced Price Meal Eligible,1.7990465053521628e-05,0.942148760330578,1.411085487590511e-05,0.8013972055888225,1.3770690462419788e-05,0.776890558947863,Jun-22,2022-07-22,1,Low Risk
2630013,Odyssey Community School District,Free/Reduced Lunch,Free/Reduced Price Meal Eligible,0.00023387604569578125,0.9067296340023612,0.00021569449596026382,0.8629407850964741,0.00023016725487187353,0.8064819163926726,Jun-22,2022-07-22,1,Low Risk
2630013,Odyssey Community School District,English Learners,English Learners,3.598093010704327e-05,0.8126721763085398,3.426921898434099e-05,0.9031936127744515,5.3115520355047736e-05,0.8093001409112262,Jun-22,2022-07-22,1,Low Risk
2630013,Odyssey Community School District,Race/Ethnicity,All other races,0.00012993113649765624,0.7646595828414009,0.00011691851182892804,0.9397870924817036,0.00011016552369935828,0.6979802724283699,Jun-22,2022-07-22,1,Low Risk
2630013,Odyssey Community School District,Race/Ethnicity,Black or African American,9.994702807512017e-05,0.9645808736717827,0.00010280765695302294,0.9018629407850969,0.00010229655772083269,0.8806951620479095,Jun-22,2022-07-22,1,Low Risk
2630013,Odyssey Community School District,Race/Ethnicity,Hispanic/Latino of any race,8.595444414460336e-05,0.8331365604092875,0.00010482349336386653,0.8466400532268796,8.852586725841292e-05,0.7684358853922024,Jun-22,2022-07-22,1,Low Risk
2630013,Odyssey Community School District,Race/Ethnicity,White,0.00015191948267418267,0.9090909090909092,0.00015925107645664338,0.9174983366600138,0.0001750844930221944,0.7693752935650542,Jun-22,2022-07-22,1,Low Risk
2630013,Odyssey Community School District,High Needs,Students Without High Needs,0.0002678580352413221,0.8732782369146004,0.0002963279523940073,0.9377910844976718,0.0002577086357967131,0.758102395490841,Jun-22,2022-07-22,1,Low Risk
2630013,Odyssey Community School District,High Needs,Students With High Needs,0.0002778527380488341,0.8685556867375048,0.0002681062426421971,0.8666001330671995,0.00029705346568934107,0.7933302019727568,Jun-22,2022-07-22,1,Low Risk
2640013,Integrated Day Charter School District,Unknown,All Students,0.0005936853467662139,0.8614718614718613,0.0005987034140205454,0.8832335329341321,0.0005862379654001565,0.8130577736026305,Jun-22,2022-07-22,1,Low Risk
2640013,Integrated Day Charter School District,Students With Disabilities,Students With Disabilities,1.7990465053521628e-05,0.8547815820543092,1.8142527697592285e-05,0.8858948769128414,1.3770690462419788e-05,0.8248003757632691,Jun-22,2022-07-22,1,Low Risk
2640013,Integrated Day Charter School District,Free/Reduced Lunch,Free Meal Eligible,0.00023987286738028844,0.8315623770169225,0.00019553613185182796,0.8519627411842987,0.0001888551834846142,0.8050728041333963,Jun-22,2022-07-22,1,Low Risk
2640013,Integrated Day Charter School District,Free/Reduced Lunch,Reduced Price Meal Eligible,2.798516786103365e-05,0.8453364817001181,1.6126691286748698e-05,0.8812375249501003,3.1475863914102365e-05,0.7576326914044156,Jun-22,2022-07-22,1,Low Risk
2640013,Integrated Day Charter School District,Free/Reduced Lunch,Free/Reduced Price Meal Eligible,0.0003078368464713702,0.8343171979535615,0.00025197955135544843,0.8576180971390555,0.0002596758772913445,0.7937999060591832,Jun-22,2022-07-22,1,Low Risk
2640013,Integrated Day Charter School District,English Learners,English Learners,3.997881123004802e-06,0.8941361668634391,1.0079182054217936e-05,0.8942115768463079,1.7705173451682583e-05,0.8633161108501648,Jun-22,2022-07-22,1,Low Risk
2640013,Integrated Day Charter School District,Race/Ethnicity,All other races,0.00011993643369014423,0.9146005509641872,0.00012296602106145883,0.8982035928143715,0.0001081982822047269,0.8309065288868016,Jun-22,2022-07-22,1,Low Risk
2640013,Integrated Day Charter School District,Race/Ethnicity,Black or African American,3.7979870668545667e-05,0.8783943329397874,2.822170975181022e-05,0.8532934131736529,2.754138092483957e-05,0.8060122123062472,Jun-22,2022-07-22,1,Low Risk
2640013,Integrated Day Charter School District,Race/Ethnicity,Hispanic/Latino of any race,8.195656302159855e-05,0.8016528925619832,7.257011079036914e-05,0.8226879574184967,7.082069380673033e-05,0.7717238139971823,Jun-22,2022-07-22,1,Low Risk
2640013,Integrated Day Charter School District,Race/Ethnicity,White,0.00023387604569578125,0.8512396694214877,0.000253995387766292,0.9051896207584833,0.0002616431187859759,0.8210427430718648,Jun-22,2022-07-22,1,Low Risk
2640013,Integrated Day Charter School District,High Needs,Students Without High Needs,0.0002218824023267668,0.887052341597796,0.0002640745698205099,0.8998669328010651,0.00024787242832355615,0.8215124471582902,Jun-22,2022-07-22,1,Low Risk
2640013,Integrated Day Charter School District,High Needs,Students With High Needs,0.000331824133209399,0.8433687524596616,0.00029431211598316374,0.8682634730538927,0.00029902070718397245,0.8055425082198218,Jun-22,2022-07-22,1,Low Risk
2650013,Interdistrict School for Arts and Comm District,Unknown,All Students,0.0005037330214986058,0.833530106257379,0.0005160541211759583,0.9015302727877583,0.0004937776151524808,0.7707844058243314,Jun-22,2022-07-22,1,Low Risk
2650013,Interdistrict School for Arts and Comm District,Students With Disabilities,Students With Disabilities,5.996821684507211e-05,0.7441951987406537,6.652260155783838e-05,0.8958749168330011,5.5082761849679146e-05,0.7139502113668392,Jun-22,2022-07-22,0,Medium Risk
2650013,Interdistrict School for Arts and Comm District,Free/Reduced Lunch,Free Meal Eligible,0.00028384955973334135,0.7748917748917745,0.00030842297085906885,0.874916833000666,0.00029115174120544686,0.749178017848755,Jun-22,2022-07-22,1,Low Risk
2650013,Interdistrict School for Arts and Comm District,Free/Reduced Lunch,Reduced Price Meal Eligible,1.9989405615024032e-05,0.8953168044077131,1.2095018465061523e-05,0.8925482368596147,1.9672414946313974e-06,0.7839361202442463,Jun-22,2022-07-22,1,Low Risk
2650013,Interdistrict School for Arts and Comm District,Free/Reduced Lunch,Free/Reduced Price Meal Eligible,0.00034381777657841345,0.7933884297520661,0.0003608347175410021,0.8772455089820363,0.00033246381259270625,0.7529356505401594,Jun-22,2022-07-22,1,Low Risk
2650013,Interdistrict School for Arts and Comm District,English Learners,English Learners,7.196186021408652e-05,0.8236914600550964,6.853843796868196e-05,0.8968729208250172,6.295172782820474e-05,0.7703147017379051,Jun-22,2022-07-22,1,Low Risk
2650013,Interdistrict School for Arts and Comm District,Race/Ethnicity,Black or African American,4.3976692353052873e-05,0.9236521054702869,5.8459255914464035e-05,0.8992015968063876,0.0006767310741532008,0.7595115077501173,Jun-22,2022-07-22,1,Low Risk
2650013,Interdistrict School for Arts and Comm District,Race/Ethnicity,Hispanic/Latino of any race,0.0003198304898403846,0.8260527351436444,0.00030842297085906885,0.89853626081171,0.00029115174120544686,0.7787693752935656,Jun-22,2022-07-22,1,Low Risk
2650013,Interdistrict School for Arts and Comm District,High Needs,Students Without High Needs,9.195126582911056e-05,0.9303423848878389,8.466512925543065e-05,0.9640718562874255,9.246035024767572e-05,0.8125880695162051,Jun-22,2022-07-22,1,Low Risk
2650013,Interdistrict School for Arts and Comm District,High Needs,Students With High Needs,0.00037180294443944713,0.8028335301062572,0.00039107226370365593,0.8832335329341321,0.0003619724350121772,0.7566932832315638,Jun-22,2022-07-22,1,Low Risk
2680013,Common Ground High School District,Unknown,All Students,0.0003817976472469591,0.46005509641873266,0.0004273573190988405,0.3233532934131742,0.00038361209145312255,0.7017379051197752,Jun-22,2022-07-22,2,High Risk
2680013,Common Ground High School District,Students With Disabilities,Students With Disabilities,6.396609796807692e-05,0.3608815426997247,7.055427437952555e-05,0.20492348636061264,6.491896932283613e-05,0.721465476749648,Jun-22,2022-07-22,2,High Risk
2680013,Common Ground High School District,Free/Reduced Lunch,Free Meal Eligible,0.00020389193727324517,0.31955922865013786,0.00024190036930123044,0.19760479041916224,0.00022229828889334794,0.6824800375763269,Jun-22,2022-07-22,2,High Risk
2680013,Common Ground High School District,Free/Reduced Lunch,Free/Reduced Price Meal Eligible,0.00023187710513427885,0.32506887052341593,0.00026609040623135354,0.19461077844311436,0.00024000346234503056,0.6796618130577743,Jun-22,2022-07-22,2,High Risk
2680013,Common Ground High School District,Race/Ethnicity,Black or African American,9.794808751361778e-05,0.4675324675324677,0.00011087100259639729,0.30705256154357974,0.00012000173117251528,0.6838891498356032,Jun-22,2022-07-22,2,High Risk
2680013,Common Ground High School District,Race/Ethnicity,Hispanic/Latino of any race,0.00013592795818216343,0.34868162140889414,0.00015521940363495622,0.16200931470392588,0.00013180518014030366,0.7153593236261155,Jun-22,2022-07-22,2,High Risk
2680013,Common Ground High School District,High Needs,Students Without High Needs,7.396080077558894e-05,0.6953955135773318,8.063345643374349e-05,0.6230871590153031,6.491896932283613e-05,0.7496477219351814,Jun-22,2022-07-22,0,Medium Risk
2680013,Common Ground High School District,High Needs,Students With High Needs,0.0002678580352413221,0.3738685556867374,0.0003064071344482252,0.21889554224883634,0.0002793482922376585,0.6862376702677313,Jun-22,2022-07-22,2,High Risk
2690013,The Bridge Academy District,Unknown,All Students,0.0004957372592525962,0.8795749704840614,0.0004958957570675224,0.8186959414504331,0.000489843132163218,0.724753405354627,Jun-22,2022-07-22,1,Low Risk
2690013,The Bridge Academy District,Students With Disabilities,Students With Disabilities,6.196715740657451e-05,0.8276269185360094,7.458594720121273e-05,0.642714570858284,7.278793530136172e-05,0.6350399248473471,Jun-22,2022-07-22,0,Medium Risk
2690013,The Bridge Academy District,Free/Reduced Lunch,Free Meal Eligible,0.0002678580352413221,0.8453364817001181,0.00030842297085906885,0.7757817697937464,0.0003009879486786039,0.6946923438233918,Jun-22,2022-07-22,0,Medium Risk
2690013,The Bridge Academy District,Free/Reduced Lunch,Reduced Price Meal Eligible,2.9984108422536048e-05,0.8622589531680442,2.620587334096664e-05,0.8822355289421164,3.737758839799656e-05,0.7487083137623305,Jun-22,2022-07-22,1,Low Risk
2690013,The Bridge Academy District,Free/Reduced Lunch,Free/Reduced Price Meal Eligible,0.00033782095489390626,0.8484848484848482,0.0003749455724169072,0.793080505655356,0.0003777103669692284,0.7045561296383278,Jun-22,2022-07-22,0,Medium Risk
2690013,The Bridge Academy District,Race/Ethnicity,Black or African American,0.0002538654513108053,0.8937426210153485,0.00027213791546388426,0.8000665335994683,0.00024983966981818753,0.724753405354627,Jun-22,2022-07-22,1,Low Risk
2690013,The Bridge Academy District,Race/Ethnicity,Hispanic/Latino of any race,0.00019389723446573318,0.8638331365604093,0.00017537776774339208,0.8423153692614775,0.0001868879419899828,0.7195866604039454,Jun-22,2022-07-22,1,Low Risk
2690013,The Bridge Academy District,High Needs,Students Without High Needs,8.795338470610576e-05,0.9740259740259738,6.24909287361512e-05,0.9584165003326683,5.5082761849679146e-05,0.850164396430249,Jun-22,2022-07-22,1,Low Risk
2690013,The Bridge Academy District,High Needs,Students With High Needs,0.0003678050633164423,0.8500590318772137,0.00039308810011449947,0.7854291417165675,0.00039541554042091096,0.6975105683419454,Jun-22,2022-07-22,0,Medium Risk
2700013,Side By Side Charter School District,Unknown,All Students,0.0003817976472469591,0.9079102715466352,0.00035478720830847135,0.8263473053892216,0.00034033277857123184,0.8285580084546735,Jun-22,2022-07-22,1,Low Risk
2700013,Side By Side Charter School District,Students With Disabilities,Students With Disabilities,5.996821684507207e-06,0.8744588744588739,0.0,0.793080505655356,1.9672414946313974e-06,0.8262094880225455,Jun-22,2022-07-22,1,Low Risk
2700013,Side By Side Charter School District,Free/Reduced Lunch,Free Meal Eligible,0.00014992054211268027,0.9067296340023612,0.00012901353029398958,0.75249500998004,0.00014557587060272343,0.8412400187881639,Jun-22,2022-07-22,1,Low Risk
2700013,Side By Side Charter School District,Free/Reduced Lunch,Reduced Price Meal Eligible,3.997881123004802e-06,0.8185753640299089,2.822170975181022e-05,0.8316699933466403,7.868965978525596e-06,0.8318459370596525,Jun-22,2022-07-22,1,Low Risk
2700013,Side By Side Charter School District,Free/Reduced Lunch,Free/Reduced Price Meal Eligible,0.00019389723446573318,0.889807162534435,0.00019755196826267153,0.7754491017964074,0.000192789666473877,0.8393612024424613,Jun-22,2022-07-22,1,Low Risk
2700013,Side By Side Charter School District,English Learners,English Learners,2.398728673802884e-05,0.9449035812672175,1.6126691286748698e-05,0.6413838988689289,1.9672414946313974e-06,0.8482855800845464,Jun-22,2022-07-22,0,Medium Risk
2700013,Side By Side Charter School District,Race/Ethnicity,Black or African American,7.795868189859374e-05,0.9130263675718218,6.450676514699479e-05,0.8130405854956759,7.278793530136172e-05,0.8384217942696104,Jun-22,2022-07-22,1,Low Risk
2700013,Side By Side Charter School District,Race/Ethnicity,Hispanic/Latino of any race,0.00019189829390423073,0.9059425423061787,0.00018142527697592283,0.8243512974051899,0.00016524828554903743,0.8280883043682481,Jun-22,2022-07-22,1,Low Risk
2700013,Side By Side Charter School District,High Needs,Students Without High Needs,0.00011993643369014423,0.9232585596221958,9.676014772049219e-05,0.9161676646706591,8.852586725841292e-05,0.7975575387505875,Jun-22,2022-07-22,1,Low Risk
2700013,Side By Side Charter School District,High Needs,Students With High Needs,0.0002218824023267668,0.8976780794962611,0.00021771033237110742,0.7787757817697942,0.00021246208142019097,0.844527947393142,Jun-22,2022-07-22,1,Low Risk
2720013,Explorations District,Unknown,All Students,0.00013392901762066103,0.5745769382133021,0.00012296602106145883,0.6190951430472396,0.00012590345565640946,0.5702207609206198,Jun-22,2022-07-22,2,High Risk
2720013,Explorations District,Students With Disabilities,Students With Disabilities,7.995762246009612e-06,0.39000393545848144,1.8142527697592285e-05,0.569194943446441,1.7705173451682583e-05,0.49412869891968114,Jun-22,2022-07-22,2,High Risk
2720013,Explorations District,Free/Reduced Lunch,Free Meal Eligible,5.59703357220673e-05,0.49822904368358945,5.8459255914464035e-05,0.557218895542249,6.491896932283613e-05,0.5847815875998119,Jun-22,2022-07-22,2,High Risk
2720013,Explorations District,Free/Reduced Lunch,Free/Reduced Price Meal Eligible,7.396080077558894e-05,0.5261707988980717,7.257011079036914e-05,0.5944777112441786,7.868965978525592e-05,0.6190699859088777,Jun-22,2022-07-22,2,High Risk
2720013,Explorations District,Race/Ethnicity,White,0.0001059438497596274,0.6253443526170797,9.071263848796143e-05,0.6586826347305395,9.639483323693851e-05,0.6312822921559427,Jun-22,2022-07-22,0,Medium Risk
2720013,Explorations District,High Needs,Students Without High Needs,7.995762246009612e-06,0.7441951987406537,0.0006692576884000709,0.8356620093147042,0.0006767310741532008,0.7595115077501173,Jun-22,2022-07-22,0,Medium Risk
2720013,Explorations District,High Needs,Students With High Needs,8.395550358310096e-05,0.5120031483667846,0.0006692576884000709,0.8356620093147042,0.0006767310741532008,0.7595115077501173,Jun-22,2022-07-22,0,Medium Risk
2790013,Amistad Academy District,Unknown,All Students,0.0021448632224920793,0.661157024793388,0.0022214517247496333,0.8286759813705928,0.0020833087428146504,0.8031939877876937,Jun-22,2022-07-22,0,Medium Risk
2790013,Amistad Academy District,Students With Disabilities,Students With Disabilities,0.00015591736379718746,0.5950413223140494,0.00015925107645664338,0.7747837658017303,0.00012393621416177807,0.7059652418976041,Jun-22,2022-07-22,0,Medium Risk
2790013,Amistad Academy District,Free/Reduced Lunch,Free Meal Eligible,0.0012393431481314903,0.6131444313262491,0.0013546420680868906,0.7648037258815705,0.0013731345632527158,0.7811178957256928,Jun-22,2022-07-22,0,Medium Risk
2790013,Amistad Academy District,Free/Reduced Lunch,Reduced Price Meal Eligible,0.0001019459686366226,0.7536402990948448,0.0002056153139060459,0.9161676646706591,0.00013180518014030366,0.8243306716768437,Jun-22,2022-07-22,1,Low Risk
2790013,Amistad Academy District,Free/Reduced Lunch,Free/Reduced Price Meal Eligible,0.0013812679279981608,0.6273120818575362,0.0016005741102098083,0.7874251497005988,0.0015442845732856474,0.785814936589948,Jun-22,2022-07-22,0,Medium Risk
2790013,Amistad Academy District,English Learners,English Learners,0.0002238813428882692,0.7571822117276663,0.00016933025851086132,0.8619427811044584,0.00017311725152756302,0.8581493658994841,Jun-22,2022-07-22,1,Low Risk
2790013,Amistad Academy District,Race/Ethnicity,Black or African American,0.0012713261971155287,0.6458087367178278,0.0013566579044977344,0.8070525615435797,0.0012846086959943028,0.7994363550962893,Jun-22,2022-07-22,0,Medium Risk
2790013,Amistad Academy District,Race/Ethnicity,Hispanic/Latino of any race,0.0007496027105634014,0.6875245966155052,0.0007539228176555015,0.8679308050565537,0.0006846000401317263,0.8201033348990139,Jun-22,2022-07-22,0,Medium Risk
2790013,Amistad Academy District,High Needs,Students Without High Needs,0.000559703357220673,0.71900826446281,0.00048581657501330447,0.9381237524950103,0.00043279312881890753,0.8511038046030999,Jun-22,2022-07-22,1,Low Risk
2790013,Amistad Academy District,High Needs,Students With High Needs,0.0015371852917953485,0.6387249114521842,0.0016933025851086133,0.7954091816367272,0.0016111707841031148,0.7891028651949279,Jun-22,2022-07-22,0,Medium Risk
2800013,New Beginnings Inc Family Academy District,Unknown,All Students,0.000737609067194387,0.7674144037780399,0.0008264929284458707,0.3865602129075185,0.0007829621148632963,0.7501174260216068,Jun-22,2022-07-22,2,High Risk
2800013,New Beginnings Inc Family Academy District,Students With Disabilities,Students With Disabilities,1.9989405615024032e-05,0.7575757575757573,4.63642374494025e-05,0.3945442448436465,5.7050003344310544e-05,0.7397839361202445,Jun-22,2022-07-22,2,High Risk
2800013,New Beginnings Inc Family Academy District,Free/Reduced Lunch,Free Meal Eligible,0.0006356630985577643,0.7744982290436835,0.0005825767227337967,0.37890884896872956,0.0006236155537981531,0.749178017848755,Jun-22,2022-07-22,2,High Risk
2800013,New Beginnings Inc Family Academy District,Free/Reduced Lunch,Free/Reduced Price Meal Eligible,0.0006496556824882812,0.772924045651318,0.0006430518150591043,0.3732534930139728,0.0006944362476048834,0.7468294974166279,Jun-22,2022-07-22,2,High Risk
2800013,New Beginnings Inc Family Academy District,Race/Ethnicity,Black or African American,0.00038979340949296876,0.7988980716253442,0.00048581657501330447,0.4018629407850969,0.0004642689927330099,0.7651479567872244,Jun-22,2022-07-22,2,High Risk
2800013,New Beginnings Inc Family Academy District,Race/Ethnicity,Hispanic/Latino of any race,0.00028185061917183896,0.7201889020070835,0.00027616958828557145,0.3506320691949436,0.00023606897935576774,0.7209957726632226,Jun-22,2022-07-22,2,High Risk
2800013,New Beginnings Inc Family Academy District,High Needs,Students Without High Needs,3.7979870668545667e-05,0.7052341597796143,0.00012498185747230242,0.42781104457751207,3.9344829892627954e-05,0.785814936589948,Jun-22,2022-07-22,2,High Risk
2800013,New Beginnings Inc Family Academy District,High Needs,Students With High Needs,0.000653653563611286,0.7733175914994095,0.0006611943427566965,0.3769128409846978,0.0007042724550780404,0.745890089243777,Jun-22,2022-07-22,2,High Risk
2830013,Park City Prep Charter School District,Unknown,All Students,0.0006276673363117548,0.8819362455726094,0.0006430518150591043,0.7840984697272124,0.0006550914177122554,0.8074213245655244,Jun-22,2022-07-22,1,Low Risk
2830013,Park City Prep Charter School District,Students With Disabilities,Students With Disabilities,1.5991524492019223e-05,0.9244391971664698,2.2174200519279452e-05,0.7485029940119761,2.5574139430208172e-05,0.7017379051197752,Jun-22,2022-07-22,1,Low Risk
2830013,Park City Prep Charter School District,Free/Reduced Lunch,Free Meal Eligible,0.00039579023117747596,0.8760330578512394,0.00040719895499040457,0.7594810379241523,0.0004367276118081703,0.7975575387505875,Jun-22,2022-07-22,1,Low Risk
2830013,Park City Prep Charter School District,Free/Reduced Lunch,Reduced Price Meal Eligible,2.9984108422536048e-05,0.9303423848878389,3.426921898434099e-05,0.8559547571523622,5.7050003344310544e-05,0.8201033348990139,Jun-22,2022-07-22,1,Low Risk
2830013,Park City Prep Charter School District,Free/Reduced Lunch,Free/Reduced Price Meal Eligible,0.0004657531508300601,0.8835104289649744,0.0004817849021916173,0.7734530938123756,0.0005331224450451088,0.8013151714419919,Jun-22,2022-07-22,1,Low Risk
2830013,Park City Prep Charter School District,English Learners,English Learners,1.5991524492019223e-05,0.9177489177489178,1.8142527697592285e-05,0.8446440452428479,1.3770690462419788e-05,0.8125880695162051,Jun-22,2022-07-22,1,Low Risk
2830013,Park City Prep Charter School District,Race/Ethnicity,Black or African American,0.0002738548569258293,0.9079102715466352,0.0002741537518747278,0.7940785096473721,0.0002596758772913445,0.8294974166275253,Jun-22,2022-07-22,1,Low Risk
2830013,Park City Prep Charter School District,Race/Ethnicity,Hispanic/Latino of any race,0.0002518665107493029,0.8492719401810307,0.0002701220790530407,0.7608117099135066,0.0003009879486786039,0.7829967120713954,Jun-22,2022-07-22,0,Medium Risk
2830013,Park City Prep Charter School District,High Needs,Students Without High Needs,8.595444414460336e-05,0.8559622195985828,8.869680207711784e-05,0.8060545575515636,6.885345231209892e-05,0.8351338656646314,Jun-22,2022-07-22,1,Low Risk
2830013,Park City Prep Charter School District,High Needs,Students With High Needs,0.000499735140375601,0.887445887445887,0.0005140382847651147,0.7791084497671328,0.0005468931355075285,0.8022545796148428,Jun-22,2022-07-22,1,Low Risk
2850013,Achievement First Bridgeport Academy District,Unknown,All Students,0.00208689394620851,0.6202282565918931,0.0022154042155171022,0.8419827012641385,0.0020892104672985447,0.8111789572569288,Jun-22,2022-07-22,0,Medium Risk
2850013,Achievement First Bridgeport Academy District,Students With Disabilities,Students With Disabilities,0.00015191948267418267,0.5316804407713498,0.00017134609492170492,0.7831004657351968,0.0001711500100329316,0.7740723344293094,Jun-22,2022-07-22,0,Medium Risk
2850013,Achievement First Bridgeport Academy District,Free/Reduced Lunch,Free Meal Eligible,0.000995472399628197,0.5631641086186541,0.0013062619942266446,0.7997338656021293,0.0013042811109406167,0.792390793799906,Jun-22,2022-07-22,0,Medium Risk
2850013,Achievement First Bridgeport Academy District,Free/Reduced Lunch,Reduced Price Meal Eligible,8.395550358310096e-05,0.6981503345139712,0.00015118773081326903,0.8915502328675986,0.00014754311209735484,0.8459370596524192,Jun-22,2022-07-22,1,Low Risk
2850013,Achievement First Bridgeport Academy District,Free/Reduced Lunch,Free/Reduced Price Meal Eligible,0.001119406714441346,0.5777253049980322,0.0014977664532567854,0.8113772455089823,0.0014911690529305997,0.7989666510098639,Jun-22,2022-07-22,0,Medium Risk
2850013,Achievement First Bridgeport Academy District,English Learners,English Learners,0.00023387604569578125,0.6906729634002358,0.00021771033237110742,0.8323353293413178,0.0002459051868289247,0.8210427430718648,Jun-22,2022-07-22,0,Medium Risk
2850013,Achievement First Bridgeport Academy District,Race/Ethnicity,Black or African American,0.001099417308826322,0.6548602912239274,0.0011591059362350627,0.8526280771789758,0.001107556961477477,0.822451855331142,Jun-22,2022-07-22,0,Medium Risk
2850013,Achievement First Bridgeport Academy District,Race/Ethnicity,Hispanic/Latino of any race,0.0008735370253765504,0.5785123966942147,0.0009635698043832347,0.8280106453759148,0.0008911603970680231,0.7952090183184595,Jun-22,2022-07-22,0,Medium Risk
2850013,Achievement First Bridgeport Academy District,High Needs,Students Without High Needs,0.000747603770001899,0.669421487603306,0.0005483075037494557,0.9168330006653362,0.00043869485330280173,0.8449976514795683,Jun-22,2022-07-22,1,Low Risk
2850013,Achievement First Bridgeport Academy District,High Needs,Students With High Needs,0.001283319840484543,0.5954348681621413,0.0016207324743182441,0.8163672654690624,0.0016111707841031148,0.8013151714419919,Jun-22,2022-07-22,0,Medium Risk
2860013,Highville Charter School District,Unknown,All Students,0.0007695921161784254,0.6513183785911054,0.0006974793981518811,0.8559547571523622,0.0006905017646156205,0.7538750587130112,Jun-22,2022-07-22,0,Medium Risk
2860013,Highville Charter School District,Students With Disabilities,Students With Disabilities,2.798516786103365e-05,0.6422668240850058,4.031672821687174e-06,0.8752495009980041,7.868965978525596e-06,0.7242837012682006,Jun-22,2022-07-22,0,Medium Risk
2860013,Highville Charter School District,Free/Reduced Lunch,Free Meal Eligible,0.0004637542102685577,0.6052735143644234,0.00038300891806028155,0.8130405854956759,0.0003718086424853342,0.7200563644903717,Jun-22,2022-07-22,0,Medium Risk
2860013,Highville Charter School District,Free/Reduced Lunch,Reduced Price Meal Eligible,5.197245459906249e-05,0.6961826052735143,1.8142527697592285e-05,0.8193612774451102,5.114827886041634e-05,0.880225457961485,Jun-22,2022-07-22,0,Medium Risk
2860013,Highville Charter School District,Free/Reduced Lunch,Free/Reduced Price Meal Eligible,0.0005557054760976682,0.6190476190476191,0.0004414681739747456,0.814038589487692,0.00046230175123837845,0.7496477219351814,Jun-22,2022-07-22,0,Medium Risk
2860013,Highville Charter School District,Race/Ethnicity,Black or African American,0.0006496556824882812,0.6528925619834709,0.0006269251237723556,0.8529607451763144,0.0006295172782820473,0.7566932832315638,Jun-22,2022-07-22,0,Medium Risk
2860013,Highville Charter School District,Race/Ethnicity,Hispanic/Latino of any race,5.197245459906249e-05,0.6765053128689491,1.2095018465061523e-05,0.894544244843646,0.0006767310741532008,0.7595115077501173,Jun-22,2022-07-22,0,Medium Risk
2860013,Highville Charter School District,High Needs,Students Without High Needs,0.00014792160155117787,0.7308146399055491,0.00020158364108435872,0.935462408516301,0.00016918276853830023,0.7656176608736498,Jun-22,2022-07-22,1,Low Risk
2860013,Highville Charter School District,High Needs,Students With High Needs,0.0005736959411511899,0.6253443526170797,0.0004555790288506507,0.817365269461078,0.0004819741661846925,0.749178017848755,Jun-22,2022-07-22,0,Medium Risk
2880013,Achievement First Hartford Academy District,Unknown,All Students,0.0021368674602460697,0.6591892955529319,0.0022799109806640972,0.7215568862275457,0.0021915070250193773,0.8069516204790981,Jun-22,2022-07-22,0,Medium Risk
2880013,Achievement First Hartford Academy District,Students With Disabilities,Students With Disabilities,0.0001659120666046995,0.5859897678079493,0.00018545694979761002,0.703592814371258,0.0001849207004953514,0.7679661813057779,Jun-22,2022-07-22,0,Medium Risk
2880013,Achievement First Hartford Academy District,Free/Reduced Lunch,Free Meal Eligible,0.0013312944139606008,0.6139315230224325,0.0016046057830314954,0.6743180306054564,0.0016544500969850055,0.7895725692813524,Jun-22,2022-07-22,0,Medium Risk
2880013,Achievement First Hartford Academy District,Free/Reduced Lunch,Reduced Price Meal Eligible,8.395550358310096e-05,0.7949626131444312,0.00013506103952652034,0.817697937458417,7.672241829062451e-05,0.8924377642085481,Jun-22,2022-07-22,1,Low Risk
2880013,Achievement First Hartford Academy District,Free/Reduced Lunch,Free/Reduced Price Meal Eligible,0.0014552287287737497,0.6288862652499017,0.0017799835507748877,0.6882900864936801,0.001770517345168258,0.7961484264913103,Jun-22,2022-07-22,0,Medium Risk
2880013,Achievement First Hartford Academy District,English Learners,English Learners,5.996821684507211e-05,0.6410861865407322,9.877598413133578e-05,0.6862940785096479,9.04931087530443e-05,0.7829967120713954,Jun-22,2022-07-22,0,Medium Risk
2880013,Achievement First Hartford Academy District,Race/Ethnicity,Black or African American,0.0015491789351643628,0.6847697756788667,0.0016348433291941493,0.7498336660013312,0.0015757604371997498,0.829027712541099,Jun-22,2022-07-22,0,Medium Risk
2880013,Achievement First Hartford Academy District,Race/Ethnicity,Hispanic/Latino of any race,0.0004937383186910938,0.5820543093270367,0.0005483075037494557,0.651363938789089,0.0005213189960773203,0.7468294974166279,Jun-22,2022-07-22,0,Medium Risk
2880013,Achievement First Hartford Academy District,High Needs,Students Without High Needs,0.0005657001789051803,0.7256985438803616,0.00039711977293618666,0.8356620093147042,0.00033443105408733763,0.844527947393142,Jun-22,2022-07-22,0,Medium Risk
2880013,Achievement First Hartford Academy District,High Needs,Students With High Needs,0.0015231927078648315,0.6340023612750882,0.0018404586431001952,0.6949434464404525,0.0018177311410394117,0.7989666510098639,Jun-22,2022-07-22,0,Medium Risk
2890013,Elm City College Preparatory School District,Unknown,All Students,0.0014672223721427643,0.5993703266430539,0.001485671434791724,0.8223552894211581,0.001418381117629238,0.7942696101456086,Jun-22,2022-07-22,0,Medium Risk
2890013,Elm City College Preparatory School District,Students With Disabilities,Students With Disabilities,9.994702807512017e-05,0.45454545454545414,9.877598413133578e-05,0.6899534264803728,0.00010623104071009548,0.6683889149835602,Jun-22,2022-07-22,2,High Risk
2890013,Elm City College Preparatory School District,Free/Reduced Lunch,Free Meal Eligible,0.0008595444414460337,0.554899645808737,0.0009595381315615474,0.7741184298070531,0.0009442759174230708,0.7674964772193515,Jun-22,2022-07-22,0,Medium Risk
2890013,Elm City College Preparatory School District,Free/Reduced Lunch,Reduced Price Meal Eligible,4.1977751791550476e-05,0.6721763085399446,0.00010482349336386653,0.9294743845642053,4.7213795871153543e-05,0.859088774072335,Jun-22,2022-07-22,1,Low Risk
2890013,Elm City College Preparatory School District,Free/Reduced Lunch,Free/Reduced Price Meal Eligible,0.0009415010044676321,0.5651318378591106,0.0011046783531422858,0.793745841650034,0.0010308345431868525,0.7750117426021603,Jun-22,2022-07-22,0,Medium Risk
2890013,Elm City College Preparatory School District,English Learners,English Learners,8.595444414460336e-05,0.7725304998032274,5.039591027108969e-05,0.906520292747838,6.688621081746754e-05,0.8670737435415692,Jun-22,2022-07-22,1,Low Risk
2890013,Elm City College Preparatory School District,Race/Ethnicity,Black or African American,0.0009514957072751443,0.5667060212514761,0.0009696173136157655,0.7864271457085832,0.0009560793663908593,0.7787693752935656,Jun-22,2022-07-22,0,Medium Risk
2890013,Elm City College Preparatory School District,Race/Ethnicity,Hispanic/Latino of any race,0.0004197775179155048,0.6584022038567494,0.00041123062781209176,0.9021956087824354,0.0003600051935175458,0.8210427430718648,Jun-22,2022-07-22,0,Medium Risk
2890013,Elm City College Preparatory School District,High Needs,Students Without High Needs,0.0004117817556694952,0.6489571035025583,0.00029834378880485093,0.9121756487025952,0.0003009879486786039,0.8449976514795683,Jun-22,2022-07-22,0,Medium Risk
2890013,Elm City College Preparatory School District,High Needs,Students With High Needs,0.001015461805243221,0.5781188508461232,0.0011470109177700012,0.79707252162342,0.0010780483390580061,0.7787693752935656,Jun-22,2022-07-22,0,Medium Risk
2900013,Brass City Charter School District,Unknown,All Students,0.0005956842873277163,0.8008658008658012,0.0006047509232530761,0.7658017298735866,0.000529187962055846,0.7548144668858621,Jun-22,2022-07-22,0,Medium Risk
2900013,Brass City Charter School District,Students With Disabilities,Students With Disabilities,2.9984108422536048e-05,0.7831562377016921,2.620587334096664e-05,0.6962741184298076,1.1803448967788391e-05,0.7867543447627989,Jun-22,2022-07-22,0,Medium Risk
2900013,Brass City Charter School District,Free/Reduced Lunch,Free/Reduced Price Meal Eligible,0.00028984638141784855,0.7674144037780399,0.00030035962521569447,0.7155688622754495,0.00031082415615176086,0.7454203851573507,Jun-22,2022-07-22,0,Medium Risk
2900013,Brass City Charter School District,Race/Ethnicity,All other races,2.798516786103365e-05,0.8697363242817788,2.0158364108435872e-05,0.8656021290751834,9.836207473156994e-06,0.7618600281822454,Jun-22,2022-07-22,1,Low Risk
2900013,Brass City Charter School District,Race/Ethnicity,Black or African American,0.0001599152449201923,0.777646595828414,0.0001733619313325485,0.707584830339322,0.00016131380255977464,0.7444809769844998,Jun-22,2022-07-22,0,Medium Risk
2900013,Brass City Charter School District,Race/Ethnicity,Hispanic/Latino of any race,0.00028185061917183896,0.7937819756001572,0.00027616958828557145,0.7807717897538264,0.00022820001337724215,0.7571629873179901,Jun-22,2022-07-22,0,Medium Risk
2900013,Brass City Charter School District,Race/Ethnicity,White,5.996821684507207e-06,0.8539944903581267,1.411085487590511e-05,0.7940785096473721,1.1803448967788391e-05,0.7773602630342893,Jun-22,2022-07-22,1,Low Risk
2900013,Brass City Charter School District,High Needs,Students Without High Needs,0.0002238813428882692,0.8354978354978355,0.0002257736780144818,0.817697937458417,0.00016131380255977464,0.7585720995772665,Jun-22,2022-07-22,1,Low Risk
2900013,Brass City Charter School District,High Needs,Students With High Needs,0.0003258273115248918,0.7772530499803225,0.0003386605170217226,0.7288755821689961,0.00032852932960344343,0.7524659464537349,Jun-22,2022-07-22,0,Medium Risk
2910013,Elm City Montessori School District,Unknown,All Students,0.0003618082416319351,0.8925619834710745,0.00030842297085906885,0.8073852295409187,0.0002537741528074503,0.8144668858619069,Jun-22,2022-07-22,1,Low Risk
2910013,Elm City Montessori School District,Free/Reduced Lunch,Free/Reduced Price Meal Eligible,0.00011793749312864181,0.8044077134986223,0.00010280765695302294,0.6679973386560221,0.00010229655772083269,0.7844058243306717,Jun-22,2022-07-22,0,Medium Risk
2910013,Elm City Montessori School District,Race/Ethnicity,All other races,5.996821684507207e-06,0.9008264462809916,0.0006692576884000709,0.8356620093147042,0.0006767310741532008,0.7595115077501173,Jun-22,2022-07-22,1,Low Risk
2910013,Elm City Montessori School District,Race/Ethnicity,Black or African American,7.995762246009614e-05,0.8488783943329397,8.264929284458708e-05,0.7338656021290753,6.295172782820474e-05,0.810239549084077,Jun-22,2022-07-22,0,Medium Risk
2910013,Elm City Montessori School District,Race/Ethnicity,Hispanic/Latino of any race,6.596503852957932e-05,0.8961038961038961,0.0006692576884000709,0.8356620093147042,0.0006767310741532008,0.7595115077501173,Jun-22,2022-07-22,1,Low Risk
2910013,Elm City Montessori School District,Race/Ethnicity,White,8.995232526760816e-05,0.9271940181031089,6.853843796868196e-05,0.9078509647371926,6.098448633357334e-05,0.8407703147017385,Jun-22,2022-07-22,1,Low Risk
2910013,Elm City Montessori School District,High Needs,Students Without High Needs,0.00018390253165822114,0.9500196772924041,0.00014917189440242544,0.9045242847638062,9.83620747315699e-05,0.8496946923438236,Jun-22,2022-07-22,1,Low Risk
2910013,Elm City Montessori School District,High Needs,Students With High Needs,0.00013592795818216343,0.8170011806375443,0.00011893434823977164,0.6909514304723889,0.00011606724818325249,0.7839361202442463,Jun-22,2022-07-22,0,Medium Risk
2940013,Great Oaks Charter School District,Unknown,All Students,0.0011134098927568388,0.773711137347501,0.0012538502475447112,0.9218230206254163,0.0009600138493801221,0.7444809769844998,Jun-22,2022-07-22,1,Low Risk
2940013,Great Oaks Charter School District,Students With Disabilities,Students With Disabilities,0.00015391842323568506,0.6548602912239274,0.0001894886226192972,0.9138389886892888,0.00013770690462419784,0.7256928135274778,Jun-22,2022-07-22,0,Medium Risk
2940013,Great Oaks Charter School District,Free/Reduced Lunch,Free Meal Eligible,0.000539713951605649,0.7225501770956315,0.0006692576884000709,0.8356620093147042,0.0006452552102390984,0.721465476749648,Jun-22,2022-07-22,0,Medium Risk
2940013,Great Oaks Charter School District,Free/Reduced Lunch,Reduced Price Meal Eligible,5.39713951605649e-05,0.780007870916962,0.0006692576884000709,0.8356620093147042,5.114827886041634e-05,0.7501174260216068,Jun-22,2022-07-22,0,Medium Risk
2940013,Great Oaks Charter School District,Free/Reduced Lunch,Free/Reduced Price Meal Eligible,0.0006336641579962619,0.7308146399055491,0.0006692576884000709,0.8356620093147042,0.0007357483189921427,0.724753405354627,Jun-22,2022-07-22,0,Medium Risk
2940013,Great Oaks Charter School District,English Learners,English Learners,0.0001019459686366226,0.8272333726879184,0.00011691851182892804,0.9318030605455756,9.04931087530443e-05,0.7167684358853927,Jun-22,2022-07-22,1,Low Risk
2940013,Great Oaks Charter School District,Race/Ethnicity,Black or African American,0.0004797457347605769,0.777646595828414,0.0005765292135012659,0.9234863606121095,0.00042492416284038194,0.7548144668858621,Jun-22,2022-07-22,1,Low Risk
2940013,Great Oaks Charter School District,Race/Ethnicity,Hispanic/Latino of any race,0.0005317181893596394,0.7725304998032274,0.0005583866858036736,0.9184963406520299,0.0004209896798511191,0.7435415688116489,Jun-22,2022-07-22,1,Low Risk
2940013,Great Oaks Charter School District,High Needs,Students Without High Needs,0.0003158326087173798,0.8496654860291222,0.00023182118724701252,0.9364604125083171,0.00012196897266714666,0.8398309065288876,Jun-22,2022-07-22,1,Low Risk
2940013,Great Oaks Charter School District,High Needs,Students With High Needs,0.0007555995322479086,0.7410468319559227,0.000981712332080827,0.9178310046573523,0.0007987000468203475,0.7256928135274778,Jun-22,2022-07-22,1,Low Risk
2950013,Booker T. Washington Academy District,Unknown,All Students,0.0009375031233446273,0.7847304210940571,0.0009192214033446757,0.5708582834331342,0.0007573879754330881,0.7275716298731805,Jun-22,2022-07-22,0,Medium Risk
2950013,Booker T. Washington Academy District,Students With Disabilities,Students With Disabilities,2.798516786103365e-05,0.7874852420306966,3.2253382573497395e-05,0.4793745841650039,1.967241494631398e-05,0.714889619539691,Jun-22,2022-07-22,2,High Risk
2950013,Booker T. Washington Academy District,Free/Reduced Lunch,Free Meal Eligible,0.0005277203082366346,0.7359307359307357,0.0005039591027108968,0.4866932801064543,0.00039541554042091096,0.693752935650541,Jun-22,2022-07-22,2,High Risk
2950013,Booker T. Washington Academy District,Free/Reduced Lunch,Reduced Price Meal Eligible,0.0001699099477277043,0.8437622983077526,0.00017940944056507927,0.6287425149700603,0.00015541207807588043,0.7364960075152656,Jun-22,2022-07-22,0,Medium Risk
2950013,Booker T. Washington Academy District,Free/Reduced Lunch,Free/Reduced Price Meal Eligible,0.000737609067194387,0.7650531286894919,0.0007236852714928478,0.5279441117764474,0.0005901724483894193,0.7069046500704559,Jun-22,2022-07-22,0,Medium Risk
2950013,Booker T. Washington Academy District,English Learners,English Learners,9.994702807512016e-06,0.5820543093270367,4.031672821687174e-06,0.5472388556220893,1.1803448967788391e-05,0.6881164866134339,Jun-22,2022-07-22,2,High Risk
2950013,Booker T. Washington Academy District,Race/Ethnicity,Black or African American,0.0007735899973014302,0.8110979929161743,0.0007660178361205631,0.58183632734531,0.0006314845197766786,0.7332080789102866,Jun-22,2022-07-22,0,Medium Risk
2950013,Booker T. Washington Academy District,Race/Ethnicity,Hispanic/Latino of any race,9.794808751361778e-05,0.6245572609208971,8.466512925543065e-05,0.5269461077844313,6.491896932283613e-05,0.6899953029591366,Jun-22,2022-07-22,2,High Risk
2950013,Booker T. Washington Academy District,High Needs,Students Without High Needs,0.00013392901762066103,0.8929555293191651,0.00013506103952652034,0.7491683300066541,0.00010623104071009548,0.807891028651949,Jun-22,2022-07-22,1,Low Risk
2950013,Booker T. Washington Academy District,High Needs,Students With High Needs,0.0007595974133709134,0.7611176702085793,0.0007438436356012836,0.5309381237524953,0.0006118121048303646,0.709253170502584,Jun-22,2022-07-22,0,Medium Risk
2960013,Stamford Charter School for Excellence District,Unknown,All Students,0.0008135688085314783,0.8484848484848482,0.0007317486171362222,0.9504324683965408,0.0006137793463249961,0.822451855331142,Jun-22,2022-07-22,1,Low Risk
2960013,Stamford Charter School for Excellence District,Students With Disabilities,Students With Disabilities,2.398728673802884e-05,0.8240850059031875,1.411085487590511e-05,0.9454424484364607,5.901724483894192e-06,0.7736026303428849,Jun-22,2022-07-22,1,Low Risk
2960013,Stamford Charter School for Excellence District,Free/Reduced Lunch,Free Meal Eligible,0.0002998410842253606,0.8410074773711136,0.00034672386266509697,0.9221556886227549,0.0006767310741532008,0.7595115077501173,Jun-22,2022-07-22,1,Low Risk
2960013,Stamford Charter School for Excellence District,Free/Reduced Lunch,Reduced Price Meal Eligible,3.997881123004808e-05,0.8583234946871308,4.838007386024609e-05,0.9447771124417832,0.0006767310741532008,0.7595115077501173,Jun-22,2022-07-22,1,Low Risk
2960013,Stamford Charter School for Excellence District,Free/Reduced Lunch,Free/Reduced Price Meal Eligible,0.0003797987066854567,0.8441558441558441,0.0004354206647422148,0.9264803725881574,0.0002655776017752387,0.831376232973227,Jun-22,2022-07-22,1,Low Risk
2960013,Stamford Charter School for Excellence District,English Learners,English Learners,5.996821684507211e-05,0.9244391971664698,5.241174668193327e-05,0.9441117764471061,4.918103736578494e-05,0.8816345702207613,Jun-22,2022-07-22,1,Low Risk
2960013,Stamford Charter School for Excellence District,Race/Ethnicity,All other races,0.0002218824023267668,0.8150334513970878,0.00019755196826267153,0.9903526280771793,0.00014360862910809205,0.8205730389854393,Jun-22,2022-07-22,1,Low Risk
2960013,Stamford Charter School for Excellence District,Race/Ethnicity,Black or African American,0.00034581671713991585,0.8791814246359699,0.0003164863165024432,0.939121756487026,0.0002655776017752387,0.8248003757632691,Jun-22,2022-07-22,1,Low Risk
2960013,Stamford Charter School for Excellence District,High Needs,Students Without High Needs,0.00034581671713991585,0.8445493900039356,0.0002398845328903869,0.9906852960745178,0.0002734465677537643,0.8116486613433533,Jun-22,2022-07-22,1,Low Risk
2960013,Stamford Charter School for Excellence District,High Needs,Students With High Needs,0.0004237753990385096,0.8512396694214877,0.0004495315196181199,0.9281437125748506,0.0003009879486786039,0.8318459370596525,Jun-22,2022-07-22,1,Low Risk
2970013,Capital Preparatory Harbor School District,Unknown,All Students,0.001421246739228209,0.7674144037780399,0.00145543388862907,0.8373253493013975,0.001345593182327876,0.8271488961953972,Jun-22,2022-07-22,1,Low Risk
2970013,Capital Preparatory Harbor School District,Students With Disabilities,Students With Disabilities,0.00011194067144413462,0.7512790240062968,9.877598413133578e-05,0.8077178975382568,0.0001003293162262013,0.7815875998121182,Jun-22,2022-07-22,0,Medium Risk
2970013,Capital Preparatory Harbor School District,Free/Reduced Lunch,Free Meal Eligible,0.0007456048294403965,0.7536402990948448,0.000796255382283217,0.8037258815701933,0.0009206690194874941,0.8027242837012682,Jun-22,2022-07-22,0,Medium Risk
2970013,Capital Preparatory Harbor School District,Free/Reduced Lunch,Reduced Price Meal Eligible,9.395020639061298e-05,0.8095238095238098,9.676014772049219e-05,0.8725881570192948,6.491896932283613e-05,0.9126350399248473,Jun-22,2022-07-22,1,Low Risk
2970013,Capital Preparatory Harbor School District,Free/Reduced Lunch,Free/Reduced Price Meal Eligible,0.0008795338470610576,0.7619047619047619,0.0009333322582205808,0.813373253493014,0.0010249328187029584,0.813527477689056,Jun-22,2022-07-22,0,Medium Risk
2970013,Capital Preparatory Harbor School District,English Learners,English Learners,6.796397909108173e-05,0.8146399055489963,5.039591027108969e-05,0.8789088489687296,5.7050003344310544e-05,0.874589008924378,Jun-22,2022-07-22,1,Low Risk
2970013,Capital Preparatory Harbor School District,Race/Ethnicity,Black or African American,0.0009395020639061297,0.774104683195592,0.0009998548597784194,0.8373253493013975,0.0009403414344338082,0.8332550493189297,Jun-22,2022-07-22,1,Low Risk
2970013,Capital Preparatory Harbor School District,Race/Ethnicity,Hispanic/Latino of any race,0.00042777328016151443,0.7560015741833923,0.0003890564272928123,0.8356620093147042,0.00035410346903365163,0.8149365899483332,Jun-22,2022-07-22,1,Low Risk
2970013,Capital Preparatory Harbor School District,High Needs,Students Without High Needs,0.00040778387454649034,0.7768595041322315,0.0004172781370446226,0.8902195608782439,0.0002518069113128189,0.8727101925786762,Jun-22,2022-07-22,1,Low Risk
2970013,Capital Preparatory Harbor School District,High Needs,Students With High Needs,0.0009674872317671635,0.7634789452971269,0.0009938073505458885,0.813705921490353,0.0010544414411224293,0.8154062940347577,Jun-22,2022-07-22,0,Medium Risk
3360015,Unified School District #1,Unknown,All Students,0.00023987286738028844,0.949232585596222,0.00025802706058797916,0.8649367930805059,0.00025574139430208174,0.7595115077501173,Jun-22,2022-07-22,1,Low Risk
3360015,Unified School District #1,Students With Disabilities,Students With Disabilities,0.00012993113649765624,0.9354584809130264,0.0006692576884000709,0.8356620093147042,0.0006767310741532008,0.7595115077501173,Jun-22,2022-07-22,1,Low Risk
3360015,Unified School District #1,Free/Reduced Lunch,Free Meal Eligible,0.0001639131260431971,0.9382133018496654,0.00014917189440242544,0.8779108449767135,0.00025574139430208174,0.7595115077501173,Jun-22,2022-07-22,1,Low Risk
3360015,Unified School District #1,Free/Reduced Lunch,Free/Reduced Price Meal Eligible,0.0001679110071662019,0.9401810310901215,0.00015118773081326903,0.8789088489687296,0.00025574139430208174,0.7595115077501173,Jun-22,2022-07-22,1,Low Risk
3360015,Unified School District #1,Race/Ethnicity,Black or African American,0.0001019459686366226,0.9567099567099566,0.00011893434823977164,0.8752495009980041,0.00012393621416177807,0.7562235791451393,Jun-22,2022-07-22,1,Low Risk
3360015,Unified School District #1,Race/Ethnicity,Hispanic/Latino of any race,7.595974133709133e-05,0.9488390397481301,4.838007386024609e-05,0.829008649367931,6.098448633357334e-05,0.7355565993424147,Jun-22,2022-07-22,1,Low Risk
3470015,Unified School District #2,Unknown,All Students,0.00011593855256713941,0.8067689885871703,8.466512925543065e-05,0.9048569527611448,0.00011016552369935828,0.7952090183184595,Jun-22,2022-07-22,1,Low Risk
3470015,Unified School District #2,Free/Reduced Lunch,Free Meal Eligible,7.196186021408652e-05,0.8260527351436444,0.0006692576884000709,0.8356620093147042,0.00011016552369935828,0.7952090183184595,Jun-22,2022-07-22,1,Low Risk
3470015,Unified School District #2,Free/Reduced Lunch,Free/Reduced Price Meal Eligible,7.795868189859374e-05,0.8327430145611965,0.0006692576884000709,0.8356620093147042,0.00011016552369935828,0.7952090183184595,Jun-22,2022-07-22,1,Low Risk
3470015,Unified School District #2,Race/Ethnicity,Black or African American,0.0,0.7886658795749706,0.0006692576884000709,0.8356620093147042,0.0006767310741532008,0.7595115077501173,Jun-22,2022-07-22,1,Low Risk
3470015,Unified School District #2,Race/Ethnicity,White,2.598622729953124e-05,0.7882723337268791,1.2095018465061523e-05,0.8566200931470394,1.7705173451682583e-05,0.6416157820573041,Jun-22,2022-07-22,0,Medium Risk
9000016,Connecticut Technical Education and Career System,Unknown,All Students,0.022224221162783726,0.7213695395513575,0.02231530906803851,0.8113772455089823,0.02122260124408352,0.7557538750587129,Jun-22,2022-07-22,0,Medium Risk
9000016,Connecticut Technical Education and Career System,Homelessness,Students Experiencing Homelessness,1.3992583930516825e-05,0.0,0.0,0.4421157684630743,7.082069380673033e-05,0.47487083137623287,Jun-22,2022-07-22,2,High Risk
9000016,Connecticut Technical Education and Career System,Students With Disabilities,Students With Disabilities,0.003302249807601971,0.6961826052735143,0.0028382976664677708,0.8000665335994683,0.002313475997686524,0.745890089243777,Jun-22,2022-07-22,0,Medium Risk
9000016,Connecticut Technical Education and Career System,Free/Reduced Lunch,Free Meal Eligible,0.008317591676411502,0.7005116096025183,0.010560966956409552,0.7465069860279447,0.010204081632653059,0.721465476749648,Jun-22,2022-07-22,0,Medium Risk
9000016,Connecticut Technical Education and Career System,Free/Reduced Lunch,Reduced Price Meal Eligible,0.0016351333793089662,0.7296340023612751,0.0017114451128062056,0.8509647371922826,0.0016701880289420568,0.78252700798497,Jun-22,2022-07-22,0,Medium Risk
9000016,Connecticut Technical Education and Career System,Free/Reduced Lunch,Free/Reduced Price Meal Eligible,0.009992703866950517,0.7052341597796143,0.01231272879743263,0.7611443779108455,0.011913614491487744,0.730389854391734,Jun-22,2022-07-22,0,Medium Risk
9000016,Connecticut Technical Education and Career System,English Learners,English Learners,0.0009335052422216226,0.664305391578119,0.000868825493073586,0.7115768463073855,0.000885258672584129,0.7599812118365437,Jun-22,2022-07-22,0,Medium Risk
9000016,Connecticut Technical Education and Career System,Race/Ethnicity,All other races,0.0013652764035061416,0.7091696182605274,0.0012175651921495266,0.8067198935462412,0.0011823121382734702,0.749178017848755,Jun-22,2022-07-22,0,Medium Risk
9000016,Connecticut Technical Education and Career System,Race/Ethnicity,Black or African American,0.002574635443215096,0.6902794175521447,0.0025762389330581045,0.768463073852296,0.002453150143805353,0.7623297322686708,Jun-22,2022-07-22,0,Medium Risk
9000016,Connecticut Technical Education and Career System,Race/Ethnicity,Hispanic/Latino of any race,0.009303069373232187,0.6989374262101533,0.009133754777532293,0.7864271457085832,0.008583074641076788,0.7510568341944577,Jun-22,2022-07-22,0,Medium Risk
9000016,Connecticut Technical Education and Career System,Race/Ethnicity,White,0.008861303509140156,0.7563951200314833,0.00926679998064797,0.8483033932135728,0.008886029831250024,0.7599812118365437,Jun-22,2022-07-22,0,Medium Risk
9000016,Connecticut Technical Education and Career System,High Needs,Students Without High Needs,0.009956722936843474,0.7422274695001967,0.008325404376784014,0.8769128409846978,0.00793978667233232,0.7900422733677788,Jun-22,2022-07-22,1,Low Risk
9000016,Connecticut Technical Education and Career System,High Needs,Students With High Needs,0.012213526830779687,0.7048406139315233,0.013937492944572562,0.7717897538256824,0.013243469741858568,0.7355565993424147,Jun-22,2022-07-22,0,Medium Risk
9010022,Norwich Free Academy District,Unknown,All Students,0.004093830269956923,0.7036599763872493,0.004150607169926946,0.7045908183632736,0.004400719223490437,0.6801315171441997,Jun-22,2022-07-22,0,Medium Risk
9010022,Norwich Free Academy District,Students With Disabilities,Students With Disabilities,0.0004717499725145673,0.6052735143644234,0.00045356319243980707,0.4846972721224221,0.0004367276118081703,0.5584781587599812,Jun-22,2022-07-22,2,High Risk
9010022,Norwich Free Academy District,Free/Reduced Lunch,Free Meal Eligible,0.0016511249038009853,0.5950413223140494,0.0015360673450628135,0.5538922155688626,0.0018610104539213024,0.5899483325504935,Jun-22,2022-07-22,2,High Risk
9010022,Norwich Free Academy District,Free/Reduced Lunch,Reduced Price Meal Eligible,0.00033582201433240386,0.7725304998032274,0.00026205873340966635,0.7172322022621427,0.0003501689860443888,0.7468294974166279,Jun-22,2022-07-22,0,Medium Risk
9010022,Norwich Free Academy District,Free/Reduced Lunch,Free/Reduced Price Meal Eligible,0.0020269257293634374,0.6273120818575362,0.0018384428066893516,0.5801729873586168,0.002250524269858319,0.6171911695631751,Jun-22,2022-07-22,2,High Risk
9010022,Norwich Free Academy District,English Learners,English Learners,0.00035181353882442304,0.5619834710743801,0.0003285813349675047,0.4328010645375917,0.00039935002341017373,0.6308125880695163,Jun-22,2022-07-22,2,High Risk
9010022,Norwich Free Academy District,Race/Ethnicity,All other races,0.0004937383186910938,0.7489177489177488,0.0005341966488735506,0.7781104457751167,0.0006590259007015182,0.6806012212306252,Jun-22,2022-07-22,0,Medium Risk
9010022,Norwich Free Academy District,Race/Ethnicity,Black or African American,0.0005557054760976682,0.6914600550964187,0.0005402441581060813,0.6726546906187632,0.0006216483123035216,0.6914044152184129,Jun-22,2022-07-22,0,Medium Risk
9010022,Norwich Free Academy District,Race/Ethnicity,Hispanic/Latino of any race,0.0009474978261521395,0.5785123966942147,0.0008829363479494911,0.4913506320691954,0.0007278793530136171,0.5861906998590891,Jun-22,2022-07-22,2,High Risk
9010022,Norwich Free Academy District,Race/Ethnicity,White,0.0019769522153258775,0.7548209366391183,0.002072279830347208,0.78476380572189,0.002274131167793896,0.7069046500704559,Jun-22,2022-07-22,0,Medium Risk
9010022,Norwich Free Academy District,High Needs,Students Without High Needs,0.0016751121905390141,0.8095238095238098,0.001963424664161654,0.837990685296075,0.0019101914912870873,0.7534053546265858,Jun-22,2022-07-22,1,Low Risk
9010022,Norwich Free Academy District,High Needs,Students With High Needs,0.002270796477866731,0.6257378984651711,0.002100501540099018,0.5808383233532939,0.002451182902310722,0.6218882104274313,Jun-22,2022-07-22,2,High Risk
9020022,The Gilbert School District,Unknown,All Students,0.0008015751651624639,0.6883116883116887,0.0008567304746085246,0.8569527611443783,0.000885258672584129,0.7153593236261155,Jun-22,2022-07-22,0,Medium Risk
9020022,The Gilbert School District,Students With Disabilities,Students With Disabilities,8.995232526760816e-05,0.5974025974025974,0.00010280765695302294,0.7754491017964074,0.0001042637992154641,0.6279943635509628,Jun-22,2022-07-22,0,Medium Risk
9020022,The Gilbert School District,Free/Reduced Lunch,Free Meal Eligible,0.0002678580352413221,0.5879574970484058,0.00029431211598316374,0.788755821689954,0.00024983966981818753,0.6336308125880699,Jun-22,2022-07-22,0,Medium Risk
9020022,The Gilbert School District,Free/Reduced Lunch,Reduced Price Meal Eligible,4.797457347605768e-05,0.6375442739079102,3.830089180602815e-05,0.7947438456420493,5.7050003344310544e-05,0.6852982620948804,Jun-22,2022-07-22,0,Medium Risk
9020022,The Gilbert School District,Free/Reduced Lunch,Free/Reduced Price Meal Eligible,0.0003558114199474279,0.5989767807949624,0.00037292973600606364,0.7897538256819696,0.00034623450305512604,0.6467825270079857,Jun-22,2022-07-22,0,Medium Risk
9020022,The Gilbert School District,Race/Ethnicity,Hispanic/Latino of any race,0.00013392901762066103,0.6233766233766231,0.00010683932977471013,0.8077178975382568,0.00011410000668862107,0.6524189760450918,Jun-22,2022-07-22,0,Medium Risk
9020022,The Gilbert School District,Race/Ethnicity,White,0.0005137277243061178,0.7020857929948838,0.000590640068377171,0.8765801729873592,0.0005960741728733135,0.7238139971817761,Jun-22,2022-07-22,0,Medium Risk
9020022,The Gilbert School District,High Needs,Students Without High Needs,0.00033782095489390626,0.7890594254230616,0.0003628505539518457,0.9304723885562214,0.00043869485330280173,0.7731329262564586,Jun-22,2022-07-22,1,Low Risk
9020022,The Gilbert School District,High Needs,Students With High Needs,0.0004157796367925,0.607634789452971,0.00043945233756390197,0.7980705256154361,0.0004072189893886994,0.6519492719586664,Jun-22,2022-07-22,0,Medium Risk
9030022,The Woodstock Academy District,Unknown,All Students,0.0020788981839624998,0.8406139315230221,0.0020682481575255204,0.9005322687957422,0.002150194953632118,0.7515265382808831,Jun-22,2022-07-22,1,Low Risk
9030022,The Woodstock Academy District,Students With Disabilities,Students With Disabilities,0.000103944909198125,0.7965367965367967,9.877598413133578e-05,0.8000665335994683,8.45913842691501e-05,0.5575387505871303,Jun-22,2022-07-22,0,Medium Risk
9030022,The Woodstock Academy District,Free/Reduced Lunch,Free Meal Eligible,5.996821684507207e-06,0.5218417945690672,0.0006692576884000709,0.8356620093147042,4.327931288189075e-05,0.5035227806481926,Jun-22,2022-07-22,0,Medium Risk
9030022,The Woodstock Academy District,Free/Reduced Lunch,Free/Reduced Price Meal Eligible,5.996821684507207e-06,0.5218417945690672,0.0006692576884000709,0.8356620093147042,4.327931288189075e-05,0.5035227806481926,Jun-22,2022-07-22,0,Medium Risk
9030022,The Woodstock Academy District,Race/Ethnicity,All other races,0.00013193007705915863,0.8819362455726094,0.00014312438516989468,0.9208250166334002,0.00020852759843092815,0.8774072334429315,Jun-22,2022-07-22,1,Low Risk
9030022,The Woodstock Academy District,Race/Ethnicity,White,0.0017610666346836177,0.8406139315230221,0.0017719202051315133,0.8998669328010651,0.001780353552641415,0.7355565993424147,Jun-22,2022-07-22,1,Low Risk
9030022,The Woodstock Academy District,High Needs,Students Without High Needs,0.001857015781635733,0.8524203069657617,0.0018807753713170668,0.9098469727212248,0.0019456018381904523,0.7726632221700331,Jun-22,2022-07-22,1,Low Risk
9030022,The Woodstock Academy District,High Needs,Students With High Needs,0.00014592266098967547,0.7434081070444707,0.00011893434823977164,0.8013972055888225,0.00016524828554903743,0.5462658525129171,Jun-22,2022-07-22,0,Medium Risk
